// TMC bottom-screen Chinese bitmap font.
// Shared glyphs are derived from the zelda-alttp-3ds-cn second-screen font;
// extra TMC-only characters are rasterized locally at 12x12.
#pragma once
#include <stdint.h>

#define TMC_CN_PX 12
#define TMC_CN_COLS 16
#define TMC_CN_ROWS ((TMC_CN_COUNT + TMC_CN_COLS - 1) / TMC_CN_COLS)
#define TMC_CN_COUNT 199

static const uint16_t kTmcCnCell[TMC_CN_COUNT] = {
  0x88c5, 0x5907, 0x5730, 0x56fe, 0x7269, 0x54c1, 0x74f6, 0x5b50, 0x540a, 0x5760, 0x6c34, 0x6676, 0x8bbe, 0x7f6e, 0x5c4f, 0x5e55,
  0x6da1, 0x8f6e, 0x901f, 0x5ea6, 0x91cd, 0x6620, 0x5c04, 0x6309, 0x952e, 0x5f00, 0x53d1, 0x8005, 0x542f, 0x9009, 0x62e9, 0x5361,
  0x5e26, 0x8fd4, 0x56de, 0x663e, 0x793a, 0x6a21, 0x5f0f, 0x5bbd, 0x539f, 0x59cb, 0x62c9, 0x4f38, 0x8fb9, 0x7f18, 0x6807, 0x51c6,
  0x56fa, 0x5b9a, 0x955c, 0x5934, 0x7f29, 0x653e, 0x90e8, 0x5173, 0x66f4, 0x591a, 0x4e0a, 0x4e0b, 0x5de6, 0x53f3, 0x5185, 0x5b58,
  0x8f6c, 0x50a8, 0x53e0, 0x52a0, 0x6253, 0x5199, 0x5b8c, 0x62ac, 0x6d77, 0x9c81, 0x57ce, 0x5821, 0x4e1c, 0x65b9, 0x795e, 0x6bbf,
  0x6c99, 0x6f20, 0x6697, 0x4e4b, 0x8d6b, 0x5854, 0x7960, 0x5802, 0x9aa8, 0x68ee, 0x76d7, 0x8d3c, 0x6751, 0x51b0, 0x6076, 0x9b54,
  0x6cbc, 0x4e4c, 0x9f9f, 0x5ca9, 0x4fac, 0x697c, 0x9053, 0x7248, 0x672c, 0x673a, 0x578b, 0x5e27, 0x7387, 0x73b0, 0x5747, 0x6838,
  0x5fc3, 0x623f, 0x95f4, 0x5757, 0x65b0, 0x65e7, 0x684c, 0x9762, 0x5f53, 0x524d, 0x5e73, 0x4e22, 0x4e3e, 0x4ea4, 0x4efb, 0x4fdd,
  0x50cf, 0x5165, 0x519b, 0x52a1, 0x52a8, 0x533a, 0x5357, 0x5370, 0x53d6, 0x53d8, 0x5792, 0x57df, 0x5927, 0x5976, 0x5bab, 0x5c0f,
  0x5c42, 0x5f69, 0x6001, 0x620f, 0x6210, 0x6293, 0x6295, 0x6362, 0x63a8, 0x63b7, 0x660f, 0x666f, 0x677f, 0x6797, 0x67e5, 0x6821,
  0x6848, 0x68c0, 0x6b63, 0x6bd4, 0x6cb9, 0x6d1e, 0x6d88, 0x6e38, 0x6eda, 0x6ef4, 0x706b, 0x7130, 0x72b6, 0x7528, 0x77f3, 0x7a9f,
  0x7d20, 0x7ee7, 0x7eed, 0x7f8e, 0x7ffb, 0x80cc, 0x81ea, 0x8272, 0x84dd, 0x85cf, 0x8bfb, 0x8c08, 0x8d77, 0x8fdb, 0x91cf, 0x95ed,
  0x9605, 0x968f, 0x9690, 0x97f3, 0x98ce, 0x9ad8, 0x9ed1,
};

static const uint32_t kTmcCnGlyph[TMC_CN_COUNT * TMC_CN_PX * TMC_CN_PX] = {
  0xffebebeb, 0x00ebebeb, 0x00ebebeb, 0xffebebeb, 0x00ebebeb, 0x00ebebeb, 0x00ebebeb, 0xffebebeb, 0x00ebebeb, 0x00ebebeb, 0x00ebebeb, 0x00ebebeb,
  0x00ebebeb, 0x00ebebeb, 0x00ebebeb, 0xffebebeb, 0x00ebebeb, 0x00ebebeb, 0x00ebebeb, 0x00ebebeb, 0x00ebebeb, 0x00ebebeb, 0x00ebebeb, 0x00ebebeb,
  0x00ebebeb, 0xffebebeb, 0x00ebebeb, 0x00ebebeb, 0x00ebebeb, 0x00ebebeb, 0x00ebebeb, 0xffebebeb, 0x00ebebeb, 0x00ebebeb, 0x00ebebeb, 0x00ebebeb,
  0xffebebeb, 0xffebebeb, 0xffebebeb, 0xffebebeb, 0xffebebeb, 0xffebebeb, 0xffebebeb, 0xffebebeb, 0xffebebeb, 0xffebebeb, 0xffebebeb, 0x00ebebeb,
  0x00ebebeb, 0x00ebebeb, 0xffebebeb, 0x00ebebeb, 0x00ebebeb, 0xffebebeb, 0x00ebebeb, 0x00ebebeb, 0x00ebebeb, 0x00ebebeb, 0x00ebebeb, 0x00ebebeb,
  0x00ebebeb, 0x00ebebeb, 0xffebebeb, 0xffebebeb, 0xffebebeb, 0xffebebeb, 0xffebebeb, 0xffebebeb, 0xffebebeb, 0x00ebebeb, 0x00ebebeb, 0x00ebebeb,
  0xffebebeb, 0x00ebebeb, 0x00ebebeb, 0x00ebebeb, 0xffebebeb, 0x00ebebeb, 0xffebebeb, 0xffebebeb, 0xffebebeb, 0xffebebeb, 0xffebebeb, 0x00ebebeb,
  0x00ebebeb, 0xffebebeb, 0xffebebeb, 0xffebebeb, 0xffebebeb, 0xffebebeb, 0xffebebeb, 0xffebebeb, 0xffebebeb, 0x00ebebeb, 0x00ebebeb, 0x00ebebeb,
  0x00ebebeb, 0xffebebeb, 0xffebebeb, 0xffebebeb, 0xffebebeb, 0xffebebeb, 0xffebebeb, 0xffebebeb, 0xffebebeb, 0xffebebeb, 0x00ebebeb, 0x00ebebeb,
  0xffebebeb, 0xffebebeb, 0xffebebeb, 0xffebebeb, 0x00ebebeb, 0x00ebebeb, 0x00ebebeb, 0xffebebeb, 0x00ebebeb, 0x00ebebeb, 0x00ebebeb, 0x00ebebeb,
  0x00ebebeb, 0x00ebebeb, 0x00ebebeb, 0x00ebebeb, 0x00ebebeb, 0xffebebeb, 0x00ebebeb, 0x00ebebeb, 0x00ebebeb, 0x00ebebeb, 0x00ebebeb, 0x00ebebeb,
  0x00ebebeb, 0x00ebebeb, 0xffebebeb, 0xffebebeb, 0xffebebeb, 0xffebebeb, 0xffebebeb, 0xffebebeb, 0xffebebeb, 0x00ebebeb, 0x00ebebeb, 0x00ebebeb,
  0xffebebeb, 0x00ebebeb, 0x00ebebeb, 0x00ebebeb, 0x00ebebeb, 0xffebebeb, 0xffebebeb, 0xffebebeb, 0xffebebeb, 0x00ebebeb, 0x00ebebeb, 0x00ebebeb,
  0xffebebeb, 0xffebebeb, 0xffebebeb, 0xffebebeb, 0xffebebeb, 0xffebebeb, 0xffebebeb, 0xffebebeb, 0xffebebeb, 0xffebebeb, 0xffebebeb, 0x00ebebeb,
  0x00ebebeb, 0xffebebeb, 0xffebebeb, 0xffebebeb, 0xffebebeb, 0xffebebeb, 0xffebebeb, 0xffebebeb, 0xffebebeb, 0xffebebeb, 0xffebebeb, 0x00ebebeb,
  0x00ebebeb, 0x00ebebeb, 0x00ebebeb, 0xffebebeb, 0x00ebebeb, 0x00ebebeb, 0x00ebebeb, 0xffebebeb, 0x00ebebeb, 0x00ebebeb, 0x00ebebeb, 0x00ebebeb,
  0x00ebebeb, 0xffebebeb, 0x00ebebeb, 0xffebebeb, 0xffebebeb, 0xffebebeb, 0xffebebeb, 0xffebebeb, 0xffebebeb, 0xffebebeb, 0xffebebeb, 0x00ebebeb,
  0x00ebebeb, 0x00ebebeb, 0xffebebeb, 0xffebebeb, 0xffebebeb, 0xffebebeb, 0xffebebeb, 0xffebebeb, 0xffebebeb, 0x00ebebeb, 0x00ebebeb, 0x00ebebeb,
  0x00ebebeb, 0xffebebeb, 0x00ebebeb, 0x00ebebeb, 0xffebebeb, 0x00ebebeb, 0x00ebebeb, 0xffebebeb, 0x00ebebeb, 0x00ebebeb, 0x00ebebeb, 0x00ebebeb,
  0xffebebeb, 0x00ebebeb, 0x00ebebeb, 0x00ebebeb, 0xffebebeb, 0x00ebebeb, 0x00ebebeb, 0x00ebebeb, 0x00ebebeb, 0x00ebebeb, 0xffebebeb, 0x00ebebeb,
  0xffebebeb, 0x00ebebeb, 0xffebebeb, 0x00ebebeb, 0x00ebebeb, 0xffebebeb, 0x00ebebeb, 0x00ebebeb, 0x00ebebeb, 0x00ebebeb, 0x00ebebeb, 0x00ebebeb,
  0x00ebebeb, 0x00ebebeb, 0xffebebeb, 0x00ebebeb, 0x00ebebeb, 0x00ebebeb, 0x00ebebeb, 0x00ebebeb, 0xffebebeb, 0x00ebebeb, 0x00ebebeb, 0x00ebebeb,
  0x00ebebeb, 0xffebebeb, 0x00ebebeb, 0xffebebeb, 0x00ebebeb, 0x00ebebeb, 0x00ebebeb, 0xffebebeb, 0x00ebebeb, 0x00ebebeb, 0x00ebebeb, 0x00ebebeb,
  0x00ebebeb, 0x00ebebeb, 0x00ebebeb, 0x00ebebeb, 0x00ebebeb, 0x00ebebeb, 0x00ebebeb, 0x00ebebeb, 0xffebebeb, 0x00ebebeb, 0x00ebebeb, 0x00ebebeb,
  0x00ebebeb, 0xffebebeb, 0x00ebebeb, 0x00ebebeb, 0x00ebebeb, 0x00ebebeb, 0x00ebebeb, 0x00ebebeb, 0x00ebebeb, 0xffebebeb, 0x00ebebeb, 0x00ebebeb,
  0xffebebeb, 0x00ebebeb, 0x00ebebeb, 0xffebebeb, 0x00ebebeb, 0x00ebebeb, 0x00ebebeb, 0xffebebeb, 0x00ebebeb, 0x00ebebeb, 0x00ebebeb, 0x00ebebeb,
  0x00ebebeb, 0x00ebebeb, 0x00ebebeb, 0x00ebebeb, 0x00ebebeb, 0xffebebeb, 0x00ebebeb, 0x00ebebeb, 0x00ebebeb, 0x00ebebeb, 0x00ebebeb, 0x00ebebeb,
  0x00ebebeb, 0x00ebebeb, 0xffebebeb, 0x00ebebeb, 0x00ebebeb, 0x00ebebeb, 0x00ebebeb, 0x00ebebeb, 0xffebebeb, 0x00ebebeb, 0x00ebebeb, 0x00ebebeb,
  0x00ebebeb, 0xffebebeb, 0x00ebebeb, 0x00ebebeb, 0x00ebebeb, 0xffebebeb, 0x00ebebeb, 0x00ebebeb, 0xffebebeb, 0x00ebebeb, 0x00ebebeb, 0x00ebebeb,
  0xffebebeb, 0x00ebebeb, 0x00ebebeb, 0xffebebeb, 0x00ebebeb, 0x00ebebeb, 0x00ebebeb, 0xffebebeb, 0x00ebebeb, 0x00ebebeb, 0xffebebeb, 0x00ebebeb,
  0x00ebebeb, 0xffebebeb, 0x00ebebeb, 0x00ebebeb, 0x00ebebeb, 0x00ebebeb, 0x00ebebeb, 0x00ebebeb, 0x00ebebeb, 0x00ebebeb, 0xffebebeb, 0x00ebebeb,
  0xffebebeb, 0xffebebeb, 0xffebebeb, 0xffebebeb, 0xffebebeb, 0xffebebeb, 0xffebebeb, 0xffebebeb, 0xffebebeb, 0xffebebeb, 0xffebebeb, 0x00ebebeb,
  0x00ebebeb, 0x00ebebeb, 0x00ebebeb, 0xffebebeb, 0x00ebebeb, 0x00ebebeb, 0x00ebebeb, 0xffebebeb, 0x00ebebeb, 0x00ebebeb, 0x00ebebeb, 0x00ebebeb,
  0xffebebeb, 0xffebebeb, 0x00ebebeb, 0xffebebeb, 0x00ebebeb, 0x00ebebeb, 0x00ebebeb, 0xffebebeb, 0x00ebebeb, 0x00ebebeb, 0x00ebebeb, 0x00ebebeb,
  0x00ebebeb, 0xffebebeb, 0x00ebebeb, 0x00ebebeb, 0xffebebeb, 0x00ebebeb, 0x00ebebeb, 0xffebebeb, 0x00ebebeb, 0xffebebeb, 0xffebebeb, 0x00ebebeb,
  0xffebebeb, 0x00ebebeb, 0x00ebebeb, 0x00ebebeb, 0xffebebeb, 0xffebebeb, 0xffebebeb, 0xffebebeb, 0x00ebebeb, 0x00ebebeb, 0xffebebeb, 0x00ebebeb,
  0xffebebeb, 0xffebebeb, 0xffebebeb, 0xffebebeb, 0x00ebebeb, 0xffebebeb, 0xffebebeb, 0xffebebeb, 0xffebebeb, 0xffebebeb, 0xffebebeb, 0x00ebebeb,
  0x00ebebeb, 0x00ebebeb, 0xffebebeb, 0x00ebebeb, 0x00ebebeb, 0x00ebebeb, 0x00ebebeb, 0x00ebebeb, 0xffebebeb, 0x00ebebeb, 0x00ebebeb, 0x00ebebeb,
  0xffebebeb, 0xffebebeb, 0xffebebeb, 0xffebebeb, 0xffebebeb, 0x00ebebeb, 0x00ebebeb, 0xffebebeb, 0x00ebebeb, 0x00ebebeb, 0x00ebebeb, 0x00ebebeb,
  0x00ebebeb, 0x00ebebeb, 0x00ebebeb, 0x00ebebeb, 0x00ebebeb, 0x00ebebeb, 0x00ebebeb, 0xffebebeb, 0x00ebebeb, 0x00ebebeb, 0x00ebebeb, 0x00ebebeb,
  0x00ebebeb, 0xffebebeb, 0x00ebebeb, 0x00ebebeb, 0x00ebebeb, 0x00ebebeb, 0x00ebebeb, 0x00ebebeb, 0x00ebebeb, 0xffebebeb, 0x00ebebeb, 0x00ebebeb,
  0xffebebeb, 0x00ebebeb, 0xffebebeb, 0x00ebebeb, 0x00ebebeb, 0x00ebebeb, 0x00ebebeb, 0xffebebeb, 0x00ebebeb, 0x00ebebeb, 0x00ebebeb, 0x00ebebeb,
  0x00ebebeb, 0x00ebebeb, 0x00ebebeb, 0x00ebebeb, 0x00ebebeb, 0xffebebeb, 0x00ebebeb, 0x00ebebeb, 0x00ebebeb, 0x00ebebeb, 0xffebebeb, 0x00ebebeb,
  0x00ebebeb, 0x00ebebeb, 0xffebebeb, 0xffebebeb, 0xffebebeb, 0xffebebeb, 0xffebebeb, 0xffebebeb, 0xffebebeb, 0x00ebebeb, 0x00ebebeb, 0x00ebebeb,
  0x00ebebeb, 0x00ebebeb, 0x00ebebeb, 0x00ebebeb, 0x00ebebeb, 0xffebebeb, 0x00ebebeb, 0x00ebebeb, 0xffebebeb, 0x00ebebeb, 0x00ebebeb, 0x00ebebeb,
  0xffebebeb, 0xffebebeb, 0xffebebeb, 0xffebebeb, 0xffebebeb, 0xffebebeb, 0xffebebeb, 0xffebebeb, 0xffebebeb, 0xffebebeb, 0xffebebeb, 0x00ebebeb,
  0x00ebebeb, 0xffebebeb, 0xffebebeb, 0xffebebeb, 0xffebebeb, 0xffebebeb, 0xffebebeb, 0xffebebeb, 0xffebebeb, 0xffebebeb, 0xffebebeb, 0x00ebebeb,
  0x00ebebeb, 0x00ebebeb, 0x00ebebeb, 0xffebebeb, 0x00ebebeb, 0x00ebebeb, 0x00ebebeb, 0xffebebeb, 0x00ebebeb, 0x00ebebeb, 0x00ebebeb, 0x00ebebeb,
  0x00ebebeb, 0x00ebebeb, 0xffebebeb, 0xffebebeb, 0x00ebebeb, 0x00ebebeb, 0x00ebebeb, 0xffebebeb, 0x00ebebeb, 0x00ebebeb, 0x00ebebeb, 0x00ebebeb,
  0x00ebebeb, 0x00ebebeb, 0x00ebebeb, 0x00ebebeb, 0xffebebeb, 0xffebebeb, 0xffebebeb, 0x00ebebeb, 0x00ebebeb, 0x00ebebeb, 0x00ebebeb, 0x00ebebeb,
  0xffebebeb, 0xffebebeb, 0xffebebeb, 0x00ebebeb, 0xffebebeb, 0x00ebebeb, 0xffebebeb, 0xffebebeb, 0xffebebeb, 0x00ebebeb, 0xffebebeb, 0x00ebebeb,
  0xffebebeb, 0x00ebebeb, 0xffebebeb, 0xffebebeb, 0x00ebebeb, 0x00ebebeb, 0x00ebebeb, 0xffebebeb, 0x00ebebeb, 0x00ebebeb, 0xffebebeb, 0x00ebebeb,
  0xffebebeb, 0x00ebebeb, 0xffebebeb, 0x00ebebeb, 0xffebebeb, 0x00ebebeb, 0xffebebeb, 0x00ebebeb, 0xffebebeb, 0x00ebebeb, 0xffebebeb, 0x00ebebeb,
  0x00ebebeb, 0x00ebebeb, 0xffebebeb, 0x00ebebeb, 0x00ebebeb, 0x00ebebeb, 0x00ebebeb, 0x00ebebeb, 0xffebebeb, 0x00ebebeb, 0x00ebebeb, 0x00ebebeb,
  0x00ebebeb, 0xffebebeb, 0x00ebebeb, 0xffebebeb, 0x00ebebeb, 0x00ebebeb, 0x00ebebeb, 0xffebebeb, 0xffebebeb, 0xffebebeb, 0x00ebebeb, 0x00ebebeb,
  0x00ebebeb, 0x00ebebeb, 0x00ebebeb, 0x00ebebeb, 0x00ebebeb, 0x00ebebeb, 0xffebebeb, 0x00ebebeb, 0x00ebebeb, 0x00ebebeb, 0x00ebebeb, 0x00ebebeb,
  0x00ebebeb, 0xffebebeb, 0xffebebeb, 0xffebebeb, 0xffebebeb, 0xffebebeb, 0xffebebeb, 0xffebebeb, 0xffebebeb, 0xffebebeb, 0x00ebebeb, 0x00ebebeb,
  0xffebebeb, 0x00ebebeb, 0x00ebebeb, 0xffebebeb, 0x00ebebeb, 0x00ebebeb, 0xffebebeb, 0x00ebebeb, 0xffebebeb, 0x00ebebeb, 0x00ebebeb, 0x00ebebeb,
  0xffebebeb, 0xffebebeb, 0xffebebeb, 0xffebebeb, 0x00ebebeb, 0xffebebeb, 0xffebebeb, 0x00ebebeb, 0x00ebebeb, 0xffebebeb, 0x00ebebeb, 0x00ebebeb,
  0x00ebebeb, 0x00ebebeb, 0xffebebeb, 0x00ebebeb, 0x00ebebeb, 0x00ebebeb, 0x00ebebeb, 0x00ebebeb, 0xffebebeb, 0x00ebebeb, 0x00ebebeb, 0x00ebebeb,
  0x00ebebeb, 0x00ebebeb, 0x00ebebeb, 0x00ebebeb, 0x00ebebeb, 0xffebebeb, 0x00ebebeb, 0x00ebebeb, 0xffebebeb, 0x00ebebeb, 0x00ebebeb, 0x00ebebeb,
  0x00ebebeb, 0x00ebebeb, 0x00ebebeb, 0x00ebebeb, 0x00ebebeb, 0xffebebeb, 0x00ebebeb, 0x00ebebeb, 0x00ebebeb, 0x00ebebeb, 0x00ebebeb, 0x00ebebeb,
  0x00ebebeb, 0xffebebeb, 0x00ebebeb, 0x00ebebeb, 0xffebebeb, 0x00ebebeb, 0x00ebebeb, 0x00ebebeb, 0x00ebebeb, 0xffebebeb, 0x00ebebeb, 0x00ebebeb,
  0x00ebebeb, 0xffebebeb, 0xffebebeb, 0xffebebeb, 0xffebebeb, 0xffebebeb, 0xffebebeb, 0xffebebeb, 0xffebebeb, 0xffebebeb, 0x00ebebeb, 0x00ebebeb,
  0xffebebeb, 0xffebebeb, 0x00ebebeb, 0xffebebeb, 0x00ebebeb, 0xffebebeb, 0xffebebeb, 0xffebebeb, 0xffebebeb, 0xffebebeb, 0x00ebebeb, 0x00ebebeb,
  0x00ebebeb, 0x00ebebeb, 0xffebebeb, 0xffebebeb, 0x00ebebeb, 0x00ebebeb, 0x00ebebeb, 0xffebebeb, 0xffebebeb, 0x00ebebeb, 0x00ebebeb, 0x00ebebeb,
  0x00ebebeb, 0xffebebeb, 0x00ebebeb, 0xffebebeb, 0xffebebeb, 0xffebebeb, 0x00ebebeb, 0xffebebeb, 0x00ebebeb, 0x00ebebeb, 0xffebebeb, 0x00ebebeb,
  0xffebebeb, 0x00ebebeb, 0x00ebebeb, 0x00ebebeb, 0xffebebeb, 0xffebebeb, 0xffebebeb, 0x00ebebeb, 0x00ebebeb, 0x00ebebeb, 0xffebebeb, 0x00ebebeb,
  0x00ebebeb, 0x00ebebeb, 0xffebebeb, 0x00ebebeb, 0x00ebebeb, 0x00ebebeb, 0xffebebeb, 0x00ebebeb, 0xffebebeb, 0x00ebebeb, 0xffebebeb, 0x00ebebeb,
  0x00ebebeb, 0x00ebebeb, 0xffebebeb, 0xffebebeb, 0xffebebeb, 0xffebebeb, 0xffebebeb, 0xffebebeb, 0xffebebeb, 0x00ebebeb, 0x00ebebeb, 0x00ebebeb,
  0x00ebebeb, 0xffebebeb, 0x00ebebeb, 0xffebebeb, 0x00ebebeb, 0x00ebebeb, 0xffebebeb, 0x00ebebeb, 0x00ebebeb, 0xffebebeb, 0x00ebebeb, 0x00ebebeb,
  0x00ebebeb, 0x00ebebeb, 0x00ebebeb, 0x00ebebeb, 0x00ebebeb, 0xffebebeb, 0x00ebebeb, 0x00ebebeb, 0x00ebebeb, 0x00ebebeb, 0x00ebebeb, 0x00ebebeb,
  0x00ebebeb, 0x00ebebeb, 0x00ebebeb, 0x00ebebeb, 0x00ebebeb, 0xffebebeb, 0x00ebebeb, 0x00ebebeb, 0x00ebebeb, 0x00ebebeb, 0x00ebebeb, 0x00ebebeb,
  0xffebebeb, 0x00ebebeb, 0x00ebebeb, 0xffebebeb, 0x00ebebeb, 0x00ebebeb, 0xffebebeb, 0x00ebebeb, 0xffebebeb, 0x00ebebeb, 0x00ebebeb, 0x00ebebeb,
  0x00ebebeb, 0x00ebebeb, 0x00ebebeb, 0xffebebeb, 0x00ebebeb, 0xffebebeb, 0xffebebeb, 0x00ebebeb, 0xffebebeb, 0x00ebebeb, 0x00ebebeb, 0x00ebebeb,
  0x00ebebeb, 0x00ebebeb, 0xffebebeb, 0xffebebeb, 0xffebebeb, 0xffebebeb, 0xffebebeb, 0xffebebeb, 0xffebebeb, 0x00ebebeb, 0x00ebebeb, 0x00ebebeb,
  0xffebebeb, 0xffebebeb, 0x00ebebeb, 0xffebebeb, 0xffebebeb, 0x00ebebeb, 0x00ebebeb, 0x00ebebeb, 0xffebebeb, 0xffebebeb, 0xffebebeb, 0x00ebebeb,
  0xffebebeb, 0xffebebeb, 0xffebebeb, 0xffebebeb, 0xffebebeb, 0xffebebeb, 0xffebebeb, 0xffebebeb, 0xffebebeb, 0xffebebeb, 0xffebebeb, 0x00ebebeb,
  0x00ebebeb, 0xffebebeb, 0x00ebebeb, 0x00ebebeb, 0x00ebebeb, 0xffebebeb, 0x00ebebeb, 0x00ebebeb, 0xffebebeb, 0x00ebebeb, 0x00ebebeb, 0x00ebebeb,
  0x00ebebeb, 0xffebebeb, 0x00ebebeb, 0x00ebebeb, 0x00ebebeb, 0x00ebebeb, 0x00ebebeb, 0x00ebebeb, 0x00ebebeb, 0xffebebeb, 0x00ebebeb, 0x00ebebeb,
  0x00ebebeb, 0x00ebebeb, 0x00ebebeb, 0x00ebebeb, 0x00ebebeb, 0xffebebeb, 0x00ebebeb, 0x00ebebeb, 0x00ebebeb, 0x00ebebeb, 0x00ebebeb, 0x00ebebeb,
  0xffebebeb, 0xffebebeb, 0x00ebebeb, 0x00ebebeb, 0x00ebebeb, 0x00ebebeb, 0x00ebebeb, 0x00ebebeb, 0x00ebebeb, 0xffebebeb, 0xffebebeb, 0x00ebebeb,
  0x00ebebeb, 0xffebebeb, 0x00ebebeb, 0x00ebebeb, 0xffebebeb, 0x00ebebeb, 0x00ebebeb, 0xffebebeb, 0x00ebebeb, 0x00ebebeb, 0xffebebeb, 0x00ebebeb,
  0xffebebeb, 0xffebebeb, 0xffebebeb, 0xffebebeb, 0x00ebebeb, 0x00ebebeb, 0x00ebebeb, 0xffebebeb, 0xffebebeb, 0xffebebeb, 0xffebebeb, 0x00ebebeb,
  0x00ebebeb, 0x00ebebeb, 0xffebebeb, 0xffebebeb, 0x00ebebeb, 0x00ebebeb, 0xffebebeb, 0x00ebebeb, 0xffebebeb, 0x00ebebeb, 0xffebebeb, 0x00ebebeb,
  0x00ebebeb, 0x00ebebeb, 0x00ebebeb, 0x00ebebeb, 0x00ebebeb, 0x00ebebeb, 0x00ebebeb, 0x00ebebeb, 0x00ebebeb, 0x00ebebeb, 0x00ebebeb, 0x00ebebeb,
  0x00ebebeb, 0xffebebeb, 0x00ebebeb, 0xffebebeb, 0x00ebebeb, 0x00ebebeb, 0xffebebeb, 0x00ebebeb, 0x00ebebeb, 0xffebebeb, 0x00ebebeb, 0x00ebebeb,
  0xffebebeb, 0xffebebeb, 0xffebebeb, 0xffebebeb, 0xffebebeb, 0xffebebeb, 0xffebebeb, 0xffebebeb, 0xffebebeb, 0xffebebeb, 0xffebebeb, 0x00ebebeb,
  0xffebebeb, 0xffebebeb, 0xffebebeb, 0xffebebeb, 0xffebebeb, 0xffebebeb, 0xffebebeb, 0xffebebeb, 0xffebebeb, 0xffebebeb, 0xffebebeb, 0x00ebebeb,
  0xffebebeb, 0xffebebeb, 0xffebebeb, 0x00ebebeb, 0x00ebebeb, 0xffebebeb, 0x00ebebeb, 0x00ebebeb, 0x00ebebeb, 0xffebebeb, 0x00ebebeb, 0x00ebebeb,
  0x00ebebeb, 0x00ebebeb, 0x00ebebeb, 0xffebebeb, 0x00ebebeb, 0xffebebeb, 0x00ebebeb, 0xffebebeb, 0x00ebebeb, 0x00ebebeb, 0x00ebebeb, 0x00ebebeb,
  0x00ebebeb, 0x00ebebeb, 0x00ebebeb, 0x00ebebeb, 0x00ebebeb, 0x00ebebeb, 0x00ebebeb, 0x00ebebeb, 0x00ebebeb, 0x00ebebeb, 0x00ebebeb, 0x00ebebeb,
  0x00ebebeb, 0xffebebeb, 0x00ebebeb, 0x00ebebeb, 0x00ebebeb, 0x00ebebeb, 0x00ebebeb, 0x00ebebeb, 0x00ebebeb, 0x00ebebeb, 0x00ebebeb, 0x00ebebeb,
  0x00ebebeb, 0x00ebebeb, 0x00ebebeb, 0x00ebebeb, 0x00ebebeb, 0xffebebeb, 0x00ebebeb, 0x00ebebeb, 0x00ebebeb, 0x00ebebeb, 0x00ebebeb, 0x00ebebeb,
  0x00ebebeb, 0xffebebeb, 0x00ebebeb, 0xffebebeb, 0xffebebeb, 0xffebebeb, 0xffebebeb, 0xffebebeb, 0xffebebeb, 0xffebebeb, 0xffebebeb, 0x00ebebeb,
  0xffebebeb, 0xffebebeb, 0xffebebeb, 0xffebebeb, 0xffebebeb, 0xffebebeb, 0xffebebeb, 0xffebebeb, 0xffebebeb, 0xffebebeb, 0xffebebeb, 0x00ebebeb,
  0xffebebeb, 0xffebebeb, 0xffebebeb, 0xffebebeb, 0xffebebeb, 0xffebebeb, 0xffebebeb, 0xffebebeb, 0xffebebeb, 0xffebebeb, 0xffebebeb, 0x00ebebeb,
  0x00ebebeb, 0xffebebeb, 0xffebebeb, 0xffebebeb, 0xffebebeb, 0xffebebeb, 0xffebebeb, 0xffebebeb, 0xffebebeb, 0xffebebeb, 0x00ebebeb, 0x00ebebeb,
  0x00ebebeb, 0xffebebeb, 0x00ebebeb, 0x00ebebeb, 0xffebebeb, 0x00ebebeb, 0x00ebebeb, 0xffebebeb, 0x00ebebeb, 0xffebebeb, 0xffebebeb, 0x00ebebeb,
  0xffebebeb, 0x00ebebeb, 0x00ebebeb, 0x00ebebeb, 0xffebebeb, 0xffebebeb, 0x00ebebeb, 0x00ebebeb, 0x00ebebeb, 0x00ebebeb, 0xffebebeb, 0x00ebebeb,
  0xffebebeb, 0xffebebeb, 0xffebebeb, 0x00ebebeb, 0x00ebebeb, 0xffebebeb, 0x00ebebeb, 0x00ebebeb, 0xffebebeb, 0x00ebebeb, 0xffebebeb, 0x00ebebeb,
  0xffebebeb, 0xffebebeb, 0xffebebeb, 0xffebebeb, 0xffebebeb, 0x00ebebeb, 0xffebebeb, 0xffebebeb, 0xffebebeb, 0xffebebeb, 0xffebebeb, 0x00ebebeb,
  0xffebebeb, 0xffebebeb, 0xffebebeb, 0xffebebeb, 0xffebebeb, 0x00ebebeb, 0xffebebeb, 0xffebebeb, 0x00ebebeb, 0xffebebeb, 0x00ebebeb, 0x00ebebeb,
  0x00ebebeb, 0x00ebebeb, 0x00ebebeb, 0x00ebebeb, 0x00ebebeb, 0xffebebeb, 0x00ebebeb, 0x00ebebeb, 0x00ebebeb, 0x00ebebeb, 0x00ebebeb, 0x00ebebeb,
  0xffebebeb, 0x00ebebeb, 0x00ebebeb, 0x00ebebeb, 0x00ebebeb, 0xffebebeb, 0x00ebebeb, 0x00ebebeb, 0x00ebebeb, 0x00ebebeb, 0xffebebeb, 0x00ebebeb,
  0xffebebeb, 0x00ebebeb, 0x00ebebeb, 0x00ebebeb, 0xffebebeb, 0x00ebebeb, 0x00ebebeb, 0x00ebebeb, 0x00ebebeb, 0x00ebebeb, 0xffebebeb, 0x00ebebeb,
  0x00ebebeb, 0x00ebebeb, 0xffebebeb, 0x00ebebeb, 0x00ebebeb, 0xffebebeb, 0x00ebebeb, 0xffebebeb, 0x00ebebeb, 0x00ebebeb, 0x00ebebeb, 0x00ebebeb,
  0xffebebeb, 0xffebebeb, 0xffebebeb, 0xffebebeb, 0xffebebeb, 0x00ebebeb, 0xffebebeb, 0xffebebeb, 0xffebebeb, 0xffebebeb, 0xffebebeb, 0x00ebebeb,
  0x00ebebeb, 0xffebebeb, 0x00ebebeb, 0x00ebebeb, 0xffebebeb, 0xffebebeb, 0xffebebeb, 0xffebebeb, 0xffebebeb, 0xffebebeb, 0x00ebebeb, 0x00ebebeb,
  0x00ebebeb, 0x00ebebeb, 0xffebebeb, 0xffebebeb, 0xffebebeb, 0xffebebeb, 0xffebebeb, 0xffebebeb, 0xffebebeb, 0x00ebebeb, 0x00ebebeb, 0x00ebebeb,
  0x00ebebeb, 0xffebebeb, 0x00ebebeb, 0x00ebebeb, 0x00ebebeb, 0xffebebeb, 0x00ebebeb, 0x00ebebeb, 0xffebebeb, 0x00ebebeb, 0x00ebebeb, 0x00ebebeb,
  0x00ebebeb, 0x00ebebeb, 0xffebebeb, 0x00ebebeb, 0x00ebebeb, 0xffebebeb, 0x00ebebeb, 0x00ebebeb, 0xffebebeb, 0x00ebebeb, 0x00ebebeb, 0x00ebebeb,
  0x00ebebeb, 0x00ebebeb, 0x00ebebeb, 0xffebebeb, 0x00ebebeb, 0x00ebebeb, 0xffebebeb, 0x00ebebeb, 0x00ebebeb, 0x00ebebeb, 0x00ebebeb, 0x00ebebeb,
  0x00ebebeb, 0xffebebeb, 0x00ebebeb, 0x00ebebeb, 0x00ebebeb, 0xffebebeb, 0x00ebebeb, 0x00ebebeb, 0x00ebebeb, 0xffebebeb, 0x00ebebeb, 0x00ebebeb,
  0x00ebebeb, 0xffebebeb, 0xffebebeb, 0x00ebebeb, 0xffebebeb, 0x00ebebeb, 0x00ebebeb, 0xffebebeb, 0x00ebebeb, 0x00ebebeb, 0x00ebebeb, 0x00ebebeb,
  0xffebebeb, 0x00ebebeb, 0x00ebebeb, 0x00ebebeb, 0x00ebebeb, 0x00ebebeb, 0xffebebeb, 0xffebebeb, 0x00ebebeb, 0x00ebebeb, 0xffebebeb, 0x00ebebeb,
  0x00ebebeb, 0x00ebebeb, 0xffebebeb, 0x00ebebeb, 0x00ebebeb, 0xffebebeb, 0x00ebebeb, 0xffebebeb, 0x00ebebeb, 0x00ebebeb, 0xffebebeb, 0x00ebebeb,
  0xffebebeb, 0x00ebebeb, 0x00ebebeb, 0x00ebebeb, 0xffebebeb, 0x00ebebeb, 0xffebebeb, 0x00ebebeb, 0x00ebebeb, 0x00ebebeb, 0xffebebeb, 0x00ebebeb,
  0x00ebebeb, 0xffebebeb, 0x00ebebeb, 0xffebebeb, 0x00ebebeb, 0x00ebebeb, 0xffebebeb, 0x00ebebeb, 0xffebebeb, 0xffebebeb, 0x00ebebeb, 0x00ebebeb,
  0x00ebebeb, 0x00ebebeb, 0x00ebebeb, 0x00ebebeb, 0x00ebebeb, 0xffebebeb, 0x00ebebeb, 0x00ebebeb, 0x00ebebeb, 0x00ebebeb, 0x00ebebeb, 0x00ebebeb,
  0xffebebeb, 0x00ebebeb, 0x00ebebeb, 0x00ebebeb, 0x00ebebeb, 0xffebebeb, 0x00ebebeb, 0x00ebebeb, 0x00ebebeb, 0x00ebebeb, 0xffebebeb, 0x00ebebeb,
  0x00ebebeb, 0x00ebebeb, 0x00ebebeb, 0x00ebebeb, 0x00ebebeb, 0xffebebeb, 0x00ebebeb, 0x00ebebeb, 0x00ebebeb, 0x00ebebeb, 0x00ebebeb, 0x00ebebeb,
  0x00ebebeb, 0x00ebebeb, 0xffebebeb, 0x00ebebeb, 0x00ebebeb, 0xffebebeb, 0x00ebebeb, 0x00ebebeb, 0xffebebeb, 0x00ebebeb, 0x00ebebeb, 0x00ebebeb,
  0xffebebeb, 0x00ebebeb, 0x00ebebeb, 0x00ebebeb, 0xffebebeb, 0x00ebebeb, 0xffebebeb, 0x00ebebeb, 0x00ebebeb, 0x00ebebeb, 0xffebebeb, 0x00ebebeb,
  0x00ebebeb, 0xffebebeb, 0x00ebebeb, 0x00ebebeb, 0xffebebeb, 0x00ebebeb, 0x00ebebeb, 0x00ebebeb, 0x00ebebeb, 0xffebebeb, 0x00ebebeb, 0x00ebebeb,
  0x00ebebeb, 0x00ebebeb, 0xffebebeb, 0x00ebebeb, 0x00ebebeb, 0x00ebebeb, 0x00ebebeb, 0x00ebebeb, 0xffebebeb, 0x00ebebeb, 0x00ebebeb, 0x00ebebeb,
  0x00ebebeb, 0xffebebeb, 0x00ebebeb, 0x00ebebeb, 0x00ebebeb, 0xffebebeb, 0x00ebebeb, 0x00ebebeb, 0xffebebeb, 0x00ebebeb, 0x00ebebeb, 0x00ebebeb,
  0x00ebebeb, 0xffebebeb, 0xffebebeb, 0xffebebeb, 0xffebebeb, 0xffebebeb, 0xffebebeb, 0xffebebeb, 0xffebebeb, 0xffebebeb, 0x00ebebeb, 0x00ebebeb,
  0xffebebeb, 0xffebebeb, 0xffebebeb, 0x00ebebeb, 0x00ebebeb, 0x00ebebeb, 0x00ebebeb, 0xffebebeb, 0x00ebebeb, 0xffebebeb, 0x00ebebeb, 0x00ebebeb,
  0x00ebebeb, 0xffebebeb, 0xffebebeb, 0xffebebeb, 0xffebebeb, 0xffebebeb, 0xffebebeb, 0xffebebeb, 0xffebebeb, 0xffebebeb, 0x00ebebeb, 0x00ebebeb,
  0xffebebeb, 0xffebebeb, 0x00ebebeb, 0x00ebebeb, 0xffebebeb, 0x00ebebeb, 0x00ebebeb, 0x00ebebeb, 0x00ebebeb, 0x00ebebeb, 0xffebebeb, 0x00ebebeb,
  0xffebebeb, 0x00ebebeb, 0x00ebebeb, 0xffebebeb, 0xffebebeb, 0x00ebebeb, 0x00ebebeb, 0x00ebebeb, 0x00ebebeb, 0x00ebebeb, 0xffebebeb, 0x00ebebeb,
  0x00ebebeb, 0x00ebebeb, 0xffebebeb, 0x00ebebeb, 0xffebebeb, 0x00ebebeb, 0x00ebebeb, 0xffebebeb, 0x00ebebeb, 0x00ebebeb, 0xffebebeb, 0x00ebebeb,
  0xffebebeb, 0x00ebebeb, 0x00ebebeb, 0x00ebebeb, 0xffebebeb, 0x00ebebeb, 0xffebebeb, 0x00ebebeb, 0x00ebebeb, 0x00ebebeb, 0xffebebeb, 0x00ebebeb,
  0x00ebebeb, 0xffebebeb, 0x00ebebeb, 0xffebebeb, 0x00ebebeb, 0x00ebebeb, 0xffebebeb, 0x00ebebeb, 0x00ebebeb, 0xffebebeb, 0x00ebebeb, 0x00ebebeb,
  0x00ebebeb, 0x00ebebeb, 0x00ebebeb, 0x00ebebeb, 0x00ebebeb, 0xffebebeb, 0x00ebebeb, 0x00ebebeb, 0x00ebebeb, 0x00ebebeb, 0x00ebebeb, 0x00ebebeb,
  0xffebebeb, 0x00ebebeb, 0x00ebebeb, 0x00ebebeb, 0x00ebebeb, 0xffebebeb, 0x00ebebeb, 0x00ebebeb, 0x00ebebeb, 0x00ebebeb, 0xffebebeb, 0x00ebebeb,
  0x00ebebeb, 0xffebebeb, 0xffebebeb, 0xffebebeb, 0xffebebeb, 0xffebebeb, 0xffebebeb, 0xffebebeb, 0xffebebeb, 0xffebebeb, 0x00ebebeb, 0x00ebebeb,
  0x00ebebeb, 0xffebebeb, 0x00ebebeb, 0x00ebebeb, 0x00ebebeb, 0xffebebeb, 0x00ebebeb, 0x00ebebeb, 0x00ebebeb, 0xffebebeb, 0x00ebebeb, 0x00ebebeb,
  0xffebebeb, 0xffebebeb, 0xffebebeb, 0xffebebeb, 0xffebebeb, 0x00ebebeb, 0xffebebeb, 0xffebebeb, 0xffebebeb, 0xffebebeb, 0xffebebeb, 0x00ebebeb,
  0x00ebebeb, 0xffebebeb, 0x00ebebeb, 0x00ebebeb, 0x00ebebeb, 0xffebebeb, 0x00ebebeb, 0x00ebebeb, 0xffebebeb, 0x00ebebeb, 0x00ebebeb, 0x00ebebeb,
  0x00ebebeb, 0x00ebebeb, 0xffebebeb, 0xffebebeb, 0xffebebeb, 0xffebebeb, 0xffebebeb, 0xffebebeb, 0xffebebeb, 0x00ebebeb, 0x00ebebeb, 0x00ebebeb,
  0x00ebebeb, 0xffebebeb, 0x00ebebeb, 0xffebebeb, 0xffebebeb, 0xffebebeb, 0xffebebeb, 0xffebebeb, 0xffebebeb, 0xffebebeb, 0xffebebeb, 0x00ebebeb,
  0xffebebeb, 0x00ebebeb, 0xffebebeb, 0x00ebebeb, 0x00ebebeb, 0xffebebeb, 0x00ebebeb, 0x00ebebeb, 0xffebebeb, 0x00ebebeb, 0xffebebeb, 0x00ebebeb,
  0x00ebebeb, 0x00ebebeb, 0xffebebeb, 0x00ebebeb, 0xffebebeb, 0xffebebeb, 0x00ebebeb, 0x00ebebeb, 0xffebebeb, 0x00ebebeb, 0x00ebebeb, 0x00ebebeb,
  0x00ebebeb, 0xffebebeb, 0x00ebebeb, 0x00ebebeb, 0x00ebebeb, 0xffebebeb, 0x00ebebeb, 0x00ebebeb, 0x00ebebeb, 0xffebebeb, 0x00ebebeb, 0x00ebebeb,
  0x00ebebeb, 0x00ebebeb, 0x00ebebeb, 0x00ebebeb, 0xffebebeb, 0x00ebebeb, 0x00ebebeb, 0x00ebebeb, 0x00ebebeb, 0x00ebebeb, 0xffebebeb, 0x00ebebeb,
  0xffebebeb, 0x00ebebeb, 0x00ebebeb, 0x00ebebeb, 0x00ebebeb, 0xffebebeb, 0xffebebeb, 0x00ebebeb, 0x00ebebeb, 0x00ebebeb, 0xffebebeb, 0x00ebebeb,
  0x00ebebeb, 0x00ebebeb, 0xffebebeb, 0x00ebebeb, 0x00ebebeb, 0x00ebebeb, 0xffebebeb, 0x00ebebeb, 0x00ebebeb, 0x00ebebeb, 0xffebebeb, 0x00ebebeb,
  0xffebebeb, 0x00ebebeb, 0x00ebebeb, 0x00ebebeb, 0xffebebeb, 0x00ebebeb, 0xffebebeb, 0x00ebebeb, 0x00ebebeb, 0x00ebebeb, 0xffebebeb, 0x00ebebeb,
  0x00ebebeb, 0xffebebeb, 0x00ebebeb, 0xffebebeb, 0x00ebebeb, 0x00ebebeb, 0xffebebeb, 0xffebebeb, 0x00ebebeb, 0xffebebeb, 0x00ebebeb, 0x00ebebeb,
  0x00ebebeb, 0x00ebebeb, 0x00ebebeb, 0x00ebebeb, 0x00ebebeb, 0xffebebeb, 0x00ebebeb, 0x00ebebeb, 0x00ebebeb, 0x00ebebeb, 0x00ebebeb, 0x00ebebeb,
  0xffebebeb, 0x00ebebeb, 0x00ebebeb, 0x00ebebeb, 0x00ebebeb, 0xffebebeb, 0x00ebebeb, 0x00ebebeb, 0x00ebebeb, 0xffebebeb, 0xffebebeb, 0x00ebebeb,
  0x00ebebeb, 0x00ebebeb, 0x00ebebeb, 0x00ebebeb, 0x00ebebeb, 0xffebebeb, 0x00ebebeb, 0x00ebebeb, 0x00ebebeb, 0x00ebebeb, 0x00ebebeb, 0x00ebebeb,
  0xffebebeb, 0x00ebebeb, 0x00ebebeb, 0x00ebebeb, 0x00ebebeb, 0xffebebeb, 0x00ebebeb, 0x00ebebeb, 0x00ebebeb, 0x00ebebeb, 0xffebebeb, 0x00ebebeb,
  0xffebebeb, 0x00ebebeb, 0x00ebebeb, 0x00ebebeb, 0xffebebeb, 0x00ebebeb, 0xffebebeb, 0x00ebebeb, 0x00ebebeb, 0x00ebebeb, 0xffebebeb, 0x00ebebeb,
  0x00ebebeb, 0xffebebeb, 0xffebebeb, 0x00ebebeb, 0x00ebebeb, 0x00ebebeb, 0xffebebeb, 0xffebebeb, 0x00ebebeb, 0x00ebebeb, 0x00ebebeb, 0x00ebebeb,
  0x00ebebeb, 0x00ebebeb, 0xffebebeb, 0x00ebebeb, 0x00ebebeb, 0x00ebebeb, 0x00ebebeb, 0x00ebebeb, 0xffebebeb, 0x00ebebeb, 0x00ebebeb, 0x00ebebeb,
  0x00ebebeb, 0xffebebeb, 0x00ebebeb, 0x00ebebeb, 0x00ebebeb, 0xffebebeb, 0x00ebebeb, 0x00ebebeb, 0xffebebeb, 0x00ebebeb, 0x00ebebeb, 0x00ebebeb,
  0x00ebebeb, 0x00ebebeb, 0xffebebeb, 0x00ebebeb, 0x00ebebeb, 0xffebebeb, 0x00ebebeb, 0xffebebeb, 0xffebebeb, 0x00ebebeb, 0x00ebebeb, 0x00ebebeb,
  0x00ebebeb, 0x00ebebeb, 0xffebebeb, 0xffebebeb, 0x00ebebeb, 0x00ebebeb, 0x00ebebeb, 0x00ebebeb, 0x00ebebeb, 0xffebebeb, 0xffebebeb, 0x00ebebeb,
  0x00ebebeb, 0xffebebeb, 0xffebebeb, 0xffebebeb, 0xffebebeb, 0xffebebeb, 0xffebebeb, 0xffebebeb, 0xffebebeb, 0xffebebeb, 0x00ebebeb, 0x00ebebeb,
  0x00ebebeb, 0x00ebebeb, 0x00ebebeb, 0x00ebebeb, 0x00ebebeb, 0xffebebeb, 0xffebebeb, 0xffebebeb, 0xffebebeb, 0xffebebeb, 0xffebebeb, 0x00ebebeb,
  0xffebebeb, 0xffebebeb, 0xffebebeb, 0xffebebeb, 0xffebebeb, 0xffebebeb, 0xffebebeb, 0xffebebeb, 0xffebebeb, 0xffebebeb, 0xffebebeb, 0x00ebebeb,
  0x00ebebeb, 0x00ebebeb, 0xffebebeb, 0x00ebebeb, 0x00ebebeb, 0xffebebeb, 0x00ebebeb, 0x00ebebeb, 0xffebebeb, 0xffebebeb, 0x00ebebeb, 0x00ebebeb,
  0xffebebeb, 0xffebebeb, 0xffebebeb, 0xffebebeb, 0xffebebeb, 0x00ebebeb, 0xffebebeb, 0xffebebeb, 0xffebebeb, 0xffebebeb, 0xffebebeb, 0x00ebebeb,
  0xffebebeb, 0x00ebebeb, 0x00ebebeb, 0xffebebeb, 0x00ebebeb, 0x00ebebeb, 0xffebebeb, 0x00ebebeb, 0x00ebebeb, 0xffebebeb, 0xffebebeb, 0x00ebebeb,
  0x00ebebeb, 0x00ebebeb, 0x00ebebeb, 0xffebebeb, 0xffebebeb, 0xffebebeb, 0x00ebebeb, 0x00ebebeb, 0x00ebebeb, 0x00ebebeb, 0x00ebebeb, 0x00ebebeb,
  0x00ebebeb, 0x00ebebeb, 0x00ebebeb, 0x00ebebeb, 0x00ebebeb, 0xffebebeb, 0x00ebebeb, 0x00ebebeb, 0x00ebebeb, 0x00ebebeb, 0x00ebebeb, 0x00ebebeb,
  0xffebebeb, 0xffebebeb, 0xffebebeb, 0xffebebeb, 0xffebebeb, 0xffebebeb, 0xffebebeb, 0xffebebeb, 0xffebebeb, 0xffebebeb, 0xffebebeb, 0x00ebebeb,
  0x00ebebeb, 0x00ebebeb, 0x00ebebeb, 0xffebebeb, 0xffebebeb, 0xffebebeb, 0x00ebebeb, 0x00ebebeb, 0x00ebebeb, 0x00ebebeb, 0x00ebebeb, 0x00ebebeb,
  0xffebebeb, 0xffebebeb, 0xffebebeb, 0xffebebeb, 0xffebebeb, 0x00ebebeb, 0xffebebeb, 0xffebebeb, 0xffebebeb, 0xffebebeb, 0xffebebeb, 0x00ebebeb,
  0x00ebebeb, 0xffebebeb, 0x00ebebeb, 0xffebebeb, 0xffebebeb, 0xffebebeb, 0x00ebebeb, 0x00ebebeb, 0xffebebeb, 0xffebebeb, 0xffebebeb, 0x00ebebeb,
  0xffebebeb, 0xffebebeb, 0xffebebeb, 0xffebebeb, 0xffebebeb, 0xffebebeb, 0xffebebeb, 0xffebebeb, 0xffebebeb, 0xffebebeb, 0xffebebeb, 0x00ebebeb,
  0xffebebeb, 0x00ebebeb, 0x00ebebeb, 0xffebebeb, 0xffebebeb, 0x00ebebeb, 0x00ebebeb, 0x00ebebeb, 0xffebebeb, 0x00ebebeb, 0x00ebebeb, 0x00ebebeb,
  0x00ebebeb, 0x00ebebeb, 0x00ebebeb, 0x00ebebeb, 0x00ebebeb, 0xffebebeb, 0x00ebebeb, 0x00ebebeb, 0x00ebebeb, 0x00ebebeb, 0x00ebebeb, 0x00ebebeb,
  0x00ebebeb, 0x00ebebeb, 0x00ebebeb, 0x00ebebeb, 0x00ebebeb, 0x00ebebeb, 0x00ebebeb, 0x00ebebeb, 0x00ebebeb, 0x00ebebeb, 0x00ebebeb, 0x00ebebeb,
  0x00ebebeb, 0x00ebebeb, 0x00ebebeb, 0x00ebebeb, 0x00ebebeb, 0x00ebebeb, 0x00ebebeb, 0x00ebebeb, 0x00ebebeb, 0x00ebebeb, 0x00ebebeb, 0x00ebebeb,
  0x00ebebeb, 0x00ebebeb, 0x00ebebeb, 0x00ebebeb, 0x00ebebeb, 0x00ebebeb, 0x00ebebeb, 0x00ebebeb, 0x00ebebeb, 0x00ebebeb, 0x00ebebeb, 0x00ebebeb,
  0x00ebebeb, 0x00ebebeb, 0x00ebebeb, 0x00ebebeb, 0x00ebebeb, 0x00ebebeb, 0x00ebebeb, 0x00ebebeb, 0x00ebebeb, 0x00ebebeb, 0x00ebebeb, 0x00ebebeb,
  0x00ebebeb, 0x00ebebeb, 0x00ebebeb, 0x00ebebeb, 0x00ebebeb, 0x00ebebeb, 0x00ebebeb, 0x00ebebeb, 0x00ebebeb, 0x00ebebeb, 0x00ebebeb, 0x00ebebeb,
  0x00ebebeb, 0x00ebebeb, 0x00ebebeb, 0x00ebebeb, 0x00ebebeb, 0x00ebebeb, 0x00ebebeb, 0x00ebebeb, 0x00ebebeb, 0x00ebebeb, 0x00ebebeb, 0x00ebebeb,
  0x00ebebeb, 0x00ebebeb, 0x00ebebeb, 0x00ebebeb, 0x00ebebeb, 0x00ebebeb, 0x00ebebeb, 0x00ebebeb, 0x00ebebeb, 0x00ebebeb, 0x00ebebeb, 0x00ebebeb,
  0x00ebebeb, 0x00ebebeb, 0x00ebebeb, 0x00ebebeb, 0x00ebebeb, 0x00ebebeb, 0x00ebebeb, 0x00ebebeb, 0x00ebebeb, 0x00ebebeb, 0x00ebebeb, 0x00ebebeb,
  0x00ebebeb, 0x00ebebeb, 0x00ebebeb, 0x00ebebeb, 0x00ebebeb, 0x00ebebeb, 0x00ebebeb, 0x00ebebeb, 0x00ebebeb, 0x00ebebeb, 0x00ebebeb, 0x00ebebeb,
  0x00ebebeb, 0x00ebebeb, 0x00ebebeb, 0x00ebebeb, 0x00ebebeb, 0x00ebebeb, 0x00ebebeb, 0x00ebebeb, 0x00ebebeb, 0x00ebebeb, 0x00ebebeb, 0x00ebebeb,
  0x00ebebeb, 0x00ebebeb, 0x00ebebeb, 0x00ebebeb, 0x00ebebeb, 0x00ebebeb, 0x00ebebeb, 0x00ebebeb, 0x00ebebeb, 0x00ebebeb, 0x00ebebeb, 0x00ebebeb,
  0x00ebebeb, 0x00ebebeb, 0x00ebebeb, 0x00ebebeb, 0x00ebebeb, 0x00ebebeb, 0x00ebebeb, 0x00ebebeb, 0x00ebebeb, 0x00ebebeb, 0x00ebebeb, 0x00ebebeb,
  0x00ebebeb, 0x00ebebeb, 0x00ebebeb, 0x00ebebeb, 0x00ebebeb, 0x00ebebeb, 0x00ebebeb, 0x00ebebeb, 0x00ebebeb, 0x00ebebeb, 0x00ebebeb, 0x00ebebeb,
  0x00ebebeb, 0x00ebebeb, 0x00ebebeb, 0x00ebebeb, 0x00ebebeb, 0x00ebebeb, 0x00ebebeb, 0x00ebebeb, 0x00ebebeb, 0x00ebebeb, 0x00ebebeb, 0x00ebebeb,
  0x00ebebeb, 0x00ebebeb, 0x00ebebeb, 0x00ebebeb, 0x00ebebeb, 0x00ebebeb, 0x00ebebeb, 0x00ebebeb, 0x00ebebeb, 0x00ebebeb, 0x00ebebeb, 0x00ebebeb,
  0x00ebebeb, 0x00ebebeb, 0x00ebebeb, 0x00ebebeb, 0x00ebebeb, 0x00ebebeb, 0x00ebebeb, 0x00ebebeb, 0x00ebebeb, 0x00ebebeb, 0x00ebebeb, 0x00ebebeb,
  0x00ebebeb, 0xffebebeb, 0x00ebebeb, 0x00ebebeb, 0xffebebeb, 0xffebebeb, 0xffebebeb, 0xffebebeb, 0xffebebeb, 0xffebebeb, 0x00ebebeb, 0x00ebebeb,
  0x00ebebeb, 0x00ebebeb, 0xffebebeb, 0x00ebebeb, 0x00ebebeb, 0x00ebebeb, 0x00ebebeb, 0xffebebeb, 0x00ebebeb, 0x00ebebeb, 0x00ebebeb, 0x00ebebeb,
  0xffebebeb, 0x00ebebeb, 0x00ebebeb, 0x00ebebeb, 0x00ebebeb, 0x00ebebeb, 0x00ebebeb, 0xffebebeb, 0x00ebebeb, 0x00ebebeb, 0x00ebebeb, 0x00ebebeb,
  0x00ebebeb, 0x00ebebeb, 0x00ebebeb, 0x00ebebeb, 0x00ebebeb, 0x00ebebeb, 0xffebebeb, 0x00ebebeb, 0x00ebebeb, 0x00ebebeb, 0x00ebebeb, 0x00ebebeb,
  0x00ebebeb, 0xffebebeb, 0xffebebeb, 0xffebebeb, 0xffebebeb, 0xffebebeb, 0xffebebeb, 0xffebebeb, 0xffebebeb, 0xffebebeb, 0x00ebebeb, 0x00ebebeb,
  0x00ebebeb, 0x00ebebeb, 0x00ebebeb, 0x00ebebeb, 0x00ebebeb, 0x00ebebeb, 0x00ebebeb, 0xffebebeb, 0x00ebebeb, 0x00ebebeb, 0x00ebebeb, 0x00ebebeb,
  0x00ebebeb, 0x00ebebeb, 0xffebebeb, 0x00ebebeb, 0x00ebebeb, 0x00ebebeb, 0x00ebebeb, 0x00ebebeb, 0x00ebebeb, 0xffebebeb, 0x00ebebeb, 0x00ebebeb,
  0x00ebebeb, 0xffebebeb, 0x00ebebeb, 0x00ebebeb, 0x00ebebeb, 0x00ebebeb, 0x00ebebeb, 0xffebebeb, 0x00ebebeb, 0x00ebebeb, 0x00ebebeb, 0x00ebebeb,
  0x00ebebeb, 0xffebebeb, 0x00ebebeb, 0x00ebebeb, 0x00ebebeb, 0x00ebebeb, 0x00ebebeb, 0x00ebebeb, 0xffebebeb, 0x00ebebeb, 0x00ebebeb, 0x00ebebeb,
  0xffebebeb, 0xffebebeb, 0xffebebeb, 0xffebebeb, 0xffebebeb, 0xffebebeb, 0xffebebeb, 0xffebebeb, 0xffebebeb, 0xffebebeb, 0xffebebeb, 0x00ebebeb,
  0x00ebebeb, 0xffebebeb, 0x00ebebeb, 0x00ebebeb, 0xffebebeb, 0x00ebebeb, 0x00ebebeb, 0xffebebeb, 0x00ebebeb, 0x00ebebeb, 0x00ebebeb, 0x00ebebeb,
  0x00ebebeb, 0x00ebebeb, 0x00ebebeb, 0x00ebebeb, 0xffebebeb, 0x00ebebeb, 0x00ebebeb, 0x00ebebeb, 0x00ebebeb, 0x00ebebeb, 0xffebebeb, 0x00ebebeb,
  0x00ebebeb, 0x00ebebeb, 0x00ebebeb, 0x00ebebeb, 0x00ebebeb, 0x00ebebeb, 0xffebebeb, 0x00ebebeb, 0x00ebebeb, 0x00ebebeb, 0x00ebebeb, 0x00ebebeb,
  0xffebebeb, 0x00ebebeb, 0x00ebebeb, 0x00ebebeb, 0xffebebeb, 0x00ebebeb, 0x00ebebeb, 0xffebebeb, 0x00ebebeb, 0x00ebebeb, 0x00ebebeb, 0x00ebebeb,
  0x00ebebeb, 0xffebebeb, 0x00ebebeb, 0x00ebebeb, 0xffebebeb, 0xffebebeb, 0xffebebeb, 0xffebebeb, 0xffebebeb, 0xffebebeb, 0xffebebeb, 0x00ebebeb,
  0x00ebebeb, 0x00ebebeb, 0x00ebebeb, 0x00ebebeb, 0x00ebebeb, 0xffebebeb, 0x00ebebeb, 0x00ebebeb, 0x00ebebeb, 0x00ebebeb, 0x00ebebeb, 0x00ebebeb,
  0x00ebebeb, 0x00ebebeb, 0xffebebeb, 0x00ebebeb, 0xffebebeb, 0x00ebebeb, 0x00ebebeb, 0x00ebebeb, 0x00ebebeb, 0xffebebeb, 0x00ebebeb, 0x00ebebeb,
  0xffebebeb, 0xffebebeb, 0xffebebeb, 0xffebebeb, 0x00ebebeb, 0x00ebebeb, 0xffebebeb, 0x00ebebeb, 0xffebebeb, 0x00ebebeb, 0x00ebebeb, 0x00ebebeb,
  0x00ebebeb, 0xffebebeb, 0x00ebebeb, 0xffebebeb, 0xffebebeb, 0xffebebeb, 0xffebebeb, 0xffebebeb, 0xffebebeb, 0xffebebeb, 0xffebebeb, 0x00ebebeb,
  0x00ebebeb, 0xffebebeb, 0xffebebeb, 0xffebebeb, 0xffebebeb, 0xffebebeb, 0xffebebeb, 0xffebebeb, 0xffebebeb, 0xffebebeb, 0xffebebeb, 0x00ebebeb,
  0x00ebebeb, 0x00ebebeb, 0x00ebebeb, 0x00ebebeb, 0x00ebebeb, 0xffebebeb, 0x00ebebeb, 0x00ebebeb, 0x00ebebeb, 0x00ebebeb, 0x00ebebeb, 0x00ebebeb,
  0xffebebeb, 0xffebebeb, 0xffebebeb, 0x00ebebeb, 0x00ebebeb, 0x00ebebeb, 0x00ebebeb, 0xffebebeb, 0x00ebebeb, 0x00ebebeb, 0x00ebebeb, 0x00ebebeb,
  0x00ebebeb, 0xffebebeb, 0xffebebeb, 0xffebebeb, 0xffebebeb, 0x00ebebeb, 0x00ebebeb, 0x00ebebeb, 0x00ebebeb, 0xffebebeb, 0x00ebebeb, 0x00ebebeb,
  0x00ebebeb, 0xffebebeb, 0x00ebebeb, 0x00ebebeb, 0xffebebeb, 0xffebebeb, 0xffebebeb, 0xffebebeb, 0xffebebeb, 0xffebebeb, 0xffebebeb, 0x00ebebeb,
  0x00ebebeb, 0xffebebeb, 0xffebebeb, 0xffebebeb, 0xffebebeb, 0x00ebebeb, 0xffebebeb, 0xffebebeb, 0xffebebeb, 0xffebebeb, 0xffebebeb, 0x00ebebeb,
  0x00ebebeb, 0x00ebebeb, 0xffebebeb, 0x00ebebeb, 0x00ebebeb, 0x00ebebeb, 0x00ebebeb, 0x00ebebeb, 0xffebebeb, 0x00ebebeb, 0x00ebebeb, 0x00ebebeb,
  0x00ebebeb, 0xffebebeb, 0x00ebebeb, 0x00ebebeb, 0xffebebeb, 0x00ebebeb, 0x00ebebeb, 0x00ebebeb, 0xffebebeb, 0x00ebebeb, 0x00ebebeb, 0x00ebebeb,
  0x00ebebeb, 0xffebebeb, 0xffebebeb, 0xffebebeb, 0xffebebeb, 0xffebebeb, 0xffebebeb, 0xffebebeb, 0x00ebebeb, 0xffebebeb, 0x00ebebeb, 0x00ebebeb,
  0x00ebebeb, 0x00ebebeb, 0xffebebeb, 0xffebebeb, 0xffebebeb, 0xffebebeb, 0xffebebeb, 0xffebebeb, 0xffebebeb, 0xffebebeb, 0xffebebeb, 0x00ebebeb,
  0x00ebebeb, 0xffebebeb, 0x00ebebeb, 0x00ebebeb, 0xffebebeb, 0xffebebeb, 0xffebebeb, 0xffebebeb, 0xffebebeb, 0xffebebeb, 0x00ebebeb, 0x00ebebeb,
  0x00ebebeb, 0xffebebeb, 0x00ebebeb, 0x00ebebeb, 0xffebebeb, 0x00ebebeb, 0x00ebebeb, 0x00ebebeb, 0x00ebebeb, 0x00ebebeb, 0xffebebeb, 0x00ebebeb,
  0x00ebebeb, 0x00ebebeb, 0x00ebebeb, 0x00ebebeb, 0x00ebebeb, 0xffebebeb, 0x00ebebeb, 0x00ebebeb, 0x00ebebeb, 0x00ebebeb, 0x00ebebeb, 0x00ebebeb,
  0x00ebebeb, 0x00ebebeb, 0x00ebebeb, 0x00ebebeb, 0xffebebeb, 0x00ebebeb, 0x00ebebeb, 0x00ebebeb, 0x00ebebeb, 0xffebebeb, 0x00ebebeb, 0x00ebebeb,
  0x00ebebeb, 0xffebebeb, 0x00ebebeb, 0x00ebebeb, 0x00ebebeb, 0xffebebeb, 0x00ebebeb, 0x00ebebeb, 0x00ebebeb, 0xffebebeb, 0x00ebebeb, 0x00ebebeb,
  0x00ebebeb, 0x00ebebeb, 0x00ebebeb, 0x00ebebeb, 0x00ebebeb, 0x00ebebeb, 0x00ebebeb, 0xffebebeb, 0x00ebebeb, 0x00ebebeb, 0x00ebebeb, 0x00ebebeb,
  0x00ebebeb, 0xffebebeb, 0x00ebebeb, 0x00ebebeb, 0xffebebeb, 0x00ebebeb, 0x00ebebeb, 0x00ebebeb, 0xffebebeb, 0x00ebebeb, 0x00ebebeb, 0x00ebebeb,
  0xffebebeb, 0xffebebeb, 0xffebebeb, 0xffebebeb, 0xffebebeb, 0xffebebeb, 0xffebebeb, 0xffebebeb, 0xffebebeb, 0xffebebeb, 0xffebebeb, 0x00ebebeb,
  0xffebebeb, 0x00ebebeb, 0xffebebeb, 0x00ebebeb, 0xffebebeb, 0xffebebeb, 0xffebebeb, 0xffebebeb, 0xffebebeb, 0xffebebeb, 0x00ebebeb, 0x00ebebeb,
  0x00ebebeb, 0xffebebeb, 0x00ebebeb, 0x00ebebeb, 0xffebebeb, 0x00ebebeb, 0xffebebeb, 0xffebebeb, 0xffebebeb, 0xffebebeb, 0xffebebeb, 0x00ebebeb,
  0xffebebeb, 0xffebebeb, 0xffebebeb, 0x00ebebeb, 0xffebebeb, 0x00ebebeb, 0x00ebebeb, 0x00ebebeb, 0x00ebebeb, 0x00ebebeb, 0xffebebeb, 0x00ebebeb,
  0xffebebeb, 0x00ebebeb, 0x00ebebeb, 0x00ebebeb, 0xffebebeb, 0x00ebebeb, 0x00ebebeb, 0x00ebebeb, 0xffebebeb, 0x00ebebeb, 0xffebebeb, 0x00ebebeb,
  0x00ebebeb, 0x00ebebeb, 0xffebebeb, 0x00ebebeb, 0x00ebebeb, 0x00ebebeb, 0x00ebebeb, 0x00ebebeb, 0xffebebeb, 0x00ebebeb, 0x00ebebeb, 0x00ebebeb,
  0xffebebeb, 0x00ebebeb, 0x00ebebeb, 0x00ebebeb, 0xffebebeb, 0x00ebebeb, 0x00ebebeb, 0x00ebebeb, 0x00ebebeb, 0x00ebebeb, 0x00ebebeb, 0x00ebebeb,
  0x00ebebeb, 0x00ebebeb, 0x00ebebeb, 0x00ebebeb, 0xffebebeb, 0x00ebebeb, 0x00ebebeb, 0x00ebebeb, 0xffebebeb, 0x00ebebeb, 0x00ebebeb, 0x00ebebeb,
  0x00ebebeb, 0x00ebebeb, 0xffebebeb, 0x00ebebeb, 0x00ebebeb, 0x00ebebeb, 0x00ebebeb, 0x00ebebeb, 0x00ebebeb, 0x00ebebeb, 0xffebebeb, 0x00ebebeb,
  0x00ebebeb, 0x00ebebeb, 0x00ebebeb, 0xffebebeb, 0x00ebebeb, 0x00ebebeb, 0x00ebebeb, 0xffebebeb, 0x00ebebeb, 0x00ebebeb, 0x00ebebeb, 0x00ebebeb,
  0xffebebeb, 0xffebebeb, 0xffebebeb, 0x00ebebeb, 0x00ebebeb, 0xffebebeb, 0x00ebebeb, 0x00ebebeb, 0x00ebebeb, 0xffebebeb, 0x00ebebeb, 0x00ebebeb,
  0x00ebebeb, 0x00ebebeb, 0x00ebebeb, 0x00ebebeb, 0x00ebebeb, 0xffebebeb, 0xffebebeb, 0xffebebeb, 0xffebebeb, 0xffebebeb, 0x00ebebeb, 0x00ebebeb,
  0xffebebeb, 0x00ebebeb, 0x00ebebeb, 0x00ebebeb, 0xffebebeb, 0xffebebeb, 0xffebebeb, 0xffebebeb, 0xffebebeb, 0xffebebeb, 0x00ebebeb, 0x00ebebeb,
  0xffebebeb, 0x00ebebeb, 0xffebebeb, 0x00ebebeb, 0xffebebeb, 0x00ebebeb, 0x00ebebeb, 0x00ebebeb, 0x00ebebeb, 0x00ebebeb, 0xffebebeb, 0x00ebebeb,
  0x00ebebeb, 0x00ebebeb, 0x00ebebeb, 0x00ebebeb, 0xffebebeb, 0xffebebeb, 0xffebebeb, 0xffebebeb, 0xffebebeb, 0xffebebeb, 0xffebebeb, 0x00ebebeb,
  0x00ebebeb, 0xffebebeb, 0xffebebeb, 0xffebebeb, 0xffebebeb, 0xffebebeb, 0xffebebeb, 0xffebebeb, 0xffebebeb, 0xffebebeb, 0xffebebeb, 0x00ebebeb,
  0x00ebebeb, 0xffebebeb, 0x00ebebeb, 0x00ebebeb, 0x00ebebeb, 0xffebebeb, 0x00ebebeb, 0x00ebebeb, 0x00ebebeb, 0xffebebeb, 0x00ebebeb, 0x00ebebeb,
  0xffebebeb, 0x00ebebeb, 0xffebebeb, 0x00ebebeb, 0xffebebeb, 0x00ebebeb, 0x00ebebeb, 0xffebebeb, 0x00ebebeb, 0xffebebeb, 0x00ebebeb, 0x00ebebeb,
  0x00ebebeb, 0xffebebeb, 0xffebebeb, 0xffebebeb, 0xffebebeb, 0x00ebebeb, 0x00ebebeb, 0x00ebebeb, 0x00ebebeb, 0xffebebeb, 0x00ebebeb, 0x00ebebeb,
  0x00ebebeb, 0xffebebeb, 0x00ebebeb, 0x00ebebeb, 0x00ebebeb, 0x00ebebeb, 0x00ebebeb, 0xffebebeb, 0x00ebebeb, 0x00ebebeb, 0x00ebebeb, 0x00ebebeb,
  0xffebebeb, 0xffebebeb, 0xffebebeb, 0x00ebebeb, 0xffebebeb, 0xffebebeb, 0xffebebeb, 0xffebebeb, 0xffebebeb, 0xffebebeb, 0xffebebeb, 0x00ebebeb,
  0x00ebebeb, 0x00ebebeb, 0xffebebeb, 0x00ebebeb, 0x00ebebeb, 0x00ebebeb, 0x00ebebeb, 0x00ebebeb, 0xffebebeb, 0x00ebebeb, 0x00ebebeb, 0x00ebebeb,
  0xffebebeb, 0xffebebeb, 0xffebebeb, 0xffebebeb, 0xffebebeb, 0xffebebeb, 0xffebebeb, 0xffebebeb, 0xffebebeb, 0xffebebeb, 0xffebebeb, 0x00ebebeb,
  0x00ebebeb, 0x00ebebeb, 0x00ebebeb, 0x00ebebeb, 0xffebebeb, 0x00ebebeb, 0x00ebebeb, 0xffebebeb, 0x00ebebeb, 0x00ebebeb, 0x00ebebeb, 0x00ebebeb,
  0x00ebebeb, 0x00ebebeb, 0xffebebeb, 0x00ebebeb, 0x00ebebeb, 0x00ebebeb, 0x00ebebeb, 0x00ebebeb, 0x00ebebeb, 0x00ebebeb, 0xffebebeb, 0x00ebebeb,
  0x00ebebeb, 0x00ebebeb, 0x00ebebeb, 0x00ebebeb, 0x00ebebeb, 0x00ebebeb, 0x00ebebeb, 0xffebebeb, 0x00ebebeb, 0x00ebebeb, 0x00ebebeb, 0x00ebebeb,
  0x00ebebeb, 0xffebebeb, 0x00ebebeb, 0x00ebebeb, 0x00ebebeb, 0x00ebebeb, 0xffebebeb, 0xffebebeb, 0xffebebeb, 0x00ebebeb, 0x00ebebeb, 0x00ebebeb,
  0x00ebebeb, 0x00ebebeb, 0x00ebebeb, 0x00ebebeb, 0x00ebebeb, 0xffebebeb, 0x00ebebeb, 0x00ebebeb, 0x00ebebeb, 0x00ebebeb, 0x00ebebeb, 0x00ebebeb,
  0x00ebebeb, 0xffebebeb, 0x00ebebeb, 0x00ebebeb, 0x00ebebeb, 0x00ebebeb, 0x00ebebeb, 0xffebebeb, 0x00ebebeb, 0x00ebebeb, 0x00ebebeb, 0x00ebebeb,
  0xffebebeb, 0x00ebebeb, 0xffebebeb, 0x00ebebeb, 0x00ebebeb, 0xffebebeb, 0x00ebebeb, 0x00ebebeb, 0x00ebebeb, 0x00ebebeb, 0x00ebebeb, 0x00ebebeb,
  0xffebebeb, 0xffebebeb, 0x00ebebeb, 0x00ebebeb, 0xffebebeb, 0x00ebebeb, 0x00ebebeb, 0xffebebeb, 0x00ebebeb, 0x00ebebeb, 0xffebebeb, 0x00ebebeb,
  0x00ebebeb, 0xffebebeb, 0x00ebebeb, 0x00ebebeb, 0xffebebeb, 0x00ebebeb, 0x00ebebeb, 0x00ebebeb, 0xffebebeb, 0x00ebebeb, 0x00ebebeb, 0x00ebebeb,
  0x00ebebeb, 0xffebebeb, 0xffebebeb, 0xffebebeb, 0xffebebeb, 0xffebebeb, 0xffebebeb, 0xffebebeb, 0xffebebeb, 0xffebebeb, 0x00ebebeb, 0x00ebebeb,
  0xffebebeb, 0x00ebebeb, 0xffebebeb, 0x00ebebeb, 0xffebebeb, 0x00ebebeb, 0x00ebebeb, 0xffebebeb, 0x00ebebeb, 0xffebebeb, 0x00ebebeb, 0x00ebebeb,
  0x00ebebeb, 0xffebebeb, 0x00ebebeb, 0x00ebebeb, 0xffebebeb, 0x00ebebeb, 0x00ebebeb, 0x00ebebeb, 0x00ebebeb, 0xffebebeb, 0x00ebebeb, 0x00ebebeb,
  0x00ebebeb, 0xffebebeb, 0x00ebebeb, 0x00ebebeb, 0x00ebebeb, 0x00ebebeb, 0x00ebebeb, 0xffebebeb, 0x00ebebeb, 0x00ebebeb, 0x00ebebeb, 0x00ebebeb,
  0x00ebebeb, 0xffebebeb, 0x00ebebeb, 0xffebebeb, 0x00ebebeb, 0x00ebebeb, 0x00ebebeb, 0x00ebebeb, 0xffebebeb, 0x00ebebeb, 0xffebebeb, 0x00ebebeb,
  0x00ebebeb, 0x00ebebeb, 0xffebebeb, 0x00ebebeb, 0x00ebebeb, 0x00ebebeb, 0x00ebebeb, 0x00ebebeb, 0xffebebeb, 0x00ebebeb, 0x00ebebeb, 0x00ebebeb,
  0x00ebebeb, 0x00ebebeb, 0x00ebebeb, 0xffebebeb, 0x00ebebeb, 0x00ebebeb, 0x00ebebeb, 0x00ebebeb, 0x00ebebeb, 0x00ebebeb, 0x00ebebeb, 0x00ebebeb,
  0xffebebeb, 0xffebebeb, 0xffebebeb, 0xffebebeb, 0xffebebeb, 0xffebebeb, 0xffebebeb, 0xffebebeb, 0xffebebeb, 0xffebebeb, 0xffebebeb, 0x00ebebeb,
  0x00ebebeb, 0x00ebebeb, 0xffebebeb, 0xffebebeb, 0xffebebeb, 0xffebebeb, 0xffebebeb, 0xffebebeb, 0xffebebeb, 0xffebebeb, 0xffebebeb, 0x00ebebeb,
  0xffebebeb, 0xffebebeb, 0x00ebebeb, 0xffebebeb, 0xffebebeb, 0xffebebeb, 0xffebebeb, 0xffebebeb, 0xffebebeb, 0xffebebeb, 0xffebebeb, 0x00ebebeb,
  0x00ebebeb, 0xffebebeb, 0x00ebebeb, 0x00ebebeb, 0xffebebeb, 0xffebebeb, 0x00ebebeb, 0x00ebebeb, 0x00ebebeb, 0xffebebeb, 0xffebebeb, 0x00ebebeb,
  0x00ebebeb, 0x00ebebeb, 0x00ebebeb, 0x00ebebeb, 0x00ebebeb, 0xffebebeb, 0x00ebebeb, 0x00ebebeb, 0x00ebebeb, 0x00ebebeb, 0x00ebebeb, 0x00ebebeb,
  0x00ebebeb, 0x00ebebeb, 0x00ebebeb, 0xffebebeb, 0xffebebeb, 0xffebebeb, 0xffebebeb, 0xffebebeb, 0xffebebeb, 0xffebebeb, 0xffebebeb, 0x00ebebeb,
  0xffebebeb, 0xffebebeb, 0xffebebeb, 0xffebebeb, 0x00ebebeb, 0xffebebeb, 0x00ebebeb, 0x00ebebeb, 0x00ebebeb, 0xffebebeb, 0x00ebebeb, 0x00ebebeb,
  0x00ebebeb, 0xffebebeb, 0x00ebebeb, 0x00ebebeb, 0xffebebeb, 0xffebebeb, 0xffebebeb, 0xffebebeb, 0xffebebeb, 0xffebebeb, 0xffebebeb, 0x00ebebeb,
  0x00ebebeb, 0xffebebeb, 0x00ebebeb, 0x00ebebeb, 0xffebebeb, 0xffebebeb, 0xffebebeb, 0xffebebeb, 0xffebebeb, 0x00ebebeb, 0x00ebebeb, 0x00ebebeb,
  0x00ebebeb, 0xffebebeb, 0x00ebebeb, 0x00ebebeb, 0x00ebebeb, 0xffebebeb, 0x00ebebeb, 0x00ebebeb, 0x00ebebeb, 0xffebebeb, 0x00ebebeb, 0x00ebebeb,
  0xffebebeb, 0xffebebeb, 0xffebebeb, 0x00ebebeb, 0xffebebeb, 0x00ebebeb, 0x00ebebeb, 0xffebebeb, 0x00ebebeb, 0xffebebeb, 0x00ebebeb, 0x00ebebeb,
  0x00ebebeb, 0xffebebeb, 0xffebebeb, 0xffebebeb, 0xffebebeb, 0x00ebebeb, 0xffebebeb, 0x00ebebeb, 0x00ebebeb, 0xffebebeb, 0x00ebebeb, 0x00ebebeb,
  0x00ebebeb, 0xffebebeb, 0xffebebeb, 0x00ebebeb, 0xffebebeb, 0xffebebeb, 0xffebebeb, 0xffebebeb, 0xffebebeb, 0xffebebeb, 0xffebebeb, 0x00ebebeb,
  0x00ebebeb, 0xffebebeb, 0x00ebebeb, 0xffebebeb, 0xffebebeb, 0x00ebebeb, 0xffebebeb, 0xffebebeb, 0xffebebeb, 0xffebebeb, 0xffebebeb, 0x00ebebeb,
  0xffebebeb, 0xffebebeb, 0xffebebeb, 0xffebebeb, 0xffebebeb, 0xffebebeb, 0xffebebeb, 0xffebebeb, 0xffebebeb, 0xffebebeb, 0xffebebeb, 0x00ebebeb,
  0x00ebebeb, 0x00ebebeb, 0x00ebebeb, 0xffebebeb, 0xffebebeb, 0xffebebeb, 0xffebebeb, 0xffebebeb, 0xffebebeb, 0x00ebebeb, 0x00ebebeb, 0x00ebebeb,
  0x00ebebeb, 0x00ebebeb, 0x00ebebeb, 0xffebebeb, 0x00ebebeb, 0x00ebebeb, 0x00ebebeb, 0x00ebebeb, 0x00ebebeb, 0x00ebebeb, 0x00ebebeb, 0x00ebebeb,
  0x00ebebeb, 0x00ebebeb, 0xffebebeb, 0x00ebebeb, 0x00ebebeb, 0x00ebebeb, 0x00ebebeb, 0x00ebebeb, 0x00ebebeb, 0x00ebebeb, 0x00ebebeb, 0x00ebebeb,
  0x00ebebeb, 0xffebebeb, 0x00ebebeb, 0x00ebebeb, 0x00ebebeb, 0xffebebeb, 0x00ebebeb, 0x00ebebeb, 0xffebebeb, 0x00ebebeb, 0x00ebebeb, 0x00ebebeb,
  0x00ebebeb, 0xffebebeb, 0xffebebeb, 0x00ebebeb, 0x00ebebeb, 0x00ebebeb, 0x00ebebeb, 0xffebebeb, 0x00ebebeb, 0x00ebebeb, 0x00ebebeb, 0x00ebebeb,
  0xffebebeb, 0xffebebeb, 0xffebebeb, 0xffebebeb, 0xffebebeb, 0xffebebeb, 0xffebebeb, 0xffebebeb, 0xffebebeb, 0xffebebeb, 0xffebebeb, 0x00ebebeb,
  0x00ebebeb, 0x00ebebeb, 0x00ebebeb, 0xffebebeb, 0x00ebebeb, 0x00ebebeb, 0x00ebebeb, 0xffebebeb, 0x00ebebeb, 0x00ebebeb, 0xffebebeb, 0x00ebebeb,
  0x00ebebeb, 0x00ebebeb, 0xffebebeb, 0x00ebebeb, 0x00ebebeb, 0xffebebeb, 0x00ebebeb, 0x00ebebeb, 0xffebebeb, 0x00ebebeb, 0x00ebebeb, 0x00ebebeb,
  0x00ebebeb, 0xffebebeb, 0x00ebebeb, 0x00ebebeb, 0x00ebebeb, 0x00ebebeb, 0xffebebeb, 0xffebebeb, 0xffebebeb, 0x00ebebeb, 0x00ebebeb, 0x00ebebeb,
  0x00ebebeb, 0xffebebeb, 0x00ebebeb, 0x00ebebeb, 0x00ebebeb, 0x00ebebeb, 0x00ebebeb, 0x00ebebeb, 0x00ebebeb, 0x00ebebeb, 0x00ebebeb, 0x00ebebeb,
  0x00ebebeb, 0xffebebeb, 0xffebebeb, 0xffebebeb, 0xffebebeb, 0xffebebeb, 0xffebebeb, 0xffebebeb, 0xffebebeb, 0xffebebeb, 0x00ebebeb, 0x00ebebeb,
  0xffebebeb, 0x00ebebeb, 0xffebebeb, 0xffebebeb, 0xffebebeb, 0xffebebeb, 0xffebebeb, 0xffebebeb, 0xffebebeb, 0xffebebeb, 0xffebebeb, 0x00ebebeb,
  0x00ebebeb, 0xffebebeb, 0x00ebebeb, 0x00ebebeb, 0xffebebeb, 0x00ebebeb, 0x00ebebeb, 0xffebebeb, 0x00ebebeb, 0xffebebeb, 0x00ebebeb, 0x00ebebeb,
  0xffebebeb, 0xffebebeb, 0x00ebebeb, 0x00ebebeb, 0x00ebebeb, 0x00ebebeb, 0xffebebeb, 0x00ebebeb, 0x00ebebeb, 0xffebebeb, 0x00ebebeb, 0x00ebebeb,
  0xffebebeb, 0xffebebeb, 0xffebebeb, 0x00ebebeb, 0xffebebeb, 0x00ebebeb, 0x00ebebeb, 0x00ebebeb, 0xffebebeb, 0x00ebebeb, 0x00ebebeb, 0x00ebebeb,
  0x00ebebeb, 0x00ebebeb, 0xffebebeb, 0x00ebebeb, 0x00ebebeb, 0x00ebebeb, 0x00ebebeb, 0x00ebebeb, 0xffebebeb, 0x00ebebeb, 0x00ebebeb, 0x00ebebeb,
  0x00ebebeb, 0x00ebebeb, 0xffebebeb, 0x00ebebeb, 0xffebebeb, 0x00ebebeb, 0x00ebebeb, 0x00ebebeb, 0xffebebeb, 0x00ebebeb, 0x00ebebeb, 0x00ebebeb,
  0x00ebebeb, 0x00ebebeb, 0xffebebeb, 0xffebebeb, 0xffebebeb, 0xffebebeb, 0xffebebeb, 0xffebebeb, 0xffebebeb, 0xffebebeb, 0x00ebebeb, 0x00ebebeb,
  0x00ebebeb, 0x00ebebeb, 0xffebebeb, 0xffebebeb, 0xffebebeb, 0xffebebeb, 0xffebebeb, 0xffebebeb, 0xffebebeb, 0xffebebeb, 0xffebebeb, 0x00ebebeb,
  0x00ebebeb, 0xffebebeb, 0x00ebebeb, 0x00ebebeb, 0x00ebebeb, 0xffebebeb, 0x00ebebeb, 0x00ebebeb, 0xffebebeb, 0x00ebebeb, 0x00ebebeb, 0x00ebebeb,
  0xffebebeb, 0xffebebeb, 0x00ebebeb, 0x00ebebeb, 0x00ebebeb, 0xffebebeb, 0xffebebeb, 0xffebebeb, 0xffebebeb, 0xffebebeb, 0x00ebebeb, 0x00ebebeb,
  0x00ebebeb, 0x00ebebeb, 0x00ebebeb, 0x00ebebeb, 0x00ebebeb, 0xffebebeb, 0x00ebebeb, 0x00ebebeb, 0x00ebebeb, 0x00ebebeb, 0x00ebebeb, 0x00ebebeb,
  0x00ebebeb, 0xffebebeb, 0x00ebebeb, 0xffebebeb, 0x00ebebeb, 0x00ebebeb, 0xffebebeb, 0x00ebebeb, 0xffebebeb, 0x00ebebeb, 0xffebebeb, 0x00ebebeb,
  0x00ebebeb, 0x00ebebeb, 0xffebebeb, 0xffebebeb, 0x00ebebeb, 0xffebebeb, 0xffebebeb, 0xffebebeb, 0x00ebebeb, 0x00ebebeb, 0x00ebebeb, 0x00ebebeb,
  0x00ebebeb, 0xffebebeb, 0x00ebebeb, 0x00ebebeb, 0x00ebebeb, 0xffebebeb, 0x00ebebeb, 0xffebebeb, 0x00ebebeb, 0xffebebeb, 0x00ebebeb, 0x00ebebeb,
  0x00ebebeb, 0xffebebeb, 0x00ebebeb, 0xffebebeb, 0xffebebeb, 0xffebebeb, 0xffebebeb, 0xffebebeb, 0xffebebeb, 0xffebebeb, 0x00ebebeb, 0x00ebebeb,
  0x00ebebeb, 0x00ebebeb, 0x00ebebeb, 0x00ebebeb, 0x00ebebeb, 0xffebebeb, 0x00ebebeb, 0x00ebebeb, 0x00ebebeb, 0x00ebebeb, 0x00ebebeb, 0x00ebebeb,
  0xffebebeb, 0x00ebebeb, 0xffebebeb, 0x00ebebeb, 0x00ebebeb, 0x00ebebeb, 0x00ebebeb, 0xffebebeb, 0x00ebebeb, 0x00ebebeb, 0x00ebebeb, 0x00ebebeb,
  0xffebebeb, 0xffebebeb, 0xffebebeb, 0xffebebeb, 0xffebebeb, 0x00ebebeb, 0x00ebebeb, 0xffebebeb, 0x00ebebeb, 0xffebebeb, 0x00ebebeb, 0x00ebebeb,
  0x00ebebeb, 0xffebebeb, 0x00ebebeb, 0x00ebebeb, 0x00ebebeb, 0xffebebeb, 0x00ebebeb, 0x00ebebeb, 0x00ebebeb, 0xffebebeb, 0x00ebebeb, 0x00ebebeb,
  0x00ebebeb, 0xffebebeb, 0x00ebebeb, 0x00ebebeb, 0xffebebeb, 0x00ebebeb, 0xffebebeb, 0xffebebeb, 0xffebebeb, 0xffebebeb, 0xffebebeb, 0x00ebebeb,
  0x00ebebeb, 0x00ebebeb, 0xffebebeb, 0x00ebebeb, 0x00ebebeb, 0x00ebebeb, 0x00ebebeb, 0x00ebebeb, 0xffebebeb, 0x00ebebeb, 0x00ebebeb, 0x00ebebeb,
  0x00ebebeb, 0x00ebebeb, 0xffebebeb, 0x00ebebeb, 0x00ebebeb, 0xffebebeb, 0x00ebebeb, 0xffebebeb, 0x00ebebeb, 0x00ebebeb, 0x00ebebeb, 0x00ebebeb,
  0x00ebebeb, 0xffebebeb, 0xffebebeb, 0x00ebebeb, 0x00ebebeb, 0x00ebebeb, 0x00ebebeb, 0x00ebebeb, 0x00ebebeb, 0xffebebeb, 0x00ebebeb, 0x00ebebeb,
  0x00ebebeb, 0x00ebebeb, 0xffebebeb, 0xffebebeb, 0x00ebebeb, 0x00ebebeb, 0x00ebebeb, 0x00ebebeb, 0x00ebebeb, 0x00ebebeb, 0xffebebeb, 0x00ebebeb,
  0x00ebebeb, 0xffebebeb, 0x00ebebeb, 0x00ebebeb, 0xffebebeb, 0x00ebebeb, 0x00ebebeb, 0x00ebebeb, 0xffebebeb, 0x00ebebeb, 0xffebebeb, 0x00ebebeb,
  0x00ebebeb, 0xffebebeb, 0x00ebebeb, 0x00ebebeb, 0x00ebebeb, 0x00ebebeb, 0x00ebebeb, 0xffebebeb, 0x00ebebeb, 0x00ebebeb, 0x00ebebeb, 0x00ebebeb,
  0x00ebebeb, 0x00ebebeb, 0x00ebebeb, 0x00ebebeb, 0x00ebebeb, 0xffebebeb, 0x00ebebeb, 0xffebebeb, 0x00ebebeb, 0x00ebebeb, 0x00ebebeb, 0x00ebebeb,
  0x00ebebeb, 0xffebebeb, 0x00ebebeb, 0xffebebeb, 0xffebebeb, 0xffebebeb, 0x00ebebeb, 0x00ebebeb, 0x00ebebeb, 0xffebebeb, 0xffebebeb, 0x00ebebeb,
  0xffebebeb, 0xffebebeb, 0xffebebeb, 0x00ebebeb, 0x00ebebeb, 0xffebebeb, 0x00ebebeb, 0x00ebebeb, 0x00ebebeb, 0x00ebebeb, 0xffebebeb, 0x00ebebeb,
  0x00ebebeb, 0xffebebeb, 0x00ebebeb, 0xffebebeb, 0xffebebeb, 0x00ebebeb, 0x00ebebeb, 0xffebebeb, 0x00ebebeb, 0x00ebebeb, 0xffebebeb, 0x00ebebeb,
  0x00ebebeb, 0xffebebeb, 0x00ebebeb, 0x00ebebeb, 0xffebebeb, 0x00ebebeb, 0x00ebebeb, 0x00ebebeb, 0xffebebeb, 0x00ebebeb, 0x00ebebeb, 0x00ebebeb,
  0x00ebebeb, 0xffebebeb, 0xffebebeb, 0xffebebeb, 0xffebebeb, 0xffebebeb, 0xffebebeb, 0xffebebeb, 0xffebebeb, 0xffebebeb, 0x00ebebeb, 0x00ebebeb,
  0xffebebeb, 0x00ebebeb, 0xffebebeb, 0x00ebebeb, 0x00ebebeb, 0x00ebebeb, 0xffebebeb, 0x00ebebeb, 0xffebebeb, 0x00ebebeb, 0x00ebebeb, 0x00ebebeb,
  0x00ebebeb, 0x00ebebeb, 0xffebebeb, 0x00ebebeb, 0xffebebeb, 0x00ebebeb, 0x00ebebeb, 0x00ebebeb, 0x00ebebeb, 0xffebebeb, 0x00ebebeb, 0x00ebebeb,
  0x00ebebeb, 0xffebebeb, 0x00ebebeb, 0x00ebebeb, 0x00ebebeb, 0x00ebebeb, 0xffebebeb, 0x00ebebeb, 0xffebebeb, 0x00ebebeb, 0x00ebebeb, 0x00ebebeb,
  0x00ebebeb, 0xffebebeb, 0x00ebebeb, 0xffebebeb, 0xffebebeb, 0x00ebebeb, 0x00ebebeb, 0x00ebebeb, 0xffebebeb, 0x00ebebeb, 0x00ebebeb, 0x00ebebeb,
  0x00ebebeb, 0xffebebeb, 0x00ebebeb, 0x00ebebeb, 0x00ebebeb, 0x00ebebeb, 0x00ebebeb, 0x00ebebeb, 0xffebebeb, 0x00ebebeb, 0x00ebebeb, 0x00ebebeb,
  0x00ebebeb, 0xffebebeb, 0x00ebebeb, 0x00ebebeb, 0x00ebebeb, 0x00ebebeb, 0xffebebeb, 0x00ebebeb, 0x00ebebeb, 0x00ebebeb, 0x00ebebeb, 0x00ebebeb,
  0xffebebeb, 0x00ebebeb, 0xffebebeb, 0xffebebeb, 0xffebebeb, 0xffebebeb, 0xffebebeb, 0xffebebeb, 0xffebebeb, 0xffebebeb, 0x00ebebeb, 0x00ebebeb,
  0x00ebebeb, 0xffebebeb, 0x00ebebeb, 0xffebebeb, 0x00ebebeb, 0x00ebebeb, 0x00ebebeb, 0x00ebebeb, 0x00ebebeb, 0x00ebebeb, 0xffebebeb, 0x00ebebeb,
  0x00ebebeb, 0xffebebeb, 0x00ebebeb, 0xffebebeb, 0x00ebebeb, 0x00ebebeb, 0x00ebebeb, 0x00ebebeb, 0xffebebeb, 0xffebebeb, 0xffebebeb, 0x00ebebeb,
  0x00ebebeb, 0xffebebeb, 0x00ebebeb, 0x00ebebeb, 0xffebebeb, 0xffebebeb, 0xffebebeb, 0xffebebeb, 0xffebebeb, 0xffebebeb, 0xffebebeb, 0x00ebebeb,
  0x00ebebeb, 0x00ebebeb, 0x00ebebeb, 0x00ebebeb, 0x00ebebeb, 0xffebebeb, 0x00ebebeb, 0x00ebebeb, 0xffebebeb, 0x00ebebeb, 0x00ebebeb, 0x00ebebeb,
  0xffebebeb, 0x00ebebeb, 0x00ebebeb, 0xffebebeb, 0x00ebebeb, 0x00ebebeb, 0x00ebebeb, 0x00ebebeb, 0x00ebebeb, 0x00ebebeb, 0xffebebeb, 0x00ebebeb,
  0x00ebebeb, 0x00ebebeb, 0xffebebeb, 0x00ebebeb, 0x00ebebeb, 0xffebebeb, 0x00ebebeb, 0x00ebebeb, 0x00ebebeb, 0x00ebebeb, 0xffebebeb, 0x00ebebeb,
  0xffebebeb, 0x00ebebeb, 0xffebebeb, 0x00ebebeb, 0x00ebebeb, 0x00ebebeb, 0x00ebebeb, 0xffebebeb, 0x00ebebeb, 0x00ebebeb, 0x00ebebeb, 0x00ebebeb,
  0x00ebebeb, 0xffebebeb, 0x00ebebeb, 0x00ebebeb, 0x00ebebeb, 0xffebebeb, 0xffebebeb, 0xffebebeb, 0x00ebebeb, 0x00ebebeb, 0x00ebebeb, 0x00ebebeb,
  0x00ebebeb, 0x00ebebeb, 0x00ebebeb, 0x00ebebeb, 0x00ebebeb, 0xffebebeb, 0x00ebebeb, 0x00ebebeb, 0x00ebebeb, 0x00ebebeb, 0x00ebebeb, 0x00ebebeb,
  0xffebebeb, 0xffebebeb, 0xffebebeb, 0x00ebebeb, 0x00ebebeb, 0xffebebeb, 0x00ebebeb, 0x00ebebeb, 0x00ebebeb, 0xffebebeb, 0x00ebebeb, 0x00ebebeb,
  0x00ebebeb, 0xffebebeb, 0x00ebebeb, 0x00ebebeb, 0xffebebeb, 0x00ebebeb, 0x00ebebeb, 0x00ebebeb, 0x00ebebeb, 0xffebebeb, 0x00ebebeb, 0x00ebebeb,
  0x00ebebeb, 0xffebebeb, 0x00ebebeb, 0x00ebebeb, 0x00ebebeb, 0x00ebebeb, 0x00ebebeb, 0xffebebeb, 0xffebebeb, 0x00ebebeb, 0x00ebebeb, 0x00ebebeb,
  0x00ebebeb, 0xffebebeb, 0xffebebeb, 0x00ebebeb, 0xffebebeb, 0xffebebeb, 0x00ebebeb, 0x00ebebeb, 0xffebebeb, 0x00ebebeb, 0x00ebebeb, 0x00ebebeb,
  0x00ebebeb, 0xffebebeb, 0x00ebebeb, 0x00ebebeb, 0x00ebebeb, 0x00ebebeb, 0x00ebebeb, 0x00ebebeb, 0xffebebeb, 0x00ebebeb, 0x00ebebeb, 0x00ebebeb,
  0x00ebebeb, 0xffebebeb, 0x00ebebeb, 0x00ebebeb, 0xffebebeb, 0xffebebeb, 0x00ebebeb, 0xffebebeb, 0xffebebeb, 0x00ebebeb, 0x00ebebeb, 0x00ebebeb,
  0x00ebebeb, 0x00ebebeb, 0xffebebeb, 0x00ebebeb, 0x00ebebeb, 0x00ebebeb, 0x00ebebeb, 0x00ebebeb, 0x00ebebeb, 0xffebebeb, 0x00ebebeb, 0x00ebebeb,
  0x00ebebeb, 0xffebebeb, 0x00ebebeb, 0xffebebeb, 0x00ebebeb, 0x00ebebeb, 0x00ebebeb, 0x00ebebeb, 0x00ebebeb, 0x00ebebeb, 0xffebebeb, 0x00ebebeb,
  0xffebebeb, 0x00ebebeb, 0xffebebeb, 0x00ebebeb, 0x00ebebeb, 0x00ebebeb, 0x00ebebeb, 0x00ebebeb, 0x00ebebeb, 0x00ebebeb, 0x00ebebeb, 0x00ebebeb,
  0x00ebebeb, 0xffebebeb, 0x00ebebeb, 0x00ebebeb, 0x00ebebeb, 0x00ebebeb, 0x00ebebeb, 0xffebebeb, 0x00ebebeb, 0x00ebebeb, 0x00ebebeb, 0x00ebebeb,
  0x00ebebeb, 0x00ebebeb, 0x00ebebeb, 0x00ebebeb, 0x00ebebeb, 0xffebebeb, 0x00ebebeb, 0x00ebebeb, 0x00ebebeb, 0xffebebeb, 0x00ebebeb, 0x00ebebeb,
  0xffebebeb, 0x00ebebeb, 0x00ebebeb, 0xffebebeb, 0x00ebebeb, 0x00ebebeb, 0x00ebebeb, 0x00ebebeb, 0x00ebebeb, 0xffebebeb, 0xffebebeb, 0x00ebebeb,
  0x00ebebeb, 0x00ebebeb, 0xffebebeb, 0x00ebebeb, 0x00ebebeb, 0x00ebebeb, 0xffebebeb, 0xffebebeb, 0xffebebeb, 0xffebebeb, 0xffebebeb, 0x00ebebeb,
  0xffebebeb, 0x00ebebeb, 0x00ebebeb, 0xffebebeb, 0xffebebeb, 0xffebebeb, 0xffebebeb, 0xffebebeb, 0xffebebeb, 0xffebebeb, 0xffebebeb, 0x00ebebeb,
  0xffebebeb, 0x00ebebeb, 0xffebebeb, 0xffebebeb, 0xffebebeb, 0x00ebebeb, 0x00ebebeb, 0x00ebebeb, 0xffebebeb, 0xffebebeb, 0xffebebeb, 0x00ebebeb,
  0xffebebeb, 0xffebebeb, 0xffebebeb, 0xffebebeb, 0xffebebeb, 0xffebebeb, 0xffebebeb, 0xffebebeb, 0xffebebeb, 0xffebebeb, 0xffebebeb, 0x00ebebeb,
  0x00ebebeb, 0x00ebebeb, 0x00ebebeb, 0xffebebeb, 0xffebebeb, 0x00ebebeb, 0x00ebebeb, 0x00ebebeb, 0x00ebebeb, 0x00ebebeb, 0xffebebeb, 0x00ebebeb,
  0xffebebeb, 0x00ebebeb, 0x00ebebeb, 0xffebebeb, 0xffebebeb, 0x00ebebeb, 0x00ebebeb, 0xffebebeb, 0xffebebeb, 0xffebebeb, 0x00ebebeb, 0x00ebebeb,
  0xffebebeb, 0xffebebeb, 0x00ebebeb, 0x00ebebeb, 0xffebebeb, 0xffebebeb, 0xffebebeb, 0x00ebebeb, 0x00ebebeb, 0xffebebeb, 0xffebebeb, 0x00ebebeb,
  0x00ebebeb, 0xffebebeb, 0x00ebebeb, 0xffebebeb, 0x00ebebeb, 0x00ebebeb, 0xffebebeb, 0xffebebeb, 0xffebebeb, 0xffebebeb, 0xffebebeb, 0x00ebebeb,
  0xffebebeb, 0x00ebebeb, 0x00ebebeb, 0x00ebebeb, 0x00ebebeb, 0x00ebebeb, 0x00ebebeb, 0x00ebebeb, 0xffebebeb, 0x00ebebeb, 0x00ebebeb, 0x00ebebeb,
  0xffebebeb, 0x00ebebeb, 0xffebebeb, 0xffebebeb, 0x00ebebeb, 0x00ebebeb, 0x00ebebeb, 0x00ebebeb, 0x00ebebeb, 0xffebebeb, 0xffebebeb, 0x00ebebeb,
  0x00ebebeb, 0x00ebebeb, 0xffebebeb, 0xffebebeb, 0xffebebeb, 0xffebebeb, 0xffebebeb, 0xffebebeb, 0xffebebeb, 0xffebebeb, 0x00ebebeb, 0x00ebebeb,
  0xffebebeb, 0x00ebebeb, 0x00ebebeb, 0xffebebeb, 0xffebebeb, 0xffebebeb, 0xffebebeb, 0xffebebeb, 0xffebebeb, 0xffebebeb, 0xffebebeb, 0x00ebebeb,
  0xffebebeb, 0x00ebebeb, 0x00ebebeb, 0xffebebeb, 0xffebebeb, 0xffebebeb, 0xffebebeb, 0xffebebeb, 0xffebebeb, 0xffebebeb, 0xffebebeb, 0x00ebebeb,
  0xffebebeb, 0xffebebeb, 0x00ebebeb, 0x00ebebeb, 0x00ebebeb, 0x00ebebeb, 0x00ebebeb, 0xffebebeb, 0x00ebebeb, 0x00ebebeb, 0x00ebebeb, 0x00ebebeb,
  0x00ebebeb, 0x00ebebeb, 0x00ebebeb, 0x00ebebeb, 0x00ebebeb, 0xffebebeb, 0x00ebebeb, 0x00ebebeb, 0x00ebebeb, 0x00ebebeb, 0x00ebebeb, 0x00ebebeb,
  0x00ebebeb, 0x00ebebeb, 0x00ebebeb, 0x00ebebeb, 0x00ebebeb, 0x00ebebeb, 0x00ebebeb, 0x00ebebeb, 0x00ebebeb, 0x00ebebeb, 0x00ebebeb, 0x00ebebeb,
  0x00ebebeb, 0x00ebebeb, 0x00ebebeb, 0x00ebebeb, 0x00ebebeb, 0x00ebebeb, 0x00ebebeb, 0x00ebebeb, 0x00ebebeb, 0x00ebebeb, 0x00ebebeb, 0x00ebebeb,
  0x00ebebeb, 0x00ebebeb, 0x00ebebeb, 0x00ebebeb, 0x00ebebeb, 0x00ebebeb, 0x00ebebeb, 0x00ebebeb, 0x00ebebeb, 0x00ebebeb, 0x00ebebeb, 0x00ebebeb,
  0x00ebebeb, 0x00ebebeb, 0x00ebebeb, 0x00ebebeb, 0x00ebebeb, 0x00ebebeb, 0x00ebebeb, 0x00ebebeb, 0x00ebebeb, 0x00ebebeb, 0x00ebebeb, 0x00ebebeb,
  0x00ebebeb, 0x00ebebeb, 0x00ebebeb, 0x00ebebeb, 0x00ebebeb, 0x00ebebeb, 0x00ebebeb, 0x00ebebeb, 0x00ebebeb, 0x00ebebeb, 0x00ebebeb, 0x00ebebeb,
  0x00ebebeb, 0x00ebebeb, 0x00ebebeb, 0x00ebebeb, 0x00ebebeb, 0x00ebebeb, 0x00ebebeb, 0x00ebebeb, 0x00ebebeb, 0x00ebebeb, 0x00ebebeb, 0x00ebebeb,
  0x00ebebeb, 0x00ebebeb, 0x00ebebeb, 0x00ebebeb, 0x00ebebeb, 0x00ebebeb, 0x00ebebeb, 0x00ebebeb, 0x00ebebeb, 0x00ebebeb, 0x00ebebeb, 0x00ebebeb,
  0x00ebebeb, 0x00ebebeb, 0x00ebebeb, 0x00ebebeb, 0x00ebebeb, 0x00ebebeb, 0x00ebebeb, 0x00ebebeb, 0x00ebebeb, 0x00ebebeb, 0x00ebebeb, 0x00ebebeb,
  0x00ebebeb, 0x00ebebeb, 0x00ebebeb, 0x00ebebeb, 0x00ebebeb, 0x00ebebeb, 0x00ebebeb, 0x00ebebeb, 0x00ebebeb, 0x00ebebeb, 0x00ebebeb, 0x00ebebeb,
  0x00ebebeb, 0x00ebebeb, 0x00ebebeb, 0x00ebebeb, 0x00ebebeb, 0x00ebebeb, 0x00ebebeb, 0x00ebebeb, 0x00ebebeb, 0x00ebebeb, 0x00ebebeb, 0x00ebebeb,
  0x00ebebeb, 0x00ebebeb, 0x00ebebeb, 0x00ebebeb, 0x00ebebeb, 0x00ebebeb, 0x00ebebeb, 0x00ebebeb, 0x00ebebeb, 0x00ebebeb, 0x00ebebeb, 0x00ebebeb,
  0x00ebebeb, 0x00ebebeb, 0x00ebebeb, 0x00ebebeb, 0x00ebebeb, 0x00ebebeb, 0x00ebebeb, 0x00ebebeb, 0x00ebebeb, 0x00ebebeb, 0x00ebebeb, 0x00ebebeb,
  0x00ebebeb, 0x00ebebeb, 0x00ebebeb, 0x00ebebeb, 0x00ebebeb, 0x00ebebeb, 0x00ebebeb, 0x00ebebeb, 0x00ebebeb, 0x00ebebeb, 0x00ebebeb, 0x00ebebeb,
  0x00ebebeb, 0x00ebebeb, 0x00ebebeb, 0x00ebebeb, 0x00ebebeb, 0x00ebebeb, 0x00ebebeb, 0x00ebebeb, 0x00ebebeb, 0x00ebebeb, 0x00ebebeb, 0x00ebebeb,
  0x00ebebeb, 0x00ebebeb, 0x00ebebeb, 0x00ebebeb, 0x00ebebeb, 0x00ebebeb, 0x00ebebeb, 0x00ebebeb, 0x00ebebeb, 0x00ebebeb, 0x00ebebeb, 0x00ebebeb,
  0x00ebebeb, 0x00ebebeb, 0x00ebebeb, 0x00ebebeb, 0x00ebebeb, 0x00ebebeb, 0x00ebebeb, 0x00ebebeb, 0x00ebebeb, 0x00ebebeb, 0x00ebebeb, 0x00ebebeb,
  0x00ebebeb, 0x00ebebeb, 0xffebebeb, 0x00ebebeb, 0x00ebebeb, 0xffebebeb, 0x00ebebeb, 0x00ebebeb, 0xffebebeb, 0x00ebebeb, 0x00ebebeb, 0x00ebebeb,
  0xffebebeb, 0x00ebebeb, 0x00ebebeb, 0x00ebebeb, 0x00ebebeb, 0x00ebebeb, 0x00ebebeb, 0x00ebebeb, 0xffebebeb, 0xffebebeb, 0xffebebeb, 0x00ebebeb,
  0xffebebeb, 0xffebebeb, 0xffebebeb, 0xffebebeb, 0xffebebeb, 0xffebebeb, 0xffebebeb, 0xffebebeb, 0xffebebeb, 0xffebebeb, 0xffebebeb, 0x00ebebeb,
  0x00ebebeb, 0xffebebeb, 0xffebebeb, 0xffebebeb, 0xffebebeb, 0xffebebeb, 0xffebebeb, 0xffebebeb, 0xffebebeb, 0xffebebeb, 0x00ebebeb, 0x00ebebeb,
  0x00ebebeb, 0xffebebeb, 0xffebebeb, 0xffebebeb, 0xffebebeb, 0xffebebeb, 0xffebebeb, 0xffebebeb, 0xffebebeb, 0xffebebeb, 0x00ebebeb, 0x00ebebeb,
  0x00ebebeb, 0x00ebebeb, 0xffebebeb, 0x00ebebeb, 0x00ebebeb, 0x00ebebeb, 0xffebebeb, 0x00ebebeb, 0xffebebeb, 0x00ebebeb, 0x00ebebeb, 0x00ebebeb,
  0x00ebebeb, 0x00ebebeb, 0x00ebebeb, 0x00ebebeb, 0x00ebebeb, 0x00ebebeb, 0x00ebebeb, 0xffebebeb, 0x00ebebeb, 0xffebebeb, 0x00ebebeb, 0x00ebebeb,
  0x00ebebeb, 0x00ebebeb, 0x00ebebeb, 0x00ebebeb, 0x00ebebeb, 0xffebebeb, 0x00ebebeb, 0x00ebebeb, 0x00ebebeb, 0x00ebebeb, 0x00ebebeb, 0x00ebebeb,
  0x00ebebeb, 0xffebebeb, 0xffebebeb, 0xffebebeb, 0xffebebeb, 0xffebebeb, 0xffebebeb, 0xffebebeb, 0xffebebeb, 0xffebebeb, 0xffebebeb, 0x00ebebeb,
  0x00ebebeb, 0x00ebebeb, 0xffebebeb, 0x00ebebeb, 0x00ebebeb, 0x00ebebeb, 0x00ebebeb, 0xffebebeb, 0x00ebebeb, 0x00ebebeb, 0x00ebebeb, 0x00ebebeb,
  0x00ebebeb, 0xffebebeb, 0x00ebebeb, 0x00ebebeb, 0x00ebebeb, 0x00ebebeb, 0xffebebeb, 0x00ebebeb, 0x00ebebeb, 0x00ebebeb, 0x00ebebeb, 0x00ebebeb,
  0x00ebebeb, 0x00ebebeb, 0xffebebeb, 0x00ebebeb, 0x00ebebeb, 0x00ebebeb, 0x00ebebeb, 0xffebebeb, 0x00ebebeb, 0x00ebebeb, 0x00ebebeb, 0x00ebebeb,
  0xffebebeb, 0x00ebebeb, 0x00ebebeb, 0x00ebebeb, 0x00ebebeb, 0x00ebebeb, 0xffebebeb, 0x00ebebeb, 0x00ebebeb, 0x00ebebeb, 0x00ebebeb, 0x00ebebeb,
  0x00ebebeb, 0x00ebebeb, 0xffebebeb, 0x00ebebeb, 0x00ebebeb, 0xffebebeb, 0xffebebeb, 0xffebebeb, 0xffebebeb, 0xffebebeb, 0xffebebeb, 0x00ebebeb,
  0x00ebebeb, 0x00ebebeb, 0xffebebeb, 0x00ebebeb, 0x00ebebeb, 0xffebebeb, 0xffebebeb, 0xffebebeb, 0xffebebeb, 0xffebebeb, 0x00ebebeb, 0x00ebebeb,
  0xffebebeb, 0x00ebebeb, 0x00ebebeb, 0x00ebebeb, 0x00ebebeb, 0xffebebeb, 0x00ebebeb, 0xffebebeb, 0x00ebebeb, 0x00ebebeb, 0x00ebebeb, 0x00ebebeb,
  0xffebebeb, 0xffebebeb, 0xffebebeb, 0xffebebeb, 0xffebebeb, 0xffebebeb, 0xffebebeb, 0xffebebeb, 0xffebebeb, 0xffebebeb, 0xffebebeb, 0x00ebebeb,
  0x00ebebeb, 0xffebebeb, 0x00ebebeb, 0x00ebebeb, 0xffebebeb, 0xffebebeb, 0xffebebeb, 0xffebebeb, 0x00ebebeb, 0x00ebebeb, 0x00ebebeb, 0x00ebebeb,
  0xffebebeb, 0x00ebebeb, 0x00ebebeb, 0x00ebebeb, 0x00ebebeb, 0x00ebebeb, 0x00ebebeb, 0x00ebebeb, 0x00ebebeb, 0x00ebebeb, 0xffebebeb, 0x00ebebeb,
  0x00ebebeb, 0xffebebeb, 0x00ebebeb, 0x00ebebeb, 0x00ebebeb, 0x00ebebeb, 0x00ebebeb, 0x00ebebeb, 0x00ebebeb, 0xffebebeb, 0x00ebebeb, 0x00ebebeb,
  0x00ebebeb, 0x00ebebeb, 0x00ebebeb, 0x00ebebeb, 0x00ebebeb, 0x00ebebeb, 0x00ebebeb, 0x00ebebeb, 0x00ebebeb, 0x00ebebeb, 0x00ebebeb, 0x00ebebeb,
  0x00ebebeb, 0x00ebebeb, 0xffebebeb, 0x00ebebeb, 0xffebebeb, 0xffebebeb, 0xffebebeb, 0xffebebeb, 0xffebebeb, 0xffebebeb, 0xffebebeb, 0x00ebebeb,
  0x00ebebeb, 0x00ebebeb, 0x00ebebeb, 0x00ebebeb, 0x00ebebeb, 0x00ebebeb, 0x00ebebeb, 0xffebebeb, 0x00ebebeb, 0x00ebebeb, 0xffebebeb, 0x00ebebeb,
  0xffebebeb, 0xffebebeb, 0xffebebeb, 0xffebebeb, 0xffebebeb, 0xffebebeb, 0xffebebeb, 0xffebebeb, 0xffebebeb, 0xffebebeb, 0xffebebeb, 0x00ebebeb,
  0x00ebebeb, 0xffebebeb, 0x00ebebeb, 0x00ebebeb, 0x00ebebeb, 0x00ebebeb, 0xffebebeb, 0x00ebebeb, 0x00ebebeb, 0x00ebebeb, 0x00ebebeb, 0x00ebebeb,
  0x00ebebeb, 0x00ebebeb, 0xffebebeb, 0x00ebebeb, 0x00ebebeb, 0x00ebebeb, 0x00ebebeb, 0xffebebeb, 0x00ebebeb, 0x00ebebeb, 0x00ebebeb, 0x00ebebeb,
  0x00ebebeb, 0xffebebeb, 0x00ebebeb, 0x00ebebeb, 0x00ebebeb, 0x00ebebeb, 0x00ebebeb, 0xffebebeb, 0x00ebebeb, 0x00ebebeb, 0x00ebebeb, 0x00ebebeb,
  0x00ebebeb, 0x00ebebeb, 0xffebebeb, 0x00ebebeb, 0x00ebebeb, 0x00ebebeb, 0x00ebebeb, 0xffebebeb, 0x00ebebeb, 0x00ebebeb, 0x00ebebeb, 0x00ebebeb,
  0x00ebebeb, 0xffebebeb, 0x00ebebeb, 0x00ebebeb, 0x00ebebeb, 0x00ebebeb, 0xffebebeb, 0x00ebebeb, 0x00ebebeb, 0x00ebebeb, 0x00ebebeb, 0x00ebebeb,
  0x00ebebeb, 0xffebebeb, 0x00ebebeb, 0x00ebebeb, 0x00ebebeb, 0xffebebeb, 0x00ebebeb, 0x00ebebeb, 0x00ebebeb, 0xffebebeb, 0x00ebebeb, 0x00ebebeb,
  0x00ebebeb, 0x00ebebeb, 0xffebebeb, 0x00ebebeb, 0x00ebebeb, 0x00ebebeb, 0x00ebebeb, 0x00ebebeb, 0x00ebebeb, 0x00ebebeb, 0x00ebebeb, 0x00ebebeb,
  0x00ebebeb, 0xffebebeb, 0x00ebebeb, 0x00ebebeb, 0x00ebebeb, 0xffebebeb, 0x00ebebeb, 0x00ebebeb, 0xffebebeb, 0x00ebebeb, 0x00ebebeb, 0x00ebebeb,
  0x00ebebeb, 0x00ebebeb, 0xffebebeb, 0x00ebebeb, 0x00ebebeb, 0xffebebeb, 0x00ebebeb, 0x00ebebeb, 0xffebebeb, 0x00ebebeb, 0x00ebebeb, 0x00ebebeb,
  0x00ebebeb, 0x00ebebeb, 0x00ebebeb, 0x00ebebeb, 0xffebebeb, 0x00ebebeb, 0x00ebebeb, 0x00ebebeb, 0x00ebebeb, 0x00ebebeb, 0x00ebebeb, 0x00ebebeb,
  0xffebebeb, 0x00ebebeb, 0x00ebebeb, 0x00ebebeb, 0x00ebebeb, 0x00ebebeb, 0x00ebebeb, 0x00ebebeb, 0x00ebebeb, 0x00ebebeb, 0xffebebeb, 0x00ebebeb,
  0x00ebebeb, 0xffebebeb, 0xffebebeb, 0xffebebeb, 0xffebebeb, 0xffebebeb, 0xffebebeb, 0xffebebeb, 0xffebebeb, 0xffebebeb, 0x00ebebeb, 0x00ebebeb,
  0x00ebebeb, 0x00ebebeb, 0x00ebebeb, 0x00ebebeb, 0x00ebebeb, 0x00ebebeb, 0x00ebebeb, 0x00ebebeb, 0x00ebebeb, 0x00ebebeb, 0x00ebebeb, 0x00ebebeb,
  0xffebebeb, 0xffebebeb, 0xffebebeb, 0xffebebeb, 0x00ebebeb, 0x00ebebeb, 0xffebebeb, 0x00ebebeb, 0xffebebeb, 0x00ebebeb, 0x00ebebeb, 0x00ebebeb,
  0xffebebeb, 0xffebebeb, 0xffebebeb, 0xffebebeb, 0xffebebeb, 0xffebebeb, 0xffebebeb, 0xffebebeb, 0xffebebeb, 0xffebebeb, 0xffebebeb, 0x00ebebeb,
  0xffebebeb, 0x00ebebeb, 0x00ebebeb, 0xffebebeb, 0x00ebebeb, 0x00ebebeb, 0x00ebebeb, 0xffebebeb, 0x00ebebeb, 0x00ebebeb, 0xffebebeb, 0x00ebebeb,
  0x00ebebeb, 0xffebebeb, 0x00ebebeb, 0xffebebeb, 0xffebebeb, 0xffebebeb, 0xffebebeb, 0xffebebeb, 0xffebebeb, 0xffebebeb, 0x00ebebeb, 0x00ebebeb,
  0xffebebeb, 0xffebebeb, 0xffebebeb, 0xffebebeb, 0x00ebebeb, 0x00ebebeb, 0xffebebeb, 0x00ebebeb, 0x00ebebeb, 0xffebebeb, 0x00ebebeb, 0x00ebebeb,
  0xffebebeb, 0xffebebeb, 0xffebebeb, 0x00ebebeb, 0xffebebeb, 0xffebebeb, 0xffebebeb, 0xffebebeb, 0xffebebeb, 0xffebebeb, 0xffebebeb, 0x00ebebeb,
  0x00ebebeb, 0xffebebeb, 0x00ebebeb, 0x00ebebeb, 0xffebebeb, 0xffebebeb, 0xffebebeb, 0xffebebeb, 0xffebebeb, 0xffebebeb, 0xffebebeb, 0x00ebebeb,
  0x00ebebeb, 0x00ebebeb, 0x00ebebeb, 0x00ebebeb, 0xffebebeb, 0xffebebeb, 0xffebebeb, 0xffebebeb, 0xffebebeb, 0xffebebeb, 0xffebebeb, 0x00ebebeb,
  0xffebebeb, 0x00ebebeb, 0x00ebebeb, 0x00ebebeb, 0xffebebeb, 0xffebebeb, 0xffebebeb, 0xffebebeb, 0xffebebeb, 0xffebebeb, 0x00ebebeb, 0x00ebebeb,
  0xffebebeb, 0xffebebeb, 0xffebebeb, 0xffebebeb, 0x00ebebeb, 0x00ebebeb, 0x00ebebeb, 0x00ebebeb, 0x00ebebeb, 0x00ebebeb, 0x00ebebeb, 0x00ebebeb,
  0x00ebebeb, 0xffebebeb, 0x00ebebeb, 0x00ebebeb, 0xffebebeb, 0xffebebeb, 0xffebebeb, 0xffebebeb, 0xffebebeb, 0xffebebeb, 0xffebebeb, 0x00ebebeb,
  0x00ebebeb, 0x00ebebeb, 0x00ebebeb, 0x00ebebeb, 0x00ebebeb, 0x00ebebeb, 0x00ebebeb, 0x00ebebeb, 0x00ebebeb, 0x00ebebeb, 0x00ebebeb, 0x00ebebeb,
  0x00ebebeb, 0x00ebebeb, 0x00ebebeb, 0x00ebebeb, 0xffebebeb, 0x00ebebeb, 0x00ebebeb, 0x00ebebeb, 0x00ebebeb, 0x00ebebeb, 0x00ebebeb, 0x00ebebeb,
  0xffebebeb, 0x00ebebeb, 0x00ebebeb, 0xffebebeb, 0xffebebeb, 0xffebebeb, 0xffebebeb, 0xffebebeb, 0x00ebebeb, 0x00ebebeb, 0xffebebeb, 0x00ebebeb,
  0x00ebebeb, 0xffebebeb, 0x00ebebeb, 0x00ebebeb, 0x00ebebeb, 0x00ebebeb, 0x00ebebeb, 0x00ebebeb, 0x00ebebeb, 0xffebebeb, 0x00ebebeb, 0x00ebebeb,
  0xffebebeb, 0xffebebeb, 0xffebebeb, 0xffebebeb, 0xffebebeb, 0xffebebeb, 0xffebebeb, 0xffebebeb, 0xffebebeb, 0xffebebeb, 0xffebebeb, 0x00ebebeb,
  0x00ebebeb, 0x00ebebeb, 0xffebebeb, 0x00ebebeb, 0x00ebebeb, 0xffebebeb, 0xffebebeb, 0xffebebeb, 0xffebebeb, 0xffebebeb, 0x00ebebeb, 0x00ebebeb,
  0x00ebebeb, 0x00ebebeb, 0x00ebebeb, 0x00ebebeb, 0x00ebebeb, 0x00ebebeb, 0x00ebebeb, 0xffebebeb, 0x00ebebeb, 0x00ebebeb, 0x00ebebeb, 0x00ebebeb,
  0x00ebebeb, 0xffebebeb, 0xffebebeb, 0xffebebeb, 0xffebebeb, 0xffebebeb, 0xffebebeb, 0xffebebeb, 0xffebebeb, 0xffebebeb, 0x00ebebeb, 0x00ebebeb,
  0x00ebebeb, 0xffebebeb, 0x00ebebeb, 0xffebebeb, 0x00ebebeb, 0x00ebebeb, 0x00ebebeb, 0x00ebebeb, 0x00ebebeb, 0xffebebeb, 0x00ebebeb, 0x00ebebeb,
  0x00ebebeb, 0xffebebeb, 0x00ebebeb, 0xffebebeb, 0x00ebebeb, 0xffebebeb, 0x00ebebeb, 0x00ebebeb, 0x00ebebeb, 0xffebebeb, 0x00ebebeb, 0x00ebebeb,
  0x00ebebeb, 0xffebebeb, 0x00ebebeb, 0x00ebebeb, 0x00ebebeb, 0x00ebebeb, 0x00ebebeb, 0x00ebebeb, 0x00ebebeb, 0x00ebebeb, 0x00ebebeb, 0x00ebebeb,
  0x00ebebeb, 0xffebebeb, 0x00ebebeb, 0x00ebebeb, 0xffebebeb, 0x00ebebeb, 0x00ebebeb, 0xffebebeb, 0x00ebebeb, 0x00ebebeb, 0xffebebeb, 0x00ebebeb,
  0x00ebebeb, 0x00ebebeb, 0x00ebebeb, 0x00ebebeb, 0x00ebebeb, 0x00ebebeb, 0xffebebeb, 0x00ebebeb, 0x00ebebeb, 0x00ebebeb, 0xffebebeb, 0x00ebebeb,
  0xffebebeb, 0xffebebeb, 0xffebebeb, 0xffebebeb, 0x00ebebeb, 0x00ebebeb, 0x00ebebeb, 0x00ebebeb, 0xffebebeb, 0x00ebebeb, 0x00ebebeb, 0x00ebebeb,
  0x00ebebeb, 0x00ebebeb, 0xffebebeb, 0x00ebebeb, 0xffebebeb, 0xffebebeb, 0xffebebeb, 0xffebebeb, 0xffebebeb, 0xffebebeb, 0xffebebeb, 0x00ebebeb,
  0x00ebebeb, 0x00ebebeb, 0x00ebebeb, 0xffebebeb, 0xffebebeb, 0x00ebebeb, 0x00ebebeb, 0x00ebebeb, 0xffebebeb, 0x00ebebeb, 0x00ebebeb, 0x00ebebeb,
  0xffebebeb, 0xffebebeb, 0xffebebeb, 0xffebebeb, 0xffebebeb, 0xffebebeb, 0xffebebeb, 0xffebebeb, 0xffebebeb, 0xffebebeb, 0xffebebeb, 0x00ebebeb,
  0xffebebeb, 0xffebebeb, 0x00ebebeb, 0x00ebebeb, 0xffebebeb, 0xffebebeb, 0xffebebeb, 0xffebebeb, 0xffebebeb, 0xffebebeb, 0xffebebeb, 0x00ebebeb,
  0xffebebeb, 0x00ebebeb, 0x00ebebeb, 0xffebebeb, 0x00ebebeb, 0x00ebebeb, 0x00ebebeb, 0xffebebeb, 0x00ebebeb, 0x00ebebeb, 0xffebebeb, 0x00ebebeb,
  0x00ebebeb, 0xffebebeb, 0xffebebeb, 0xffebebeb, 0xffebebeb, 0xffebebeb, 0xffebebeb, 0xffebebeb, 0xffebebeb, 0xffebebeb, 0x00ebebeb, 0x00ebebeb,
  0x00ebebeb, 0x00ebebeb, 0x00ebebeb, 0x00ebebeb, 0x00ebebeb, 0xffebebeb, 0x00ebebeb, 0x00ebebeb, 0x00ebebeb, 0x00ebebeb, 0x00ebebeb, 0x00ebebeb,
  0x00ebebeb, 0x00ebebeb, 0xffebebeb, 0x00ebebeb, 0x00ebebeb, 0xffebebeb, 0x00ebebeb, 0x00ebebeb, 0x00ebebeb, 0xffebebeb, 0x00ebebeb, 0x00ebebeb,
  0x00ebebeb, 0x00ebebeb, 0x00ebebeb, 0x00ebebeb, 0x00ebebeb, 0x00ebebeb, 0x00ebebeb, 0xffebebeb, 0x00ebebeb, 0x00ebebeb, 0x00ebebeb, 0x00ebebeb,
  0x00ebebeb, 0x00ebebeb, 0x00ebebeb, 0xffebebeb, 0x00ebebeb, 0x00ebebeb, 0x00ebebeb, 0xffebebeb, 0x00ebebeb, 0x00ebebeb, 0x00ebebeb, 0x00ebebeb,
  0x00ebebeb, 0xffebebeb, 0x00ebebeb, 0xffebebeb, 0xffebebeb, 0xffebebeb, 0xffebebeb, 0xffebebeb, 0xffebebeb, 0xffebebeb, 0x00ebebeb, 0x00ebebeb,
  0x00ebebeb, 0xffebebeb, 0x00ebebeb, 0xffebebeb, 0xffebebeb, 0xffebebeb, 0xffebebeb, 0xffebebeb, 0xffebebeb, 0x00ebebeb, 0xffebebeb, 0x00ebebeb,
  0x00ebebeb, 0xffebebeb, 0x00ebebeb, 0x00ebebeb, 0x00ebebeb, 0xffebebeb, 0x00ebebeb, 0x00ebebeb, 0x00ebebeb, 0xffebebeb, 0x00ebebeb, 0x00ebebeb,
  0xffebebeb, 0xffebebeb, 0x00ebebeb, 0x00ebebeb, 0xffebebeb, 0x00ebebeb, 0x00ebebeb, 0xffebebeb, 0x00ebebeb, 0x00ebebeb, 0xffebebeb, 0x00ebebeb,
  0xffebebeb, 0xffebebeb, 0x00ebebeb, 0x00ebebeb, 0x00ebebeb, 0x00ebebeb, 0xffebebeb, 0x00ebebeb, 0x00ebebeb, 0x00ebebeb, 0xffebebeb, 0x00ebebeb,
  0x00ebebeb, 0x00ebebeb, 0xffebebeb, 0x00ebebeb, 0xffebebeb, 0xffebebeb, 0xffebebeb, 0xffebebeb, 0xffebebeb, 0xffebebeb, 0xffebebeb, 0x00ebebeb,
  0x00ebebeb, 0x00ebebeb, 0xffebebeb, 0x00ebebeb, 0x00ebebeb, 0x00ebebeb, 0x00ebebeb, 0xffebebeb, 0x00ebebeb, 0x00ebebeb, 0x00ebebeb, 0x00ebebeb,
  0x00ebebeb, 0x00ebebeb, 0x00ebebeb, 0x00ebebeb, 0xffebebeb, 0xffebebeb, 0xffebebeb, 0xffebebeb, 0xffebebeb, 0xffebebeb, 0xffebebeb, 0x00ebebeb,
  0xffebebeb, 0x00ebebeb, 0x00ebebeb, 0x00ebebeb, 0x00ebebeb, 0xffebebeb, 0x00ebebeb, 0x00ebebeb, 0x00ebebeb, 0x00ebebeb, 0xffebebeb, 0x00ebebeb,
  0x00ebebeb, 0xffebebeb, 0x00ebebeb, 0x00ebebeb, 0xffebebeb, 0xffebebeb, 0x00ebebeb, 0x00ebebeb, 0x00ebebeb, 0x00ebebeb, 0xffebebeb, 0x00ebebeb,
  0xffebebeb, 0x00ebebeb, 0x00ebebeb, 0xffebebeb, 0x00ebebeb, 0x00ebebeb, 0x00ebebeb, 0xffebebeb, 0x00ebebeb, 0x00ebebeb, 0xffebebeb, 0x00ebebeb,
  0x00ebebeb, 0x00ebebeb, 0x00ebebeb, 0xffebebeb, 0x00ebebeb, 0x00ebebeb, 0x00ebebeb, 0xffebebeb, 0x00ebebeb, 0x00ebebeb, 0x00ebebeb, 0x00ebebeb,
  0x00ebebeb, 0x00ebebeb, 0x00ebebeb, 0x00ebebeb, 0x00ebebeb, 0xffebebeb, 0x00ebebeb, 0x00ebebeb, 0x00ebebeb, 0x00ebebeb, 0x00ebebeb, 0x00ebebeb,
  0x00ebebeb, 0xffebebeb, 0xffebebeb, 0x00ebebeb, 0x00ebebeb, 0xffebebeb, 0xffebebeb, 0xffebebeb, 0xffebebeb, 0xffebebeb, 0x00ebebeb, 0x00ebebeb,
  0xffebebeb, 0xffebebeb, 0xffebebeb, 0xffebebeb, 0xffebebeb, 0xffebebeb, 0x00ebebeb, 0xffebebeb, 0x00ebebeb, 0x00ebebeb, 0x00ebebeb, 0x00ebebeb,
  0x00ebebeb, 0x00ebebeb, 0xffebebeb, 0xffebebeb, 0xffebebeb, 0xffebebeb, 0xffebebeb, 0xffebebeb, 0xffebebeb, 0x00ebebeb, 0x00ebebeb, 0x00ebebeb,
  0x00ebebeb, 0xffebebeb, 0x00ebebeb, 0xffebebeb, 0x00ebebeb, 0x00ebebeb, 0x00ebebeb, 0x00ebebeb, 0x00ebebeb, 0xffebebeb, 0x00ebebeb, 0x00ebebeb,
  0x00ebebeb, 0xffebebeb, 0x00ebebeb, 0xffebebeb, 0x00ebebeb, 0x00ebebeb, 0x00ebebeb, 0x00ebebeb, 0x00ebebeb, 0x00ebebeb, 0x00ebebeb, 0x00ebebeb,
  0x00ebebeb, 0xffebebeb, 0xffebebeb, 0x00ebebeb, 0x00ebebeb, 0xffebebeb, 0x00ebebeb, 0x00ebebeb, 0x00ebebeb, 0xffebebeb, 0x00ebebeb, 0x00ebebeb,
  0x00ebebeb, 0xffebebeb, 0x00ebebeb, 0x00ebebeb, 0xffebebeb, 0xffebebeb, 0xffebebeb, 0xffebebeb, 0xffebebeb, 0xffebebeb, 0xffebebeb, 0x00ebebeb,
  0x00ebebeb, 0xffebebeb, 0x00ebebeb, 0x00ebebeb, 0x00ebebeb, 0x00ebebeb, 0xffebebeb, 0x00ebebeb, 0x00ebebeb, 0x00ebebeb, 0xffebebeb, 0x00ebebeb,
  0x00ebebeb, 0xffebebeb, 0x00ebebeb, 0x00ebebeb, 0x00ebebeb, 0xffebebeb, 0x00ebebeb, 0xffebebeb, 0x00ebebeb, 0x00ebebeb, 0x00ebebeb, 0x00ebebeb,
  0x00ebebeb, 0xffebebeb, 0xffebebeb, 0x00ebebeb, 0x00ebebeb, 0x00ebebeb, 0x00ebebeb, 0xffebebeb, 0x00ebebeb, 0x00ebebeb, 0x00ebebeb, 0x00ebebeb,
  0x00ebebeb, 0x00ebebeb, 0x00ebebeb, 0x00ebebeb, 0xffebebeb, 0x00ebebeb, 0x00ebebeb, 0x00ebebeb, 0xffebebeb, 0x00ebebeb, 0x00ebebeb, 0x00ebebeb,
  0x00ebebeb, 0xffebebeb, 0xffebebeb, 0xffebebeb, 0xffebebeb, 0xffebebeb, 0xffebebeb, 0xffebebeb, 0xffebebeb, 0xffebebeb, 0x00ebebeb, 0x00ebebeb,
  0x00ebebeb, 0xffebebeb, 0x00ebebeb, 0x00ebebeb, 0xffebebeb, 0x00ebebeb, 0xffebebeb, 0x00ebebeb, 0x00ebebeb, 0xffebebeb, 0x00ebebeb, 0x00ebebeb,
  0xffebebeb, 0x00ebebeb, 0x00ebebeb, 0xffebebeb, 0x00ebebeb, 0x00ebebeb, 0x00ebebeb, 0xffebebeb, 0x00ebebeb, 0x00ebebeb, 0xffebebeb, 0x00ebebeb,
  0xffebebeb, 0x00ebebeb, 0x00ebebeb, 0xffebebeb, 0x00ebebeb, 0x00ebebeb, 0x00ebebeb, 0xffebebeb, 0x00ebebeb, 0x00ebebeb, 0xffebebeb, 0x00ebebeb,
  0x00ebebeb, 0x00ebebeb, 0xffebebeb, 0x00ebebeb, 0x00ebebeb, 0xffebebeb, 0x00ebebeb, 0x00ebebeb, 0xffebebeb, 0x00ebebeb, 0x00ebebeb, 0x00ebebeb,
  0x00ebebeb, 0xffebebeb, 0xffebebeb, 0xffebebeb, 0x00ebebeb, 0xffebebeb, 0x00ebebeb, 0x00ebebeb, 0x00ebebeb, 0xffebebeb, 0x00ebebeb, 0x00ebebeb,
  0x00ebebeb, 0x00ebebeb, 0x00ebebeb, 0xffebebeb, 0x00ebebeb, 0x00ebebeb, 0x00ebebeb, 0xffebebeb, 0x00ebebeb, 0x00ebebeb, 0x00ebebeb, 0x00ebebeb,
  0x00ebebeb, 0x00ebebeb, 0xffebebeb, 0x00ebebeb, 0x00ebebeb, 0x00ebebeb, 0x00ebebeb, 0x00ebebeb, 0xffebebeb, 0x00ebebeb, 0x00ebebeb, 0x00ebebeb,
  0x00ebebeb, 0xffebebeb, 0x00ebebeb, 0xffebebeb, 0xffebebeb, 0xffebebeb, 0xffebebeb, 0xffebebeb, 0xffebebeb, 0xffebebeb, 0x00ebebeb, 0x00ebebeb,
  0xffebebeb, 0x00ebebeb, 0x00ebebeb, 0xffebebeb, 0x00ebebeb, 0xffebebeb, 0xffebebeb, 0xffebebeb, 0xffebebeb, 0xffebebeb, 0xffebebeb, 0x00ebebeb,
  0xffebebeb, 0xffebebeb, 0x00ebebeb, 0x00ebebeb, 0x00ebebeb, 0x00ebebeb, 0xffebebeb, 0x00ebebeb, 0x00ebebeb, 0xffebebeb, 0x00ebebeb, 0x00ebebeb,
  0x00ebebeb, 0xffebebeb, 0x00ebebeb, 0x00ebebeb, 0xffebebeb, 0x00ebebeb, 0x00ebebeb, 0xffebebeb, 0x00ebebeb, 0x00ebebeb, 0xffebebeb, 0x00ebebeb,
  0x00ebebeb, 0xffebebeb, 0x00ebebeb, 0x00ebebeb, 0x00ebebeb, 0xffebebeb, 0x00ebebeb, 0x00ebebeb, 0x00ebebeb, 0x00ebebeb, 0xffebebeb, 0x00ebebeb,
  0xffebebeb, 0x00ebebeb, 0x00ebebeb, 0x00ebebeb, 0x00ebebeb, 0x00ebebeb, 0xffebebeb, 0xffebebeb, 0xffebebeb, 0x00ebebeb, 0xffebebeb, 0x00ebebeb,
  0x00ebebeb, 0xffebebeb, 0xffebebeb, 0xffebebeb, 0x00ebebeb, 0xffebebeb, 0x00ebebeb, 0xffebebeb, 0x00ebebeb, 0xffebebeb, 0x00ebebeb, 0x00ebebeb,
  0x00ebebeb, 0xffebebeb, 0x00ebebeb, 0x00ebebeb, 0xffebebeb, 0x00ebebeb, 0x00ebebeb, 0x00ebebeb, 0xffebebeb, 0x00ebebeb, 0x00ebebeb, 0x00ebebeb,
  0x00ebebeb, 0xffebebeb, 0x00ebebeb, 0x00ebebeb, 0x00ebebeb, 0xffebebeb, 0x00ebebeb, 0x00ebebeb, 0x00ebebeb, 0xffebebeb, 0x00ebebeb, 0x00ebebeb,
  0x00ebebeb, 0xffebebeb, 0x00ebebeb, 0x00ebebeb, 0xffebebeb, 0x00ebebeb, 0x00ebebeb, 0xffebebeb, 0xffebebeb, 0x00ebebeb, 0x00ebebeb, 0x00ebebeb,
  0xffebebeb, 0x00ebebeb, 0x00ebebeb, 0xffebebeb, 0xffebebeb, 0xffebebeb, 0xffebebeb, 0xffebebeb, 0x00ebebeb, 0x00ebebeb, 0xffebebeb, 0x00ebebeb,
  0x00ebebeb, 0xffebebeb, 0x00ebebeb, 0xffebebeb, 0x00ebebeb, 0x00ebebeb, 0x00ebebeb, 0xffebebeb, 0x00ebebeb, 0xffebebeb, 0x00ebebeb, 0x00ebebeb,
  0x00ebebeb, 0x00ebebeb, 0xffebebeb, 0x00ebebeb, 0x00ebebeb, 0xffebebeb, 0x00ebebeb, 0x00ebebeb, 0x00ebebeb, 0xffebebeb, 0x00ebebeb, 0x00ebebeb,
  0xffebebeb, 0x00ebebeb, 0xffebebeb, 0x00ebebeb, 0xffebebeb, 0xffebebeb, 0xffebebeb, 0xffebebeb, 0xffebebeb, 0xffebebeb, 0xffebebeb, 0x00ebebeb,
  0x00ebebeb, 0x00ebebeb, 0x00ebebeb, 0xffebebeb, 0x00ebebeb, 0x00ebebeb, 0x00ebebeb, 0x00ebebeb, 0xffebebeb, 0x00ebebeb, 0x00ebebeb, 0x00ebebeb,
  0x00ebebeb, 0x00ebebeb, 0xffebebeb, 0x00ebebeb, 0x00ebebeb, 0xffebebeb, 0x00ebebeb, 0x00ebebeb, 0xffebebeb, 0x00ebebeb, 0x00ebebeb, 0x00ebebeb,
  0x00ebebeb, 0xffebebeb, 0x00ebebeb, 0x00ebebeb, 0x00ebebeb, 0x00ebebeb, 0xffebebeb, 0x00ebebeb, 0x00ebebeb, 0x00ebebeb, 0x00ebebeb, 0x00ebebeb,
  0x00ebebeb, 0xffebebeb, 0x00ebebeb, 0xffebebeb, 0x00ebebeb, 0xffebebeb, 0x00ebebeb, 0x00ebebeb, 0x00ebebeb, 0x00ebebeb, 0xffebebeb, 0x00ebebeb,
  0x00ebebeb, 0xffebebeb, 0x00ebebeb, 0x00ebebeb, 0x00ebebeb, 0x00ebebeb, 0xffebebeb, 0x00ebebeb, 0x00ebebeb, 0xffebebeb, 0x00ebebeb, 0x00ebebeb,
  0x00ebebeb, 0xffebebeb, 0x00ebebeb, 0x00ebebeb, 0xffebebeb, 0x00ebebeb, 0x00ebebeb, 0xffebebeb, 0x00ebebeb, 0x00ebebeb, 0xffebebeb, 0x00ebebeb,
  0x00ebebeb, 0xffebebeb, 0x00ebebeb, 0x00ebebeb, 0x00ebebeb, 0xffebebeb, 0x00ebebeb, 0x00ebebeb, 0x00ebebeb, 0x00ebebeb, 0xffebebeb, 0x00ebebeb,
  0xffebebeb, 0xffebebeb, 0xffebebeb, 0x00ebebeb, 0xffebebeb, 0xffebebeb, 0x00ebebeb, 0x00ebebeb, 0xffebebeb, 0xffebebeb, 0x00ebebeb, 0x00ebebeb,
  0xffebebeb, 0x00ebebeb, 0xffebebeb, 0x00ebebeb, 0x00ebebeb, 0xffebebeb, 0x00ebebeb, 0xffebebeb, 0x00ebebeb, 0x00ebebeb, 0xffebebeb, 0x00ebebeb,
  0x00ebebeb, 0xffebebeb, 0x00ebebeb, 0x00ebebeb, 0xffebebeb, 0xffebebeb, 0xffebebeb, 0xffebebeb, 0xffebebeb, 0xffebebeb, 0xffebebeb, 0x00ebebeb,
  0x00ebebeb, 0xffebebeb, 0x00ebebeb, 0x00ebebeb, 0x00ebebeb, 0xffebebeb, 0x00ebebeb, 0x00ebebeb, 0x00ebebeb, 0xffebebeb, 0x00ebebeb, 0x00ebebeb,
  0x00ebebeb, 0xffebebeb, 0x00ebebeb, 0xffebebeb, 0x00ebebeb, 0xffebebeb, 0xffebebeb, 0x00ebebeb, 0x00ebebeb, 0xffebebeb, 0xffebebeb, 0x00ebebeb,
  0xffebebeb, 0x00ebebeb, 0x00ebebeb, 0x00ebebeb, 0x00ebebeb, 0x00ebebeb, 0x00ebebeb, 0x00ebebeb, 0x00ebebeb, 0x00ebebeb, 0xffebebeb, 0x00ebebeb,
  0x00ebebeb, 0x00ebebeb, 0xffebebeb, 0xffebebeb, 0x00ebebeb, 0x00ebebeb, 0x00ebebeb, 0xffebebeb, 0xffebebeb, 0x00ebebeb, 0x00ebebeb, 0x00ebebeb,
  0x00ebebeb, 0xffebebeb, 0x00ebebeb, 0x00ebebeb, 0x00ebebeb, 0xffebebeb, 0x00ebebeb, 0x00ebebeb, 0x00ebebeb, 0x00ebebeb, 0xffebebeb, 0x00ebebeb,
  0x00ebebeb, 0x00ebebeb, 0xffebebeb, 0x00ebebeb, 0x00ebebeb, 0x00ebebeb, 0x00ebebeb, 0xffebebeb, 0x00ebebeb, 0x00ebebeb, 0x00ebebeb, 0x00ebebeb,
  0x00ebebeb, 0x00ebebeb, 0x00ebebeb, 0xffebebeb, 0x00ebebeb, 0x00ebebeb, 0x00ebebeb, 0x00ebebeb, 0xffebebeb, 0x00ebebeb, 0xffebebeb, 0x00ebebeb,
  0x00ebebeb, 0x00ebebeb, 0xffebebeb, 0x00ebebeb, 0x00ebebeb, 0xffebebeb, 0x00ebebeb, 0x00ebebeb, 0xffebebeb, 0x00ebebeb, 0x00ebebeb, 0x00ebebeb,
  0x00ebebeb, 0xffebebeb, 0x00ebebeb, 0xffebebeb, 0x00ebebeb, 0x00ebebeb, 0xffebebeb, 0x00ebebeb, 0x00ebebeb, 0xffebebeb, 0x00ebebeb, 0x00ebebeb,
  0x00ebebeb, 0x00ebebeb, 0xffebebeb, 0x00ebebeb, 0x00ebebeb, 0xffebebeb, 0x00ebebeb, 0x00ebebeb, 0x00ebebeb, 0x00ebebeb, 0xffebebeb, 0x00ebebeb,
  0x00ebebeb, 0xffebebeb, 0x00ebebeb, 0x00ebebeb, 0x00ebebeb, 0x00ebebeb, 0xffebebeb, 0x00ebebeb, 0xffebebeb, 0x00ebebeb, 0x00ebebeb, 0x00ebebeb,
  0x00ebebeb, 0xffebebeb, 0x00ebebeb, 0x00ebebeb, 0xffebebeb, 0xffebebeb, 0xffebebeb, 0xffebebeb, 0xffebebeb, 0xffebebeb, 0xffebebeb, 0x00ebebeb,
  0x00ebebeb, 0xffebebeb, 0x00ebebeb, 0x00ebebeb, 0xffebebeb, 0x00ebebeb, 0x00ebebeb, 0x00ebebeb, 0xffebebeb, 0xffebebeb, 0x00ebebeb, 0x00ebebeb,
  0x00ebebeb, 0x00ebebeb, 0x00ebebeb, 0x00ebebeb, 0x00ebebeb, 0x00ebebeb, 0xffebebeb, 0xffebebeb, 0xffebebeb, 0x00ebebeb, 0xffebebeb, 0x00ebebeb,
  0x00ebebeb, 0x00ebebeb, 0xffebebeb, 0x00ebebeb, 0x00ebebeb, 0xffebebeb, 0x00ebebeb, 0xffebebeb, 0x00ebebeb, 0x00ebebeb, 0xffebebeb, 0x00ebebeb,
  0x00ebebeb, 0xffebebeb, 0x00ebebeb, 0x00ebebeb, 0xffebebeb, 0x00ebebeb, 0x00ebebeb, 0x00ebebeb, 0xffebebeb, 0x00ebebeb, 0x00ebebeb, 0x00ebebeb,
  0x00ebebeb, 0xffebebeb, 0x00ebebeb, 0x00ebebeb, 0x00ebebeb, 0xffebebeb, 0x00ebebeb, 0x00ebebeb, 0xffebebeb, 0xffebebeb, 0x00ebebeb, 0x00ebebeb,
  0xffebebeb, 0x00ebebeb, 0xffebebeb, 0x00ebebeb, 0x00ebebeb, 0x00ebebeb, 0x00ebebeb, 0x00ebebeb, 0x00ebebeb, 0x00ebebeb, 0x00ebebeb, 0x00ebebeb,
  0xffebebeb, 0x00ebebeb, 0x00ebebeb, 0x00ebebeb, 0x00ebebeb, 0x00ebebeb, 0x00ebebeb, 0x00ebebeb, 0x00ebebeb, 0x00ebebeb, 0xffebebeb, 0x00ebebeb,
  0x00ebebeb, 0x00ebebeb, 0x00ebebeb, 0xffebebeb, 0x00ebebeb, 0x00ebebeb, 0x00ebebeb, 0xffebebeb, 0x00ebebeb, 0x00ebebeb, 0x00ebebeb, 0x00ebebeb,
  0xffebebeb, 0x00ebebeb, 0x00ebebeb, 0x00ebebeb, 0x00ebebeb, 0xffebebeb, 0x00ebebeb, 0x00ebebeb, 0x00ebebeb, 0x00ebebeb, 0xffebebeb, 0x00ebebeb,
  0x00ebebeb, 0x00ebebeb, 0xffebebeb, 0x00ebebeb, 0x00ebebeb, 0x00ebebeb, 0xffebebeb, 0x00ebebeb, 0xffebebeb, 0x00ebebeb, 0x00ebebeb, 0x00ebebeb,
  0x00ebebeb, 0x00ebebeb, 0x00ebebeb, 0xffebebeb, 0xffebebeb, 0xffebebeb, 0x00ebebeb, 0x00ebebeb, 0x00ebebeb, 0xffebebeb, 0xffebebeb, 0x00ebebeb,
  0x00ebebeb, 0x00ebebeb, 0x00ebebeb, 0x00ebebeb, 0xffebebeb, 0x00ebebeb, 0xffebebeb, 0x00ebebeb, 0x00ebebeb, 0x00ebebeb, 0xffebebeb, 0x00ebebeb,
  0x00ebebeb, 0xffebebeb, 0x00ebebeb, 0xffebebeb, 0x00ebebeb, 0x00ebebeb, 0xffebebeb, 0x00ebebeb, 0x00ebebeb, 0x00ebebeb, 0xffebebeb, 0x00ebebeb,
  0x00ebebeb, 0xffebebeb, 0x00ebebeb, 0xffebebeb, 0x00ebebeb, 0xffebebeb, 0x00ebebeb, 0x00ebebeb, 0x00ebebeb, 0x00ebebeb, 0xffebebeb, 0x00ebebeb,
  0x00ebebeb, 0xffebebeb, 0x00ebebeb, 0x00ebebeb, 0x00ebebeb, 0x00ebebeb, 0x00ebebeb, 0x00ebebeb, 0xffebebeb, 0x00ebebeb, 0x00ebebeb, 0x00ebebeb,
  0x00ebebeb, 0xffebebeb, 0x00ebebeb, 0x00ebebeb, 0x00ebebeb, 0x00ebebeb, 0x00ebebeb, 0xffebebeb, 0x00ebebeb, 0x00ebebeb, 0x00ebebeb, 0x00ebebeb,
  0xffebebeb, 0x00ebebeb, 0xffebebeb, 0x00ebebeb, 0x00ebebeb, 0x00ebebeb, 0x00ebebeb, 0x00ebebeb, 0x00ebebeb, 0x00ebebeb, 0x00ebebeb, 0x00ebebeb,
  0x00ebebeb, 0x00ebebeb, 0xffebebeb, 0x00ebebeb, 0xffebebeb, 0xffebebeb, 0x00ebebeb, 0x00ebebeb, 0xffebebeb, 0x00ebebeb, 0xffebebeb, 0x00ebebeb,
  0x00ebebeb, 0x00ebebeb, 0xffebebeb, 0x00ebebeb, 0xffebebeb, 0x00ebebeb, 0x00ebebeb, 0xffebebeb, 0x00ebebeb, 0x00ebebeb, 0xffebebeb, 0x00ebebeb,
  0xffebebeb, 0x00ebebeb, 0x00ebebeb, 0x00ebebeb, 0xffebebeb, 0x00ebebeb, 0x00ebebeb, 0x00ebebeb, 0xffebebeb, 0x00ebebeb, 0x00ebebeb, 0x00ebebeb,
  0x00ebebeb, 0x00ebebeb, 0x00ebebeb, 0x00ebebeb, 0x00ebebeb, 0xffebebeb, 0x00ebebeb, 0x00ebebeb, 0x00ebebeb, 0x00ebebeb, 0x00ebebeb, 0x00ebebeb,
  0xffebebeb, 0x00ebebeb, 0x00ebebeb, 0xffebebeb, 0xffebebeb, 0xffebebeb, 0xffebebeb, 0xffebebeb, 0xffebebeb, 0xffebebeb, 0xffebebeb, 0x00ebebeb,
  0xffebebeb, 0xffebebeb, 0xffebebeb, 0xffebebeb, 0xffebebeb, 0xffebebeb, 0xffebebeb, 0xffebebeb, 0xffebebeb, 0xffebebeb, 0xffebebeb, 0x00ebebeb,
  0xffebebeb, 0xffebebeb, 0xffebebeb, 0xffebebeb, 0xffebebeb, 0xffebebeb, 0xffebebeb, 0xffebebeb, 0xffebebeb, 0xffebebeb, 0xffebebeb, 0x00ebebeb,
  0x00ebebeb, 0x00ebebeb, 0x00ebebeb, 0xffebebeb, 0xffebebeb, 0xffebebeb, 0x00ebebeb, 0x00ebebeb, 0x00ebebeb, 0x00ebebeb, 0x00ebebeb, 0x00ebebeb,
  0x00ebebeb, 0x00ebebeb, 0xffebebeb, 0x00ebebeb, 0xffebebeb, 0xffebebeb, 0x00ebebeb, 0x00ebebeb, 0x00ebebeb, 0xffebebeb, 0xffebebeb, 0x00ebebeb,
  0xffebebeb, 0xffebebeb, 0xffebebeb, 0x00ebebeb, 0x00ebebeb, 0x00ebebeb, 0x00ebebeb, 0x00ebebeb, 0x00ebebeb, 0x00ebebeb, 0xffebebeb, 0x00ebebeb,
  0xffebebeb, 0xffebebeb, 0xffebebeb, 0xffebebeb, 0x00ebebeb, 0x00ebebeb, 0xffebebeb, 0xffebebeb, 0xffebebeb, 0xffebebeb, 0xffebebeb, 0x00ebebeb,
  0xffebebeb, 0x00ebebeb, 0xffebebeb, 0x00ebebeb, 0x00ebebeb, 0xffebebeb, 0xffebebeb, 0x00ebebeb, 0x00ebebeb, 0x00ebebeb, 0xffebebeb, 0x00ebebeb,
  0xffebebeb, 0x00ebebeb, 0x00ebebeb, 0x00ebebeb, 0x00ebebeb, 0xffebebeb, 0xffebebeb, 0xffebebeb, 0xffebebeb, 0xffebebeb, 0xffebebeb, 0x00ebebeb,
  0xffebebeb, 0xffebebeb, 0x00ebebeb, 0x00ebebeb, 0xffebebeb, 0xffebebeb, 0xffebebeb, 0xffebebeb, 0xffebebeb, 0xffebebeb, 0xffebebeb, 0x00ebebeb,
  0x00ebebeb, 0xffebebeb, 0x00ebebeb, 0x00ebebeb, 0x00ebebeb, 0x00ebebeb, 0x00ebebeb, 0xffebebeb, 0x00ebebeb, 0x00ebebeb, 0x00ebebeb, 0x00ebebeb,
  0xffebebeb, 0x00ebebeb, 0x00ebebeb, 0xffebebeb, 0xffebebeb, 0xffebebeb, 0xffebebeb, 0xffebebeb, 0xffebebeb, 0xffebebeb, 0xffebebeb, 0x00ebebeb,
  0xffebebeb, 0xffebebeb, 0x00ebebeb, 0x00ebebeb, 0x00ebebeb, 0x00ebebeb, 0xffebebeb, 0xffebebeb, 0x00ebebeb, 0x00ebebeb, 0x00ebebeb, 0x00ebebeb,
  0x00ebebeb, 0x00ebebeb, 0xffebebeb, 0x00ebebeb, 0x00ebebeb, 0x00ebebeb, 0xffebebeb, 0xffebebeb, 0x00ebebeb, 0x00ebebeb, 0x00ebebeb, 0x00ebebeb,
  0xffebebeb, 0x00ebebeb, 0x00ebebeb, 0x00ebebeb, 0xffebebeb, 0xffebebeb, 0xffebebeb, 0xffebebeb, 0xffebebeb, 0xffebebeb, 0xffebebeb, 0x00ebebeb,
  0x00ebebeb, 0x00ebebeb, 0x00ebebeb, 0x00ebebeb, 0x00ebebeb, 0x00ebebeb, 0x00ebebeb, 0x00ebebeb, 0x00ebebeb, 0x00ebebeb, 0x00ebebeb, 0x00ebebeb,
  0x00ebebeb, 0x00ebebeb, 0x00ebebeb, 0x00ebebeb, 0x00ebebeb, 0x00ebebeb, 0x00ebebeb, 0x00ebebeb, 0x00ebebeb, 0x00ebebeb, 0x00ebebeb, 0x00ebebeb,
  0x00ebebeb, 0x00ebebeb, 0x00ebebeb, 0x00ebebeb, 0x00ebebeb, 0x00ebebeb, 0x00ebebeb, 0x00ebebeb, 0x00ebebeb, 0x00ebebeb, 0x00ebebeb, 0x00ebebeb,
  0x00ebebeb, 0x00ebebeb, 0x00ebebeb, 0x00ebebeb, 0x00ebebeb, 0x00ebebeb, 0x00ebebeb, 0x00ebebeb, 0x00ebebeb, 0x00ebebeb, 0x00ebebeb, 0x00ebebeb,
  0x00ebebeb, 0x00ebebeb, 0x00ebebeb, 0x00ebebeb, 0x00ebebeb, 0x00ebebeb, 0x00ebebeb, 0x00ebebeb, 0x00ebebeb, 0x00ebebeb, 0x00ebebeb, 0x00ebebeb,
  0x00ebebeb, 0x00ebebeb, 0x00ebebeb, 0x00ebebeb, 0x00ebebeb, 0x00ebebeb, 0x00ebebeb, 0x00ebebeb, 0x00ebebeb, 0x00ebebeb, 0x00ebebeb, 0x00ebebeb,
  0x00ebebeb, 0x00ebebeb, 0x00ebebeb, 0x00ebebeb, 0x00ebebeb, 0x00ebebeb, 0x00ebebeb, 0x00ebebeb, 0x00ebebeb, 0x00ebebeb, 0x00ebebeb, 0x00ebebeb,
  0x00ebebeb, 0x00ebebeb, 0x00ebebeb, 0x00ebebeb, 0x00ebebeb, 0x00ebebeb, 0x00ebebeb, 0x00ebebeb, 0x00ebebeb, 0x00ebebeb, 0x00ebebeb, 0x00ebebeb,
  0x00ebebeb, 0x00ebebeb, 0x00ebebeb, 0x00ebebeb, 0x00ebebeb, 0x00ebebeb, 0x00ebebeb, 0x00ebebeb, 0x00ebebeb, 0x00ebebeb, 0x00ebebeb, 0x00ebebeb,
  0x00ebebeb, 0x00ebebeb, 0x00ebebeb, 0x00ebebeb, 0x00ebebeb, 0x00ebebeb, 0x00ebebeb, 0x00ebebeb, 0x00ebebeb, 0x00ebebeb, 0x00ebebeb, 0x00ebebeb,
  0x00ebebeb, 0x00ebebeb, 0x00ebebeb, 0x00ebebeb, 0x00ebebeb, 0x00ebebeb, 0x00ebebeb, 0x00ebebeb, 0x00ebebeb, 0x00ebebeb, 0x00ebebeb, 0x00ebebeb,
  0x00ebebeb, 0x00ebebeb, 0x00ebebeb, 0x00ebebeb, 0x00ebebeb, 0x00ebebeb, 0x00ebebeb, 0x00ebebeb, 0x00ebebeb, 0x00ebebeb, 0x00ebebeb, 0x00ebebeb,
  0x00ebebeb, 0x00ebebeb, 0x00ebebeb, 0x00ebebeb, 0x00ebebeb, 0x00ebebeb, 0x00ebebeb, 0x00ebebeb, 0x00ebebeb, 0x00ebebeb, 0x00ebebeb, 0x00ebebeb,
  0x00ebebeb, 0x00ebebeb, 0x00ebebeb, 0x00ebebeb, 0x00ebebeb, 0x00ebebeb, 0x00ebebeb, 0x00ebebeb, 0x00ebebeb, 0x00ebebeb, 0x00ebebeb, 0x00ebebeb,
  0x00ebebeb, 0x00ebebeb, 0x00ebebeb, 0x00ebebeb, 0x00ebebeb, 0x00ebebeb, 0x00ebebeb, 0x00ebebeb, 0x00ebebeb, 0x00ebebeb, 0x00ebebeb, 0x00ebebeb,
  0x00ebebeb, 0x00ebebeb, 0x00ebebeb, 0x00ebebeb, 0x00ebebeb, 0x00ebebeb, 0x00ebebeb, 0x00ebebeb, 0x00ebebeb, 0x00ebebeb, 0x00ebebeb, 0x00ebebeb,
  0xffebebeb, 0xffebebeb, 0xffebebeb, 0xffebebeb, 0xffebebeb, 0xffebebeb, 0xffebebeb, 0xffebebeb, 0xffebebeb, 0xffebebeb, 0xffebebeb, 0x00ebebeb,
  0x00ebebeb, 0x00ebebeb, 0x00ebebeb, 0x00ebebeb, 0x00ebebeb, 0xffebebeb, 0x00ebebeb, 0x00ebebeb, 0x00ebebeb, 0x00ebebeb, 0x00ebebeb, 0x00ebebeb,
  0x00ebebeb, 0xffebebeb, 0x00ebebeb, 0x00ebebeb, 0x00ebebeb, 0x00ebebeb, 0x00ebebeb, 0xffebebeb, 0x00ebebeb, 0x00ebebeb, 0x00ebebeb, 0x00ebebeb,
  0x00ebebeb, 0x00ebebeb, 0xffebebeb, 0x00ebebeb, 0x00ebebeb, 0x00ebebeb, 0xffebebeb, 0x00ebebeb, 0x00ebebeb, 0x00ebebeb, 0x00ebebeb, 0x00ebebeb,
  0x00ebebeb, 0xffebebeb, 0x00ebebeb, 0x00ebebeb, 0x00ebebeb, 0x00ebebeb, 0xffebebeb, 0x00ebebeb, 0x00ebebeb, 0x00ebebeb, 0x00ebebeb, 0x00ebebeb,
  0x00ebebeb, 0xffebebeb, 0x00ebebeb, 0x00ebebeb, 0x00ebebeb, 0x00ebebeb, 0xffebebeb, 0x00ebebeb, 0x00ebebeb, 0x00ebebeb, 0x00ebebeb, 0x00ebebeb,
  0x00ebebeb, 0x00ebebeb, 0x00ebebeb, 0xffebebeb, 0x00ebebeb, 0x00ebebeb, 0x00ebebeb, 0xffebebeb, 0xffebebeb, 0xffebebeb, 0xffebebeb, 0x00ebebeb,
  0x00ebebeb, 0x00ebebeb, 0xffebebeb, 0x00ebebeb, 0x00ebebeb, 0x00ebebeb, 0x00ebebeb, 0x00ebebeb, 0xffebebeb, 0x00ebebeb, 0x00ebebeb, 0x00ebebeb,
  0xffebebeb, 0xffebebeb, 0xffebebeb, 0xffebebeb, 0xffebebeb, 0xffebebeb, 0xffebebeb, 0xffebebeb, 0xffebebeb, 0xffebebeb, 0xffebebeb, 0x00ebebeb,
  0x00ebebeb, 0x00ebebeb, 0x00ebebeb, 0x00ebebeb, 0x00ebebeb, 0xffebebeb, 0x00ebebeb, 0x00ebebeb, 0x00ebebeb, 0x00ebebeb, 0x00ebebeb, 0x00ebebeb,
  0x00ebebeb, 0x00ebebeb, 0x00ebebeb, 0x00ebebeb, 0x00ebebeb, 0xffebebeb, 0x00ebebeb, 0x00ebebeb, 0x00ebebeb, 0x00ebebeb, 0x00ebebeb, 0x00ebebeb,
  0xffebebeb, 0xffebebeb, 0xffebebeb, 0xffebebeb, 0xffebebeb, 0xffebebeb, 0xffebebeb, 0xffebebeb, 0xffebebeb, 0xffebebeb, 0xffebebeb, 0x00ebebeb,
  0x00ebebeb, 0x00ebebeb, 0x00ebebeb, 0x00ebebeb, 0xffebebeb, 0x00ebebeb, 0x00ebebeb, 0x00ebebeb, 0x00ebebeb, 0x00ebebeb, 0x00ebebeb, 0x00ebebeb,
  0x00ebebeb, 0x00ebebeb, 0x00ebebeb, 0x00ebebeb, 0xffebebeb, 0x00ebebeb, 0x00ebebeb, 0x00ebebeb, 0x00ebebeb, 0x00ebebeb, 0x00ebebeb, 0x00ebebeb,
  0x00ebebeb, 0x00ebebeb, 0x00ebebeb, 0x00ebebeb, 0x00ebebeb, 0xffebebeb, 0x00ebebeb, 0x00ebebeb, 0x00ebebeb, 0x00ebebeb, 0x00ebebeb, 0x00ebebeb,
  0x00ebebeb, 0x00ebebeb, 0x00ebebeb, 0x00ebebeb, 0xffebebeb, 0x00ebebeb, 0x00ebebeb, 0x00ebebeb, 0x00ebebeb, 0x00ebebeb, 0x00ebebeb, 0x00ebebeb,
  0xffebebeb, 0x00ebebeb, 0x00ebebeb, 0x00ebebeb, 0x00ebebeb, 0xffebebeb, 0x00ebebeb, 0x00ebebeb, 0x00ebebeb, 0x00ebebeb, 0xffebebeb, 0x00ebebeb,
  0xffebebeb, 0xffebebeb, 0xffebebeb, 0xffebebeb, 0xffebebeb, 0xffebebeb, 0xffebebeb, 0xffebebeb, 0xffebebeb, 0xffebebeb, 0xffebebeb, 0x00ebebeb,
  0x00ebebeb, 0xffebebeb, 0xffebebeb, 0x00ebebeb, 0xffebebeb, 0xffebebeb, 0xffebebeb, 0xffebebeb, 0xffebebeb, 0xffebebeb, 0x00ebebeb, 0x00ebebeb,
  0x00ebebeb, 0x00ebebeb, 0x00ebebeb, 0xffebebeb, 0x00ebebeb, 0x00ebebeb, 0xffebebeb, 0x00ebebeb, 0x00ebebeb, 0x00ebebeb, 0x00ebebeb, 0x00ebebeb,
  0x00ebebeb, 0xffebebeb, 0x00ebebeb, 0xffebebeb, 0xffebebeb, 0xffebebeb, 0xffebebeb, 0xffebebeb, 0xffebebeb, 0xffebebeb, 0xffebebeb, 0x00ebebeb,
  0x00ebebeb, 0x00ebebeb, 0xffebebeb, 0x00ebebeb, 0x00ebebeb, 0x00ebebeb, 0xffebebeb, 0x00ebebeb, 0x00ebebeb, 0x00ebebeb, 0x00ebebeb, 0x00ebebeb,
  0x00ebebeb, 0xffebebeb, 0xffebebeb, 0xffebebeb, 0xffebebeb, 0xffebebeb, 0x00ebebeb, 0xffebebeb, 0x00ebebeb, 0x00ebebeb, 0xffebebeb, 0x00ebebeb,
  0x00ebebeb, 0x00ebebeb, 0x00ebebeb, 0xffebebeb, 0x00ebebeb, 0x00ebebeb, 0x00ebebeb, 0xffebebeb, 0x00ebebeb, 0x00ebebeb, 0x00ebebeb, 0x00ebebeb,
  0x00ebebeb, 0x00ebebeb, 0x00ebebeb, 0x00ebebeb, 0x00ebebeb, 0xffebebeb, 0x00ebebeb, 0x00ebebeb, 0x00ebebeb, 0x00ebebeb, 0x00ebebeb, 0x00ebebeb,
  0x00ebebeb, 0x00ebebeb, 0x00ebebeb, 0x00ebebeb, 0xffebebeb, 0xffebebeb, 0xffebebeb, 0xffebebeb, 0xffebebeb, 0x00ebebeb, 0x00ebebeb, 0x00ebebeb,
  0x00ebebeb, 0x00ebebeb, 0x00ebebeb, 0x00ebebeb, 0x00ebebeb, 0xffebebeb, 0x00ebebeb, 0x00ebebeb, 0x00ebebeb, 0x00ebebeb, 0x00ebebeb, 0x00ebebeb,
  0x00ebebeb, 0x00ebebeb, 0x00ebebeb, 0x00ebebeb, 0x00ebebeb, 0xffebebeb, 0x00ebebeb, 0x00ebebeb, 0x00ebebeb, 0x00ebebeb, 0x00ebebeb, 0x00ebebeb,
  0x00ebebeb, 0x00ebebeb, 0x00ebebeb, 0x00ebebeb, 0xffebebeb, 0x00ebebeb, 0x00ebebeb, 0x00ebebeb, 0x00ebebeb, 0x00ebebeb, 0x00ebebeb, 0x00ebebeb,
  0x00ebebeb, 0x00ebebeb, 0x00ebebeb, 0x00ebebeb, 0xffebebeb, 0x00ebebeb, 0x00ebebeb, 0x00ebebeb, 0x00ebebeb, 0x00ebebeb, 0x00ebebeb, 0x00ebebeb,
  0x00ebebeb, 0x00ebebeb, 0x00ebebeb, 0x00ebebeb, 0x00ebebeb, 0xffebebeb, 0x00ebebeb, 0x00ebebeb, 0x00ebebeb, 0x00ebebeb, 0x00ebebeb, 0x00ebebeb,
  0xffebebeb, 0xffebebeb, 0xffebebeb, 0xffebebeb, 0xffebebeb, 0xffebebeb, 0xffebebeb, 0xffebebeb, 0xffebebeb, 0xffebebeb, 0xffebebeb, 0x00ebebeb,
  0xffebebeb, 0x00ebebeb, 0x00ebebeb, 0x00ebebeb, 0x00ebebeb, 0xffebebeb, 0x00ebebeb, 0x00ebebeb, 0x00ebebeb, 0x00ebebeb, 0xffebebeb, 0x00ebebeb,
  0xffebebeb, 0x00ebebeb, 0x00ebebeb, 0x00ebebeb, 0x00ebebeb, 0x00ebebeb, 0x00ebebeb, 0x00ebebeb, 0x00ebebeb, 0x00ebebeb, 0xffebebeb, 0x00ebebeb,
  0xffebebeb, 0x00ebebeb, 0x00ebebeb, 0x00ebebeb, 0x00ebebeb, 0xffebebeb, 0x00ebebeb, 0x00ebebeb, 0xffebebeb, 0x00ebebeb, 0x00ebebeb, 0x00ebebeb,
  0x00ebebeb, 0xffebebeb, 0x00ebebeb, 0x00ebebeb, 0x00ebebeb, 0x00ebebeb, 0xffebebeb, 0x00ebebeb, 0x00ebebeb, 0x00ebebeb, 0x00ebebeb, 0x00ebebeb,
  0xffebebeb, 0x00ebebeb, 0x00ebebeb, 0xffebebeb, 0x00ebebeb, 0x00ebebeb, 0x00ebebeb, 0x00ebebeb, 0x00ebebeb, 0x00ebebeb, 0xffebebeb, 0x00ebebeb,
  0xffebebeb, 0xffebebeb, 0xffebebeb, 0xffebebeb, 0xffebebeb, 0x00ebebeb, 0xffebebeb, 0xffebebeb, 0xffebebeb, 0xffebebeb, 0xffebebeb, 0x00ebebeb,
  0x00ebebeb, 0x00ebebeb, 0x00ebebeb, 0x00ebebeb, 0x00ebebeb, 0x00ebebeb, 0x00ebebeb, 0xffebebeb, 0x00ebebeb, 0x00ebebeb, 0xffebebeb, 0x00ebebeb,
  0x00ebebeb, 0xffebebeb, 0xffebebeb, 0xffebebeb, 0xffebebeb, 0xffebebeb, 0xffebebeb, 0xffebebeb, 0xffebebeb, 0xffebebeb, 0x00ebebeb, 0x00ebebeb,
  0x00ebebeb, 0xffebebeb, 0xffebebeb, 0xffebebeb, 0xffebebeb, 0xffebebeb, 0xffebebeb, 0xffebebeb, 0xffebebeb, 0xffebebeb, 0x00ebebeb, 0x00ebebeb,
  0x00ebebeb, 0xffebebeb, 0xffebebeb, 0xffebebeb, 0x00ebebeb, 0x00ebebeb, 0x00ebebeb, 0x00ebebeb, 0xffebebeb, 0x00ebebeb, 0x00ebebeb, 0x00ebebeb,
  0x00ebebeb, 0x00ebebeb, 0x00ebebeb, 0x00ebebeb, 0x00ebebeb, 0xffebebeb, 0x00ebebeb, 0x00ebebeb, 0x00ebebeb, 0x00ebebeb, 0x00ebebeb, 0x00ebebeb,
  0x00ebebeb, 0x00ebebeb, 0x00ebebeb, 0x00ebebeb, 0x00ebebeb, 0xffebebeb, 0x00ebebeb, 0x00ebebeb, 0x00ebebeb, 0x00ebebeb, 0x00ebebeb, 0x00ebebeb,
  0xffebebeb, 0xffebebeb, 0xffebebeb, 0xffebebeb, 0xffebebeb, 0xffebebeb, 0xffebebeb, 0xffebebeb, 0xffebebeb, 0xffebebeb, 0xffebebeb, 0x00ebebeb,
  0xffebebeb, 0xffebebeb, 0xffebebeb, 0xffebebeb, 0xffebebeb, 0xffebebeb, 0xffebebeb, 0xffebebeb, 0xffebebeb, 0xffebebeb, 0xffebebeb, 0x00ebebeb,
  0xffebebeb, 0xffebebeb, 0xffebebeb, 0xffebebeb, 0xffebebeb, 0xffebebeb, 0xffebebeb, 0xffebebeb, 0xffebebeb, 0xffebebeb, 0xffebebeb, 0x00ebebeb,
  0x00ebebeb, 0x00ebebeb, 0x00ebebeb, 0xffebebeb, 0x00ebebeb, 0x00ebebeb, 0x00ebebeb, 0x00ebebeb, 0x00ebebeb, 0x00ebebeb, 0x00ebebeb, 0x00ebebeb,
  0xffebebeb, 0x00ebebeb, 0xffebebeb, 0xffebebeb, 0xffebebeb, 0xffebebeb, 0xffebebeb, 0xffebebeb, 0xffebebeb, 0x00ebebeb, 0xffebebeb, 0x00ebebeb,
  0x00ebebeb, 0x00ebebeb, 0x00ebebeb, 0x00ebebeb, 0x00ebebeb, 0x00ebebeb, 0x00ebebeb, 0x00ebebeb, 0x00ebebeb, 0x00ebebeb, 0x00ebebeb, 0x00ebebeb,
  0xffebebeb, 0xffebebeb, 0xffebebeb, 0xffebebeb, 0xffebebeb, 0xffebebeb, 0xffebebeb, 0xffebebeb, 0xffebebeb, 0xffebebeb, 0xffebebeb, 0x00ebebeb,
  0x00ebebeb, 0x00ebebeb, 0xffebebeb, 0x00ebebeb, 0x00ebebeb, 0x00ebebeb, 0xffebebeb, 0x00ebebeb, 0x00ebebeb, 0x00ebebeb, 0x00ebebeb, 0x00ebebeb,
  0xffebebeb, 0x00ebebeb, 0xffebebeb, 0x00ebebeb, 0x00ebebeb, 0xffebebeb, 0x00ebebeb, 0xffebebeb, 0xffebebeb, 0xffebebeb, 0x00ebebeb, 0x00ebebeb,
  0x00ebebeb, 0xffebebeb, 0x00ebebeb, 0x00ebebeb, 0x00ebebeb, 0xffebebeb, 0x00ebebeb, 0x00ebebeb, 0x00ebebeb, 0xffebebeb, 0x00ebebeb, 0x00ebebeb,
  0x00ebebeb, 0xffebebeb, 0x00ebebeb, 0x00ebebeb, 0x00ebebeb, 0xffebebeb, 0x00ebebeb, 0xffebebeb, 0x00ebebeb, 0xffebebeb, 0x00ebebeb, 0x00ebebeb,
  0x00ebebeb, 0x00ebebeb, 0x00ebebeb, 0x00ebebeb, 0x00ebebeb, 0xffebebeb, 0x00ebebeb, 0x00ebebeb, 0x00ebebeb, 0x00ebebeb, 0x00ebebeb, 0x00ebebeb,
  0x00ebebeb, 0xffebebeb, 0x00ebebeb, 0x00ebebeb, 0x00ebebeb, 0xffebebeb, 0x00ebebeb, 0x00ebebeb, 0x00ebebeb, 0xffebebeb, 0x00ebebeb, 0x00ebebeb,
  0x00ebebeb, 0x00ebebeb, 0x00ebebeb, 0x00ebebeb, 0xffebebeb, 0x00ebebeb, 0x00ebebeb, 0xffebebeb, 0x00ebebeb, 0x00ebebeb, 0x00ebebeb, 0x00ebebeb,
  0x00ebebeb, 0x00ebebeb, 0x00ebebeb, 0x00ebebeb, 0x00ebebeb, 0xffebebeb, 0x00ebebeb, 0x00ebebeb, 0x00ebebeb, 0x00ebebeb, 0x00ebebeb, 0x00ebebeb,
  0x00ebebeb, 0x00ebebeb, 0x00ebebeb, 0x00ebebeb, 0x00ebebeb, 0xffebebeb, 0x00ebebeb, 0x00ebebeb, 0x00ebebeb, 0x00ebebeb, 0x00ebebeb, 0x00ebebeb,
  0x00ebebeb, 0x00ebebeb, 0x00ebebeb, 0x00ebebeb, 0xffebebeb, 0x00ebebeb, 0x00ebebeb, 0x00ebebeb, 0x00ebebeb, 0x00ebebeb, 0x00ebebeb, 0x00ebebeb,
  0x00ebebeb, 0x00ebebeb, 0x00ebebeb, 0xffebebeb, 0x00ebebeb, 0x00ebebeb, 0x00ebebeb, 0x00ebebeb, 0x00ebebeb, 0x00ebebeb, 0x00ebebeb, 0x00ebebeb,
  0xffebebeb, 0x00ebebeb, 0x00ebebeb, 0x00ebebeb, 0x00ebebeb, 0xffebebeb, 0x00ebebeb, 0x00ebebeb, 0x00ebebeb, 0x00ebebeb, 0xffebebeb, 0x00ebebeb,
  0x00ebebeb, 0x00ebebeb, 0xffebebeb, 0x00ebebeb, 0x00ebebeb, 0xffebebeb, 0xffebebeb, 0xffebebeb, 0xffebebeb, 0xffebebeb, 0x00ebebeb, 0x00ebebeb,
  0xffebebeb, 0x00ebebeb, 0x00ebebeb, 0x00ebebeb, 0x00ebebeb, 0xffebebeb, 0x00ebebeb, 0x00ebebeb, 0x00ebebeb, 0x00ebebeb, 0xffebebeb, 0x00ebebeb,
  0x00ebebeb, 0xffebebeb, 0xffebebeb, 0xffebebeb, 0xffebebeb, 0xffebebeb, 0xffebebeb, 0xffebebeb, 0xffebebeb, 0xffebebeb, 0x00ebebeb, 0x00ebebeb,
  0x00ebebeb, 0xffebebeb, 0x00ebebeb, 0x00ebebeb, 0xffebebeb, 0x00ebebeb, 0x00ebebeb, 0x00ebebeb, 0x00ebebeb, 0xffebebeb, 0x00ebebeb, 0x00ebebeb,
  0x00ebebeb, 0x00ebebeb, 0x00ebebeb, 0x00ebebeb, 0x00ebebeb, 0x00ebebeb, 0xffebebeb, 0x00ebebeb, 0x00ebebeb, 0x00ebebeb, 0x00ebebeb, 0x00ebebeb,
  0xffebebeb, 0xffebebeb, 0x00ebebeb, 0x00ebebeb, 0x00ebebeb, 0xffebebeb, 0x00ebebeb, 0x00ebebeb, 0xffebebeb, 0x00ebebeb, 0x00ebebeb, 0x00ebebeb,
  0x00ebebeb, 0xffebebeb, 0x00ebebeb, 0x00ebebeb, 0x00ebebeb, 0x00ebebeb, 0xffebebeb, 0x00ebebeb, 0x00ebebeb, 0xffebebeb, 0x00ebebeb, 0x00ebebeb,
  0x00ebebeb, 0x00ebebeb, 0xffebebeb, 0x00ebebeb, 0xffebebeb, 0x00ebebeb, 0x00ebebeb, 0xffebebeb, 0x00ebebeb, 0xffebebeb, 0x00ebebeb, 0x00ebebeb,
  0x00ebebeb, 0x00ebebeb, 0x00ebebeb, 0x00ebebeb, 0x00ebebeb, 0xffebebeb, 0x00ebebeb, 0x00ebebeb, 0x00ebebeb, 0x00ebebeb, 0x00ebebeb, 0x00ebebeb,
  0x00ebebeb, 0xffebebeb, 0xffebebeb, 0xffebebeb, 0xffebebeb, 0xffebebeb, 0xffebebeb, 0xffebebeb, 0xffebebeb, 0xffebebeb, 0x00ebebeb, 0x00ebebeb,
  0x00ebebeb, 0x00ebebeb, 0x00ebebeb, 0x00ebebeb, 0x00ebebeb, 0xffebebeb, 0xffebebeb, 0x00ebebeb, 0xffebebeb, 0x00ebebeb, 0x00ebebeb, 0x00ebebeb,
  0x00ebebeb, 0x00ebebeb, 0x00ebebeb, 0x00ebebeb, 0x00ebebeb, 0xffebebeb, 0xffebebeb, 0xffebebeb, 0xffebebeb, 0xffebebeb, 0x00ebebeb, 0x00ebebeb,
  0x00ebebeb, 0x00ebebeb, 0x00ebebeb, 0x00ebebeb, 0x00ebebeb, 0xffebebeb, 0x00ebebeb, 0xffebebeb, 0x00ebebeb, 0x00ebebeb, 0x00ebebeb, 0x00ebebeb,
  0x00ebebeb, 0x00ebebeb, 0x00ebebeb, 0xffebebeb, 0x00ebebeb, 0x00ebebeb, 0x00ebebeb, 0x00ebebeb, 0x00ebebeb, 0x00ebebeb, 0x00ebebeb, 0x00ebebeb,
  0x00ebebeb, 0x00ebebeb, 0x00ebebeb, 0xffebebeb, 0x00ebebeb, 0x00ebebeb, 0x00ebebeb, 0x00ebebeb, 0x00ebebeb, 0x00ebebeb, 0x00ebebeb, 0x00ebebeb,
  0xffebebeb, 0x00ebebeb, 0x00ebebeb, 0x00ebebeb, 0x00ebebeb, 0xffebebeb, 0x00ebebeb, 0x00ebebeb, 0x00ebebeb, 0x00ebebeb, 0xffebebeb, 0x00ebebeb,
  0x00ebebeb, 0x00ebebeb, 0xffebebeb, 0x00ebebeb, 0x00ebebeb, 0x00ebebeb, 0x00ebebeb, 0x00ebebeb, 0xffebebeb, 0x00ebebeb, 0x00ebebeb, 0x00ebebeb,
  0xffebebeb, 0x00ebebeb, 0x00ebebeb, 0xffebebeb, 0xffebebeb, 0xffebebeb, 0xffebebeb, 0xffebebeb, 0x00ebebeb, 0x00ebebeb, 0xffebebeb, 0x00ebebeb,
  0x00ebebeb, 0x00ebebeb, 0x00ebebeb, 0x00ebebeb, 0x00ebebeb, 0xffebebeb, 0x00ebebeb, 0x00ebebeb, 0x00ebebeb, 0x00ebebeb, 0x00ebebeb, 0x00ebebeb,
  0x00ebebeb, 0xffebebeb, 0x00ebebeb, 0x00ebebeb, 0xffebebeb, 0xffebebeb, 0xffebebeb, 0xffebebeb, 0xffebebeb, 0xffebebeb, 0x00ebebeb, 0x00ebebeb,
  0xffebebeb, 0xffebebeb, 0xffebebeb, 0xffebebeb, 0xffebebeb, 0xffebebeb, 0xffebebeb, 0xffebebeb, 0xffebebeb, 0xffebebeb, 0xffebebeb, 0x00ebebeb,
  0x00ebebeb, 0xffebebeb, 0x00ebebeb, 0x00ebebeb, 0xffebebeb, 0x00ebebeb, 0x00ebebeb, 0xffebebeb, 0x00ebebeb, 0x00ebebeb, 0x00ebebeb, 0x00ebebeb,
  0x00ebebeb, 0xffebebeb, 0xffebebeb, 0xffebebeb, 0xffebebeb, 0x00ebebeb, 0xffebebeb, 0x00ebebeb, 0x00ebebeb, 0xffebebeb, 0x00ebebeb, 0x00ebebeb,
  0xffebebeb, 0xffebebeb, 0xffebebeb, 0xffebebeb, 0xffebebeb, 0xffebebeb, 0xffebebeb, 0xffebebeb, 0x00ebebeb, 0x00ebebeb, 0xffebebeb, 0x00ebebeb,
  0x00ebebeb, 0x00ebebeb, 0x00ebebeb, 0x00ebebeb, 0x00ebebeb, 0xffebebeb, 0x00ebebeb, 0x00ebebeb, 0x00ebebeb, 0x00ebebeb, 0x00ebebeb, 0x00ebebeb,
  0x00ebebeb, 0xffebebeb, 0x00ebebeb, 0x00ebebeb, 0x00ebebeb, 0xffebebeb, 0x00ebebeb, 0x00ebebeb, 0x00ebebeb, 0xffebebeb, 0x00ebebeb, 0x00ebebeb,
  0x00ebebeb, 0x00ebebeb, 0x00ebebeb, 0xffebebeb, 0xffebebeb, 0x00ebebeb, 0x00ebebeb, 0xffebebeb, 0xffebebeb, 0xffebebeb, 0xffebebeb, 0x00ebebeb,
  0x00ebebeb, 0x00ebebeb, 0x00ebebeb, 0x00ebebeb, 0x00ebebeb, 0xffebebeb, 0x00ebebeb, 0x00ebebeb, 0x00ebebeb, 0x00ebebeb, 0x00ebebeb, 0x00ebebeb,
  0x00ebebeb, 0x00ebebeb, 0x00ebebeb, 0x00ebebeb, 0x00ebebeb, 0xffebebeb, 0x00ebebeb, 0x00ebebeb, 0xffebebeb, 0x00ebebeb, 0x00ebebeb, 0x00ebebeb,
  0x00ebebeb, 0x00ebebeb, 0x00ebebeb, 0xffebebeb, 0x00ebebeb, 0x00ebebeb, 0x00ebebeb, 0x00ebebeb, 0x00ebebeb, 0x00ebebeb, 0x00ebebeb, 0x00ebebeb,
  0x00ebebeb, 0x00ebebeb, 0xffebebeb, 0x00ebebeb, 0x00ebebeb, 0x00ebebeb, 0x00ebebeb, 0x00ebebeb, 0x00ebebeb, 0x00ebebeb, 0x00ebebeb, 0x00ebebeb,
  0xffebebeb, 0x00ebebeb, 0x00ebebeb, 0x00ebebeb, 0xffebebeb, 0x00ebebeb, 0xffebebeb, 0x00ebebeb, 0x00ebebeb, 0x00ebebeb, 0xffebebeb, 0x00ebebeb,
  0x00ebebeb, 0xffebebeb, 0xffebebeb, 0x00ebebeb, 0x00ebebeb, 0x00ebebeb, 0x00ebebeb, 0xffebebeb, 0x00ebebeb, 0x00ebebeb, 0x00ebebeb, 0x00ebebeb,
  0xffebebeb, 0x00ebebeb, 0x00ebebeb, 0xffebebeb, 0x00ebebeb, 0x00ebebeb, 0x00ebebeb, 0xffebebeb, 0x00ebebeb, 0x00ebebeb, 0xffebebeb, 0x00ebebeb,
  0x00ebebeb, 0x00ebebeb, 0xffebebeb, 0x00ebebeb, 0x00ebebeb, 0xffebebeb, 0x00ebebeb, 0x00ebebeb, 0x00ebebeb, 0x00ebebeb, 0x00ebebeb, 0x00ebebeb,
  0xffebebeb, 0xffebebeb, 0xffebebeb, 0x00ebebeb, 0xffebebeb, 0x00ebebeb, 0x00ebebeb, 0x00ebebeb, 0x00ebebeb, 0xffebebeb, 0x00ebebeb, 0x00ebebeb,
  0x00ebebeb, 0x00ebebeb, 0x00ebebeb, 0x00ebebeb, 0x00ebebeb, 0xffebebeb, 0x00ebebeb, 0x00ebebeb, 0x00ebebeb, 0x00ebebeb, 0x00ebebeb, 0x00ebebeb,
  0xffebebeb, 0x00ebebeb, 0x00ebebeb, 0xffebebeb, 0xffebebeb, 0x00ebebeb, 0xffebebeb, 0xffebebeb, 0xffebebeb, 0xffebebeb, 0xffebebeb, 0x00ebebeb,
  0x00ebebeb, 0xffebebeb, 0x00ebebeb, 0x00ebebeb, 0xffebebeb, 0x00ebebeb, 0xffebebeb, 0x00ebebeb, 0xffebebeb, 0x00ebebeb, 0x00ebebeb, 0x00ebebeb,
  0x00ebebeb, 0x00ebebeb, 0x00ebebeb, 0x00ebebeb, 0x00ebebeb, 0x00ebebeb, 0x00ebebeb, 0xffebebeb, 0x00ebebeb, 0x00ebebeb, 0xffebebeb, 0x00ebebeb,
  0xffebebeb, 0xffebebeb, 0xffebebeb, 0xffebebeb, 0xffebebeb, 0xffebebeb, 0xffebebeb, 0xffebebeb, 0xffebebeb, 0xffebebeb, 0xffebebeb, 0x00ebebeb,
  0x00ebebeb, 0xffebebeb, 0xffebebeb, 0xffebebeb, 0xffebebeb, 0xffebebeb, 0xffebebeb, 0xffebebeb, 0xffebebeb, 0xffebebeb, 0x00ebebeb, 0x00ebebeb,
  0xffebebeb, 0xffebebeb, 0xffebebeb, 0x00ebebeb, 0x00ebebeb, 0x00ebebeb, 0xffebebeb, 0x00ebebeb, 0x00ebebeb, 0x00ebebeb, 0xffebebeb, 0x00ebebeb,
  0x00ebebeb, 0x00ebebeb, 0x00ebebeb, 0x00ebebeb, 0x00ebebeb, 0xffebebeb, 0x00ebebeb, 0x00ebebeb, 0x00ebebeb, 0x00ebebeb, 0x00ebebeb, 0x00ebebeb,
  0x00ebebeb, 0x00ebebeb, 0x00ebebeb, 0x00ebebeb, 0x00ebebeb, 0xffebebeb, 0x00ebebeb, 0x00ebebeb, 0x00ebebeb, 0xffebebeb, 0x00ebebeb, 0x00ebebeb,
  0x00ebebeb, 0x00ebebeb, 0xffebebeb, 0x00ebebeb, 0xffebebeb, 0xffebebeb, 0xffebebeb, 0xffebebeb, 0xffebebeb, 0xffebebeb, 0xffebebeb, 0x00ebebeb,
  0x00ebebeb, 0x00ebebeb, 0xffebebeb, 0xffebebeb, 0xffebebeb, 0xffebebeb, 0xffebebeb, 0xffebebeb, 0xffebebeb, 0xffebebeb, 0x00ebebeb, 0x00ebebeb,
  0xffebebeb, 0x00ebebeb, 0x00ebebeb, 0xffebebeb, 0x00ebebeb, 0x00ebebeb, 0x00ebebeb, 0xffebebeb, 0x00ebebeb, 0x00ebebeb, 0xffebebeb, 0x00ebebeb,
  0xffebebeb, 0x00ebebeb, 0xffebebeb, 0x00ebebeb, 0x00ebebeb, 0x00ebebeb, 0x00ebebeb, 0xffebebeb, 0x00ebebeb, 0x00ebebeb, 0x00ebebeb, 0x00ebebeb,
  0xffebebeb, 0x00ebebeb, 0x00ebebeb, 0xffebebeb, 0x00ebebeb, 0x00ebebeb, 0x00ebebeb, 0xffebebeb, 0x00ebebeb, 0x00ebebeb, 0xffebebeb, 0x00ebebeb,
  0x00ebebeb, 0x00ebebeb, 0xffebebeb, 0x00ebebeb, 0x00ebebeb, 0xffebebeb, 0xffebebeb, 0xffebebeb, 0xffebebeb, 0xffebebeb, 0x00ebebeb, 0x00ebebeb,
  0x00ebebeb, 0xffebebeb, 0x00ebebeb, 0x00ebebeb, 0xffebebeb, 0xffebebeb, 0xffebebeb, 0xffebebeb, 0xffebebeb, 0xffebebeb, 0x00ebebeb, 0x00ebebeb,
  0x00ebebeb, 0x00ebebeb, 0x00ebebeb, 0x00ebebeb, 0x00ebebeb, 0xffebebeb, 0x00ebebeb, 0xffebebeb, 0x00ebebeb, 0x00ebebeb, 0x00ebebeb, 0x00ebebeb,
  0xffebebeb, 0xffebebeb, 0xffebebeb, 0x00ebebeb, 0xffebebeb, 0x00ebebeb, 0xffebebeb, 0x00ebebeb, 0x00ebebeb, 0x00ebebeb, 0xffebebeb, 0x00ebebeb,
  0x00ebebeb, 0xffebebeb, 0x00ebebeb, 0x00ebebeb, 0xffebebeb, 0x00ebebeb, 0xffebebeb, 0x00ebebeb, 0xffebebeb, 0x00ebebeb, 0x00ebebeb, 0x00ebebeb,
  0x00ebebeb, 0xffebebeb, 0xffebebeb, 0xffebebeb, 0xffebebeb, 0xffebebeb, 0x00ebebeb, 0xffebebeb, 0x00ebebeb, 0x00ebebeb, 0xffebebeb, 0x00ebebeb,
  0x00ebebeb, 0x00ebebeb, 0x00ebebeb, 0x00ebebeb, 0xffebebeb, 0x00ebebeb, 0xffebebeb, 0x00ebebeb, 0x00ebebeb, 0x00ebebeb, 0x00ebebeb, 0x00ebebeb,
  0x00ebebeb, 0xffebebeb, 0x00ebebeb, 0x00ebebeb, 0x00ebebeb, 0xffebebeb, 0x00ebebeb, 0x00ebebeb, 0x00ebebeb, 0x00ebebeb, 0x00ebebeb, 0x00ebebeb,
  0x00ebebeb, 0x00ebebeb, 0x00ebebeb, 0xffebebeb, 0xffebebeb, 0xffebebeb, 0x00ebebeb, 0x00ebebeb, 0x00ebebeb, 0x00ebebeb, 0xffebebeb, 0x00ebebeb,
  0x00ebebeb, 0x00ebebeb, 0x00ebebeb, 0x00ebebeb, 0x00ebebeb, 0xffebebeb, 0x00ebebeb, 0x00ebebeb, 0x00ebebeb, 0x00ebebeb, 0x00ebebeb, 0x00ebebeb,
  0x00ebebeb, 0x00ebebeb, 0x00ebebeb, 0x00ebebeb, 0x00ebebeb, 0xffebebeb, 0x00ebebeb, 0x00ebebeb, 0x00ebebeb, 0x00ebebeb, 0x00ebebeb, 0x00ebebeb,
  0x00ebebeb, 0x00ebebeb, 0xffebebeb, 0x00ebebeb, 0x00ebebeb, 0x00ebebeb, 0x00ebebeb, 0xffebebeb, 0x00ebebeb, 0x00ebebeb, 0x00ebebeb, 0x00ebebeb,
  0x00ebebeb, 0xffebebeb, 0xffebebeb, 0x00ebebeb, 0x00ebebeb, 0x00ebebeb, 0x00ebebeb, 0x00ebebeb, 0x00ebebeb, 0xffebebeb, 0x00ebebeb, 0x00ebebeb,
  0xffebebeb, 0x00ebebeb, 0xffebebeb, 0x00ebebeb, 0x00ebebeb, 0x00ebebeb, 0x00ebebeb, 0x00ebebeb, 0xffebebeb, 0x00ebebeb, 0xffebebeb, 0x00ebebeb,
  0x00ebebeb, 0x00ebebeb, 0xffebebeb, 0x00ebebeb, 0xffebebeb, 0xffebebeb, 0xffebebeb, 0xffebebeb, 0xffebebeb, 0xffebebeb, 0xffebebeb, 0x00ebebeb,
  0xffebebeb, 0x00ebebeb, 0x00ebebeb, 0xffebebeb, 0xffebebeb, 0xffebebeb, 0xffebebeb, 0xffebebeb, 0x00ebebeb, 0x00ebebeb, 0xffebebeb, 0x00ebebeb,
  0x00ebebeb, 0x00ebebeb, 0xffebebeb, 0x00ebebeb, 0x00ebebeb, 0xffebebeb, 0x00ebebeb, 0x00ebebeb, 0x00ebebeb, 0x00ebebeb, 0x00ebebeb, 0x00ebebeb,
  0x00ebebeb, 0xffebebeb, 0x00ebebeb, 0x00ebebeb, 0x00ebebeb, 0xffebebeb, 0x00ebebeb, 0x00ebebeb, 0xffebebeb, 0x00ebebeb, 0x00ebebeb, 0x00ebebeb,
  0x00ebebeb, 0x00ebebeb, 0x00ebebeb, 0x00ebebeb, 0xffebebeb, 0x00ebebeb, 0x00ebebeb, 0x00ebebeb, 0xffebebeb, 0x00ebebeb, 0x00ebebeb, 0x00ebebeb,
  0x00ebebeb, 0x00ebebeb, 0x00ebebeb, 0x00ebebeb, 0xffebebeb, 0x00ebebeb, 0xffebebeb, 0xffebebeb, 0xffebebeb, 0xffebebeb, 0xffebebeb, 0x00ebebeb,
  0x00ebebeb, 0xffebebeb, 0x00ebebeb, 0x00ebebeb, 0xffebebeb, 0x00ebebeb, 0x00ebebeb, 0xffebebeb, 0x00ebebeb, 0x00ebebeb, 0x00ebebeb, 0x00ebebeb,
  0x00ebebeb, 0xffebebeb, 0x00ebebeb, 0x00ebebeb, 0x00ebebeb, 0xffebebeb, 0x00ebebeb, 0xffebebeb, 0xffebebeb, 0xffebebeb, 0x00ebebeb, 0x00ebebeb,
  0x00ebebeb, 0x00ebebeb, 0x00ebebeb, 0xffebebeb, 0x00ebebeb, 0x00ebebeb, 0x00ebebeb, 0xffebebeb, 0x00ebebeb, 0x00ebebeb, 0x00ebebeb, 0x00ebebeb,
  0x00ebebeb, 0x00ebebeb, 0xffebebeb, 0x00ebebeb, 0x00ebebeb, 0xffebebeb, 0x00ebebeb, 0x00ebebeb, 0x00ebebeb, 0x00ebebeb, 0x00ebebeb, 0x00ebebeb,
  0x00ebebeb, 0x00ebebeb, 0x00ebebeb, 0x00ebebeb, 0x00ebebeb, 0x00ebebeb, 0xffebebeb, 0x00ebebeb, 0x00ebebeb, 0xffebebeb, 0x00ebebeb, 0x00ebebeb,
  0x00ebebeb, 0x00ebebeb, 0x00ebebeb, 0x00ebebeb, 0x00ebebeb, 0xffebebeb, 0x00ebebeb, 0x00ebebeb, 0x00ebebeb, 0x00ebebeb, 0x00ebebeb, 0x00ebebeb,
  0x00ebebeb, 0x00ebebeb, 0x00ebebeb, 0x00ebebeb, 0x00ebebeb, 0xffebebeb, 0x00ebebeb, 0x00ebebeb, 0x00ebebeb, 0x00ebebeb, 0x00ebebeb, 0x00ebebeb,
  0x00ebebeb, 0xffebebeb, 0x00ebebeb, 0x00ebebeb, 0x00ebebeb, 0x00ebebeb, 0x00ebebeb, 0xffebebeb, 0x00ebebeb, 0x00ebebeb, 0x00ebebeb, 0x00ebebeb,
  0xffebebeb, 0x00ebebeb, 0xffebebeb, 0x00ebebeb, 0x00ebebeb, 0x00ebebeb, 0x00ebebeb, 0x00ebebeb, 0x00ebebeb, 0xffebebeb, 0x00ebebeb, 0x00ebebeb,
  0xffebebeb, 0x00ebebeb, 0x00ebebeb, 0x00ebebeb, 0x00ebebeb, 0x00ebebeb, 0x00ebebeb, 0x00ebebeb, 0x00ebebeb, 0x00ebebeb, 0xffebebeb, 0x00ebebeb,
  0x00ebebeb, 0x00ebebeb, 0xffebebeb, 0x00ebebeb, 0x00ebebeb, 0x00ebebeb, 0x00ebebeb, 0xffebebeb, 0x00ebebeb, 0x00ebebeb, 0x00ebebeb, 0x00ebebeb,
  0xffebebeb, 0x00ebebeb, 0x00ebebeb, 0x00ebebeb, 0x00ebebeb, 0x00ebebeb, 0x00ebebeb, 0x00ebebeb, 0x00ebebeb, 0x00ebebeb, 0xffebebeb, 0x00ebebeb,
  0x00ebebeb, 0xffebebeb, 0x00ebebeb, 0xffebebeb, 0xffebebeb, 0xffebebeb, 0x00ebebeb, 0x00ebebeb, 0x00ebebeb, 0x00ebebeb, 0x00ebebeb, 0x00ebebeb,
  0x00ebebeb, 0xffebebeb, 0xffebebeb, 0x00ebebeb, 0xffebebeb, 0x00ebebeb, 0x00ebebeb, 0x00ebebeb, 0xffebebeb, 0x00ebebeb, 0xffebebeb, 0x00ebebeb,
  0x00ebebeb, 0x00ebebeb, 0xffebebeb, 0xffebebeb, 0x00ebebeb, 0x00ebebeb, 0x00ebebeb, 0x00ebebeb, 0x00ebebeb, 0xffebebeb, 0x00ebebeb, 0x00ebebeb,
  0x00ebebeb, 0x00ebebeb, 0xffebebeb, 0x00ebebeb, 0xffebebeb, 0x00ebebeb, 0xffebebeb, 0x00ebebeb, 0x00ebebeb, 0x00ebebeb, 0xffebebeb, 0x00ebebeb,
  0x00ebebeb, 0xffebebeb, 0x00ebebeb, 0x00ebebeb, 0xffebebeb, 0x00ebebeb, 0xffebebeb, 0x00ebebeb, 0xffebebeb, 0x00ebebeb, 0x00ebebeb, 0x00ebebeb,
  0x00ebebeb, 0xffebebeb, 0x00ebebeb, 0x00ebebeb, 0x00ebebeb, 0xffebebeb, 0x00ebebeb, 0xffebebeb, 0x00ebebeb, 0x00ebebeb, 0x00ebebeb, 0x00ebebeb,
  0x00ebebeb, 0x00ebebeb, 0xffebebeb, 0x00ebebeb, 0x00ebebeb, 0x00ebebeb, 0x00ebebeb, 0x00ebebeb, 0xffebebeb, 0x00ebebeb, 0x00ebebeb, 0x00ebebeb,
  0x00ebebeb, 0x00ebebeb, 0x00ebebeb, 0xffebebeb, 0xffebebeb, 0x00ebebeb, 0x00ebebeb, 0x00ebebeb, 0x00ebebeb, 0x00ebebeb, 0x00ebebeb, 0x00ebebeb,
  0x00ebebeb, 0x00ebebeb, 0x00ebebeb, 0x00ebebeb, 0x00ebebeb, 0x00ebebeb, 0x00ebebeb, 0xffebebeb, 0xffebebeb, 0x00ebebeb, 0x00ebebeb, 0x00ebebeb,
  0x00ebebeb, 0x00ebebeb, 0x00ebebeb, 0x00ebebeb, 0x00ebebeb, 0xffebebeb, 0x00ebebeb, 0x00ebebeb, 0x00ebebeb, 0x00ebebeb, 0x00ebebeb, 0x00ebebeb,
  0x00ebebeb, 0x00ebebeb, 0x00ebebeb, 0x00ebebeb, 0x00ebebeb, 0xffebebeb, 0x00ebebeb, 0x00ebebeb, 0x00ebebeb, 0x00ebebeb, 0x00ebebeb, 0x00ebebeb,
  0xffebebeb, 0x00ebebeb, 0x00ebebeb, 0x00ebebeb, 0x00ebebeb, 0x00ebebeb, 0x00ebebeb, 0xffebebeb, 0x00ebebeb, 0x00ebebeb, 0x00ebebeb, 0x00ebebeb,
  0x00ebebeb, 0x00ebebeb, 0xffebebeb, 0x00ebebeb, 0x00ebebeb, 0x00ebebeb, 0x00ebebeb, 0x00ebebeb, 0x00ebebeb, 0xffebebeb, 0x00ebebeb, 0x00ebebeb,
  0xffebebeb, 0x00ebebeb, 0x00ebebeb, 0x00ebebeb, 0x00ebebeb, 0x00ebebeb, 0x00ebebeb, 0x00ebebeb, 0x00ebebeb, 0x00ebebeb, 0xffebebeb, 0x00ebebeb,
  0x00ebebeb, 0x00ebebeb, 0xffebebeb, 0x00ebebeb, 0x00ebebeb, 0x00ebebeb, 0x00ebebeb, 0xffebebeb, 0x00ebebeb, 0x00ebebeb, 0x00ebebeb, 0x00ebebeb,
  0xffebebeb, 0xffebebeb, 0xffebebeb, 0xffebebeb, 0xffebebeb, 0xffebebeb, 0xffebebeb, 0xffebebeb, 0xffebebeb, 0xffebebeb, 0xffebebeb, 0x00ebebeb,
  0xffebebeb, 0x00ebebeb, 0x00ebebeb, 0x00ebebeb, 0x00ebebeb, 0x00ebebeb, 0xffebebeb, 0xffebebeb, 0xffebebeb, 0xffebebeb, 0xffebebeb, 0x00ebebeb,
  0x00ebebeb, 0xffebebeb, 0x00ebebeb, 0xffebebeb, 0x00ebebeb, 0x00ebebeb, 0x00ebebeb, 0x00ebebeb, 0xffebebeb, 0xffebebeb, 0xffebebeb, 0x00ebebeb,
  0xffebebeb, 0xffebebeb, 0x00ebebeb, 0x00ebebeb, 0x00ebebeb, 0x00ebebeb, 0x00ebebeb, 0x00ebebeb, 0x00ebebeb, 0x00ebebeb, 0xffebebeb, 0x00ebebeb,
  0xffebebeb, 0xffebebeb, 0x00ebebeb, 0x00ebebeb, 0xffebebeb, 0x00ebebeb, 0xffebebeb, 0xffebebeb, 0xffebebeb, 0xffebebeb, 0xffebebeb, 0x00ebebeb,
  0xffebebeb, 0x00ebebeb, 0x00ebebeb, 0xffebebeb, 0xffebebeb, 0xffebebeb, 0x00ebebeb, 0x00ebebeb, 0x00ebebeb, 0xffebebeb, 0xffebebeb, 0x00ebebeb,
  0x00ebebeb, 0xffebebeb, 0xffebebeb, 0xffebebeb, 0xffebebeb, 0xffebebeb, 0x00ebebeb, 0xffebebeb, 0x00ebebeb, 0x00ebebeb, 0x00ebebeb, 0x00ebebeb,
  0xffebebeb, 0xffebebeb, 0x00ebebeb, 0x00ebebeb, 0x00ebebeb, 0x00ebebeb, 0x00ebebeb, 0x00ebebeb, 0x00ebebeb, 0xffebebeb, 0xffebebeb, 0x00ebebeb,
  0xffebebeb, 0xffebebeb, 0xffebebeb, 0x00ebebeb, 0x00ebebeb, 0xffebebeb, 0xffebebeb, 0xffebebeb, 0xffebebeb, 0xffebebeb, 0xffebebeb, 0x00ebebeb,
  0x00ebebeb, 0x00ebebeb, 0xffebebeb, 0xffebebeb, 0xffebebeb, 0xffebebeb, 0xffebebeb, 0x00ebebeb, 0x00ebebeb, 0x00ebebeb, 0x00ebebeb, 0x00ebebeb,
  0xffebebeb, 0xffebebeb, 0xffebebeb, 0xffebebeb, 0xffebebeb, 0xffebebeb, 0xffebebeb, 0xffebebeb, 0xffebebeb, 0xffebebeb, 0xffebebeb, 0x00ebebeb,
  0x00ebebeb, 0x00ebebeb, 0x00ebebeb, 0x00ebebeb, 0x00ebebeb, 0xffebebeb, 0x00ebebeb, 0x00ebebeb, 0x00ebebeb, 0x00ebebeb, 0x00ebebeb, 0x00ebebeb,
  0x00ebebeb, 0x00ebebeb, 0x00ebebeb, 0xffebebeb, 0xffebebeb, 0xffebebeb, 0xffebebeb, 0xffebebeb, 0xffebebeb, 0xffebebeb, 0xffebebeb, 0x00ebebeb,
  0x00ebebeb, 0x00ebebeb, 0xffebebeb, 0xffebebeb, 0xffebebeb, 0xffebebeb, 0xffebebeb, 0xffebebeb, 0xffebebeb, 0xffebebeb, 0x00ebebeb, 0x00ebebeb,
  0xffebebeb, 0x00ebebeb, 0x00ebebeb, 0x00ebebeb, 0x00ebebeb, 0x00ebebeb, 0x00ebebeb, 0x00ebebeb, 0xffebebeb, 0xffebebeb, 0xffebebeb, 0x00ebebeb,
  0x00ebebeb, 0x00ebebeb, 0xffebebeb, 0x00ebebeb, 0x00ebebeb, 0x00ebebeb, 0xffebebeb, 0xffebebeb, 0x00ebebeb, 0x00ebebeb, 0x00ebebeb, 0x00ebebeb,
  0x00ebebeb, 0x00ebebeb, 0x00ebebeb, 0x00ebebeb, 0x00ebebeb, 0x00ebebeb, 0x00ebebeb, 0x00ebebeb, 0x00ebebeb, 0x00ebebeb, 0x00ebebeb, 0x00ebebeb,
  0x00ebebeb, 0x00ebebeb, 0x00ebebeb, 0x00ebebeb, 0x00ebebeb, 0x00ebebeb, 0x00ebebeb, 0x00ebebeb, 0x00ebebeb, 0x00ebebeb, 0x00ebebeb, 0x00ebebeb,
  0x00ebebeb, 0x00ebebeb, 0x00ebebeb, 0x00ebebeb, 0x00ebebeb, 0x00ebebeb, 0x00ebebeb, 0x00ebebeb, 0x00ebebeb, 0x00ebebeb, 0x00ebebeb, 0x00ebebeb,
  0x00ebebeb, 0x00ebebeb, 0x00ebebeb, 0x00ebebeb, 0x00ebebeb, 0x00ebebeb, 0x00ebebeb, 0x00ebebeb, 0x00ebebeb, 0x00ebebeb, 0x00ebebeb, 0x00ebebeb,
  0x00ebebeb, 0x00ebebeb, 0x00ebebeb, 0x00ebebeb, 0x00ebebeb, 0x00ebebeb, 0x00ebebeb, 0x00ebebeb, 0x00ebebeb, 0x00ebebeb, 0x00ebebeb, 0x00ebebeb,
  0x00ebebeb, 0x00ebebeb, 0x00ebebeb, 0x00ebebeb, 0x00ebebeb, 0x00ebebeb, 0x00ebebeb, 0x00ebebeb, 0x00ebebeb, 0x00ebebeb, 0x00ebebeb, 0x00ebebeb,
  0x00ebebeb, 0x00ebebeb, 0x00ebebeb, 0x00ebebeb, 0x00ebebeb, 0x00ebebeb, 0x00ebebeb, 0x00ebebeb, 0x00ebebeb, 0x00ebebeb, 0x00ebebeb, 0x00ebebeb,
  0x00ebebeb, 0x00ebebeb, 0x00ebebeb, 0x00ebebeb, 0x00ebebeb, 0x00ebebeb, 0x00ebebeb, 0x00ebebeb, 0x00ebebeb, 0x00ebebeb, 0x00ebebeb, 0x00ebebeb,
  0x00ebebeb, 0x00ebebeb, 0x00ebebeb, 0x00ebebeb, 0x00ebebeb, 0x00ebebeb, 0x00ebebeb, 0x00ebebeb, 0x00ebebeb, 0x00ebebeb, 0x00ebebeb, 0x00ebebeb,
  0x00ebebeb, 0x00ebebeb, 0x00ebebeb, 0x00ebebeb, 0x00ebebeb, 0x00ebebeb, 0x00ebebeb, 0x00ebebeb, 0x00ebebeb, 0x00ebebeb, 0x00ebebeb, 0x00ebebeb,
  0x00ebebeb, 0x00ebebeb, 0x00ebebeb, 0x00ebebeb, 0x00ebebeb, 0x00ebebeb, 0x00ebebeb, 0x00ebebeb, 0x00ebebeb, 0x00ebebeb, 0x00ebebeb, 0x00ebebeb,
  0x00ebebeb, 0x00ebebeb, 0x00ebebeb, 0x00ebebeb, 0x00ebebeb, 0x00ebebeb, 0x00ebebeb, 0x00ebebeb, 0x00ebebeb, 0x00ebebeb, 0x00ebebeb, 0x00ebebeb,
  0x00ebebeb, 0x00ebebeb, 0x00ebebeb, 0x00ebebeb, 0x00ebebeb, 0x00ebebeb, 0x00ebebeb, 0x00ebebeb, 0x00ebebeb, 0x00ebebeb, 0x00ebebeb, 0x00ebebeb,
  0x00ebebeb, 0x00ebebeb, 0x00ebebeb, 0x00ebebeb, 0x00ebebeb, 0x00ebebeb, 0x00ebebeb, 0x00ebebeb, 0x00ebebeb, 0x00ebebeb, 0x00ebebeb, 0x00ebebeb,
  0x00ebebeb, 0x00ebebeb, 0x00ebebeb, 0x00ebebeb, 0x00ebebeb, 0x00ebebeb, 0x00ebebeb, 0x00ebebeb, 0x00ebebeb, 0x00ebebeb, 0x00ebebeb, 0x00ebebeb,
  0x00ebebeb, 0x00ebebeb, 0x00ebebeb, 0x00ebebeb, 0x00ebebeb, 0x00ebebeb, 0x00ebebeb, 0x00ebebeb, 0x00ebebeb, 0x00ebebeb, 0x00ebebeb, 0x00ebebeb,
  0x00ebebeb, 0x00ebebeb, 0xffebebeb, 0x00ebebeb, 0x00ebebeb, 0x00ebebeb, 0x00ebebeb, 0xffebebeb, 0x00ebebeb, 0x00ebebeb, 0x00ebebeb, 0x00ebebeb,
  0x00ebebeb, 0x00ebebeb, 0xffebebeb, 0x00ebebeb, 0x00ebebeb, 0x00ebebeb, 0x00ebebeb, 0x00ebebeb, 0xffebebeb, 0x00ebebeb, 0x00ebebeb, 0x00ebebeb,
  0x00ebebeb, 0x00ebebeb, 0xffebebeb, 0xffebebeb, 0xffebebeb, 0xffebebeb, 0xffebebeb, 0xffebebeb, 0xffebebeb, 0x00ebebeb, 0x00ebebeb, 0x00ebebeb,
  0x00ebebeb, 0x00ebebeb, 0xffebebeb, 0x00ebebeb, 0x00ebebeb, 0x00ebebeb, 0x00ebebeb, 0x00ebebeb, 0x00ebebeb, 0x00ebebeb, 0x00ebebeb, 0x00ebebeb,
  0x00ebebeb, 0x00ebebeb, 0xffebebeb, 0x00ebebeb, 0x00ebebeb, 0xffebebeb, 0xffebebeb, 0xffebebeb, 0xffebebeb, 0xffebebeb, 0xffebebeb, 0x00ebebeb,
  0xffebebeb, 0xffebebeb, 0xffebebeb, 0xffebebeb, 0xffebebeb, 0xffebebeb, 0xffebebeb, 0xffebebeb, 0xffebebeb, 0xffebebeb, 0xffebebeb, 0x00ebebeb,
  0x00ebebeb, 0x00ebebeb, 0x00ebebeb, 0x00ebebeb, 0x00ebebeb, 0xffebebeb, 0x00ebebeb, 0x00ebebeb, 0x00ebebeb, 0x00ebebeb, 0x00ebebeb, 0x00ebebeb,
  0x00ebebeb, 0xffebebeb, 0x00ebebeb, 0x00ebebeb, 0x00ebebeb, 0x00ebebeb, 0xffebebeb, 0x00ebebeb, 0x00ebebeb, 0x00ebebeb, 0x00ebebeb, 0x00ebebeb,
  0xffebebeb, 0x00ebebeb, 0x00ebebeb, 0x00ebebeb, 0xffebebeb, 0x00ebebeb, 0x00ebebeb, 0x00ebebeb, 0x00ebebeb, 0x00ebebeb, 0x00ebebeb, 0x00ebebeb,
  0x00ebebeb, 0x00ebebeb, 0xffebebeb, 0xffebebeb, 0xffebebeb, 0xffebebeb, 0xffebebeb, 0xffebebeb, 0x00ebebeb, 0x00ebebeb, 0x00ebebeb, 0x00ebebeb,
  0x00ebebeb, 0xffebebeb, 0x00ebebeb, 0x00ebebeb, 0x00ebebeb, 0x00ebebeb, 0x00ebebeb, 0x00ebebeb, 0xffebebeb, 0x00ebebeb, 0xffebebeb, 0x00ebebeb,
  0x00ebebeb, 0x00ebebeb, 0xffebebeb, 0x00ebebeb, 0xffebebeb, 0xffebebeb, 0xffebebeb, 0xffebebeb, 0xffebebeb, 0xffebebeb, 0x00ebebeb, 0x00ebebeb,
  0x00ebebeb, 0x00ebebeb, 0x00ebebeb, 0x00ebebeb, 0xffebebeb, 0x00ebebeb, 0x00ebebeb, 0x00ebebeb, 0x00ebebeb, 0x00ebebeb, 0x00ebebeb, 0x00ebebeb,
  0x00ebebeb, 0x00ebebeb, 0x00ebebeb, 0x00ebebeb, 0xffebebeb, 0x00ebebeb, 0x00ebebeb, 0x00ebebeb, 0x00ebebeb, 0x00ebebeb, 0x00ebebeb, 0x00ebebeb,
  0xffebebeb, 0x00ebebeb, 0x00ebebeb, 0x00ebebeb, 0x00ebebeb, 0x00ebebeb, 0x00ebebeb, 0xffebebeb, 0x00ebebeb, 0x00ebebeb, 0x00ebebeb, 0x00ebebeb,
  0xffebebeb, 0xffebebeb, 0xffebebeb, 0xffebebeb, 0xffebebeb, 0xffebebeb, 0x00ebebeb, 0xffebebeb, 0xffebebeb, 0xffebebeb, 0x00ebebeb, 0x00ebebeb,
  0xffebebeb, 0xffebebeb, 0xffebebeb, 0xffebebeb, 0x00ebebeb, 0xffebebeb, 0xffebebeb, 0xffebebeb, 0xffebebeb, 0xffebebeb, 0x00ebebeb, 0x00ebebeb,
  0x00ebebeb, 0x00ebebeb, 0xffebebeb, 0xffebebeb, 0x00ebebeb, 0x00ebebeb, 0xffebebeb, 0xffebebeb, 0xffebebeb, 0xffebebeb, 0xffebebeb, 0x00ebebeb,
  0x00ebebeb, 0x00ebebeb, 0x00ebebeb, 0xffebebeb, 0x00ebebeb, 0x00ebebeb, 0x00ebebeb, 0xffebebeb, 0x00ebebeb, 0x00ebebeb, 0x00ebebeb, 0x00ebebeb,
  0x00ebebeb, 0x00ebebeb, 0xffebebeb, 0x00ebebeb, 0x00ebebeb, 0x00ebebeb, 0x00ebebeb, 0xffebebeb, 0xffebebeb, 0xffebebeb, 0xffebebeb, 0x00ebebeb,
  0x00ebebeb, 0x00ebebeb, 0xffebebeb, 0x00ebebeb, 0x00ebebeb, 0x00ebebeb, 0x00ebebeb, 0x00ebebeb, 0xffebebeb, 0x00ebebeb, 0x00ebebeb, 0x00ebebeb,
  0xffebebeb, 0x00ebebeb, 0x00ebebeb, 0x00ebebeb, 0x00ebebeb, 0x00ebebeb, 0x00ebebeb, 0x00ebebeb, 0x00ebebeb, 0x00ebebeb, 0xffebebeb, 0x00ebebeb,
  0xffebebeb, 0xffebebeb, 0xffebebeb, 0xffebebeb, 0xffebebeb, 0xffebebeb, 0xffebebeb, 0xffebebeb, 0xffebebeb, 0xffebebeb, 0xffebebeb, 0x00ebebeb,
  0x00ebebeb, 0xffebebeb, 0x00ebebeb, 0x00ebebeb, 0x00ebebeb, 0x00ebebeb, 0xffebebeb, 0x00ebebeb, 0x00ebebeb, 0x00ebebeb, 0x00ebebeb, 0x00ebebeb,
  0x00ebebeb, 0xffebebeb, 0x00ebebeb, 0x00ebebeb, 0xffebebeb, 0xffebebeb, 0xffebebeb, 0xffebebeb, 0xffebebeb, 0xffebebeb, 0xffebebeb, 0x00ebebeb,
  0x00ebebeb, 0xffebebeb, 0x00ebebeb, 0x00ebebeb, 0x00ebebeb, 0x00ebebeb, 0x00ebebeb, 0xffebebeb, 0x00ebebeb, 0x00ebebeb, 0x00ebebeb, 0x00ebebeb,
  0x00ebebeb, 0xffebebeb, 0x00ebebeb, 0x00ebebeb, 0x00ebebeb, 0x00ebebeb, 0x00ebebeb, 0x00ebebeb, 0xffebebeb, 0x00ebebeb, 0xffebebeb, 0x00ebebeb,
  0x00ebebeb, 0x00ebebeb, 0xffebebeb, 0x00ebebeb, 0xffebebeb, 0x00ebebeb, 0x00ebebeb, 0x00ebebeb, 0x00ebebeb, 0xffebebeb, 0x00ebebeb, 0x00ebebeb,
  0xffebebeb, 0xffebebeb, 0xffebebeb, 0xffebebeb, 0xffebebeb, 0xffebebeb, 0xffebebeb, 0xffebebeb, 0xffebebeb, 0xffebebeb, 0xffebebeb, 0x00ebebeb,
  0x00ebebeb, 0x00ebebeb, 0x00ebebeb, 0x00ebebeb, 0x00ebebeb, 0xffebebeb, 0x00ebebeb, 0x00ebebeb, 0x00ebebeb, 0x00ebebeb, 0x00ebebeb, 0x00ebebeb,
  0x00ebebeb, 0xffebebeb, 0x00ebebeb, 0x00ebebeb, 0x00ebebeb, 0x00ebebeb, 0x00ebebeb, 0xffebebeb, 0x00ebebeb, 0x00ebebeb, 0x00ebebeb, 0x00ebebeb,
  0xffebebeb, 0x00ebebeb, 0x00ebebeb, 0x00ebebeb, 0x00ebebeb, 0xffebebeb, 0x00ebebeb, 0xffebebeb, 0x00ebebeb, 0xffebebeb, 0x00ebebeb, 0x00ebebeb,
  0x00ebebeb, 0xffebebeb, 0x00ebebeb, 0x00ebebeb, 0x00ebebeb, 0x00ebebeb, 0x00ebebeb, 0xffebebeb, 0x00ebebeb, 0x00ebebeb, 0x00ebebeb, 0x00ebebeb,
  0x00ebebeb, 0xffebebeb, 0x00ebebeb, 0x00ebebeb, 0xffebebeb, 0x00ebebeb, 0x00ebebeb, 0x00ebebeb, 0xffebebeb, 0x00ebebeb, 0xffebebeb, 0x00ebebeb,
  0x00ebebeb, 0x00ebebeb, 0x00ebebeb, 0x00ebebeb, 0xffebebeb, 0xffebebeb, 0xffebebeb, 0x00ebebeb, 0x00ebebeb, 0x00ebebeb, 0x00ebebeb, 0x00ebebeb,
  0xffebebeb, 0xffebebeb, 0xffebebeb, 0xffebebeb, 0xffebebeb, 0xffebebeb, 0x00ebebeb, 0xffebebeb, 0x00ebebeb, 0x00ebebeb, 0xffebebeb, 0x00ebebeb,
  0xffebebeb, 0xffebebeb, 0xffebebeb, 0xffebebeb, 0x00ebebeb, 0x00ebebeb, 0x00ebebeb, 0x00ebebeb, 0xffebebeb, 0x00ebebeb, 0x00ebebeb, 0x00ebebeb,
  0xffebebeb, 0x00ebebeb, 0x00ebebeb, 0xffebebeb, 0x00ebebeb, 0x00ebebeb, 0x00ebebeb, 0x00ebebeb, 0x00ebebeb, 0x00ebebeb, 0xffebebeb, 0x00ebebeb,
  0xffebebeb, 0x00ebebeb, 0x00ebebeb, 0x00ebebeb, 0x00ebebeb, 0x00ebebeb, 0x00ebebeb, 0x00ebebeb, 0x00ebebeb, 0x00ebebeb, 0xffebebeb, 0x00ebebeb,
  0xffebebeb, 0xffebebeb, 0xffebebeb, 0x00ebebeb, 0x00ebebeb, 0xffebebeb, 0x00ebebeb, 0x00ebebeb, 0x00ebebeb, 0xffebebeb, 0x00ebebeb, 0x00ebebeb,
  0x00ebebeb, 0x00ebebeb, 0x00ebebeb, 0xffebebeb, 0x00ebebeb, 0x00ebebeb, 0x00ebebeb, 0x00ebebeb, 0x00ebebeb, 0x00ebebeb, 0x00ebebeb, 0x00ebebeb,
  0xffebebeb, 0xffebebeb, 0xffebebeb, 0xffebebeb, 0xffebebeb, 0xffebebeb, 0xffebebeb, 0xffebebeb, 0xffebebeb, 0xffebebeb, 0x00ebebeb, 0x00ebebeb,
  0x00ebebeb, 0xffebebeb, 0x00ebebeb, 0x00ebebeb, 0xffebebeb, 0xffebebeb, 0xffebebeb, 0xffebebeb, 0xffebebeb, 0xffebebeb, 0xffebebeb, 0x00ebebeb,
  0x00ebebeb, 0xffebebeb, 0x00ebebeb, 0x00ebebeb, 0xffebebeb, 0xffebebeb, 0xffebebeb, 0xffebebeb, 0xffebebeb, 0xffebebeb, 0x00ebebeb, 0x00ebebeb,
  0x00ebebeb, 0x00ebebeb, 0x00ebebeb, 0xffebebeb, 0x00ebebeb, 0x00ebebeb, 0x00ebebeb, 0x00ebebeb, 0x00ebebeb, 0x00ebebeb, 0x00ebebeb, 0x00ebebeb,
  0xffebebeb, 0xffebebeb, 0xffebebeb, 0xffebebeb, 0xffebebeb, 0xffebebeb, 0xffebebeb, 0xffebebeb, 0xffebebeb, 0xffebebeb, 0xffebebeb, 0x00ebebeb,
  0xffebebeb, 0xffebebeb, 0xffebebeb, 0x00ebebeb, 0xffebebeb, 0xffebebeb, 0xffebebeb, 0xffebebeb, 0xffebebeb, 0xffebebeb, 0xffebebeb, 0x00ebebeb,
  0xffebebeb, 0xffebebeb, 0xffebebeb, 0xffebebeb, 0xffebebeb, 0xffebebeb, 0x00ebebeb, 0xffebebeb, 0x00ebebeb, 0xffebebeb, 0x00ebebeb, 0x00ebebeb,
  0xffebebeb, 0x00ebebeb, 0xffebebeb, 0x00ebebeb, 0x00ebebeb, 0x00ebebeb, 0x00ebebeb, 0xffebebeb, 0x00ebebeb, 0x00ebebeb, 0x00ebebeb, 0x00ebebeb,
  0x00ebebeb, 0xffebebeb, 0x00ebebeb, 0x00ebebeb, 0x00ebebeb, 0x00ebebeb, 0x00ebebeb, 0x00ebebeb, 0xffebebeb, 0xffebebeb, 0x00ebebeb, 0x00ebebeb,
  0xffebebeb, 0xffebebeb, 0xffebebeb, 0xffebebeb, 0xffebebeb, 0x00ebebeb, 0xffebebeb, 0xffebebeb, 0xffebebeb, 0xffebebeb, 0xffebebeb, 0x00ebebeb,
  0x00ebebeb, 0x00ebebeb, 0xffebebeb, 0x00ebebeb, 0x00ebebeb, 0xffebebeb, 0x00ebebeb, 0xffebebeb, 0x00ebebeb, 0x00ebebeb, 0xffebebeb, 0x00ebebeb,
  0x00ebebeb, 0x00ebebeb, 0xffebebeb, 0x00ebebeb, 0x00ebebeb, 0x00ebebeb, 0x00ebebeb, 0x00ebebeb, 0xffebebeb, 0x00ebebeb, 0x00ebebeb, 0x00ebebeb,
  0x00ebebeb, 0x00ebebeb, 0x00ebebeb, 0xffebebeb, 0xffebebeb, 0xffebebeb, 0xffebebeb, 0xffebebeb, 0xffebebeb, 0x00ebebeb, 0x00ebebeb, 0x00ebebeb,
  0xffebebeb, 0x00ebebeb, 0xffebebeb, 0xffebebeb, 0xffebebeb, 0xffebebeb, 0xffebebeb, 0xffebebeb, 0xffebebeb, 0x00ebebeb, 0xffebebeb, 0x00ebebeb,
  0x00ebebeb, 0xffebebeb, 0x00ebebeb, 0x00ebebeb, 0xffebebeb, 0x00ebebeb, 0x00ebebeb, 0x00ebebeb, 0x00ebebeb, 0xffebebeb, 0x00ebebeb, 0x00ebebeb,
  0xffebebeb, 0x00ebebeb, 0x00ebebeb, 0x00ebebeb, 0xffebebeb, 0xffebebeb, 0xffebebeb, 0xffebebeb, 0xffebebeb, 0xffebebeb, 0x00ebebeb, 0x00ebebeb,
  0x00ebebeb, 0xffebebeb, 0x00ebebeb, 0x00ebebeb, 0x00ebebeb, 0xffebebeb, 0x00ebebeb, 0x00ebebeb, 0x00ebebeb, 0xffebebeb, 0x00ebebeb, 0x00ebebeb,
  0xffebebeb, 0xffebebeb, 0xffebebeb, 0x00ebebeb, 0xffebebeb, 0x00ebebeb, 0x00ebebeb, 0x00ebebeb, 0xffebebeb, 0x00ebebeb, 0x00ebebeb, 0x00ebebeb,
  0xffebebeb, 0xffebebeb, 0x00ebebeb, 0x00ebebeb, 0x00ebebeb, 0x00ebebeb, 0x00ebebeb, 0xffebebeb, 0x00ebebeb, 0x00ebebeb, 0x00ebebeb, 0x00ebebeb,
  0x00ebebeb, 0x00ebebeb, 0xffebebeb, 0x00ebebeb, 0x00ebebeb, 0xffebebeb, 0x00ebebeb, 0x00ebebeb, 0x00ebebeb, 0x00ebebeb, 0x00ebebeb, 0x00ebebeb,
  0x00ebebeb, 0x00ebebeb, 0x00ebebeb, 0x00ebebeb, 0xffebebeb, 0x00ebebeb, 0x00ebebeb, 0x00ebebeb, 0x00ebebeb, 0x00ebebeb, 0x00ebebeb, 0x00ebebeb,
  0x00ebebeb, 0x00ebebeb, 0xffebebeb, 0x00ebebeb, 0xffebebeb, 0x00ebebeb, 0x00ebebeb, 0xffebebeb, 0x00ebebeb, 0x00ebebeb, 0xffebebeb, 0x00ebebeb,
  0xffebebeb, 0x00ebebeb, 0x00ebebeb, 0x00ebebeb, 0x00ebebeb, 0x00ebebeb, 0x00ebebeb, 0xffebebeb, 0x00ebebeb, 0xffebebeb, 0x00ebebeb, 0x00ebebeb,
  0xffebebeb, 0x00ebebeb, 0xffebebeb, 0x00ebebeb, 0xffebebeb, 0xffebebeb, 0xffebebeb, 0xffebebeb, 0xffebebeb, 0xffebebeb, 0xffebebeb, 0x00ebebeb,
  0xffebebeb, 0xffebebeb, 0x00ebebeb, 0x00ebebeb, 0x00ebebeb, 0x00ebebeb, 0xffebebeb, 0xffebebeb, 0xffebebeb, 0xffebebeb, 0xffebebeb, 0x00ebebeb,
  0x00ebebeb, 0xffebebeb, 0x00ebebeb, 0xffebebeb, 0x00ebebeb, 0x00ebebeb, 0x00ebebeb, 0xffebebeb, 0x00ebebeb, 0xffebebeb, 0x00ebebeb, 0x00ebebeb,
  0x00ebebeb, 0x00ebebeb, 0xffebebeb, 0x00ebebeb, 0x00ebebeb, 0xffebebeb, 0x00ebebeb, 0xffebebeb, 0x00ebebeb, 0x00ebebeb, 0xffebebeb, 0x00ebebeb,
  0x00ebebeb, 0x00ebebeb, 0xffebebeb, 0x00ebebeb, 0x00ebebeb, 0x00ebebeb, 0x00ebebeb, 0x00ebebeb, 0xffebebeb, 0x00ebebeb, 0x00ebebeb, 0x00ebebeb,
  0x00ebebeb, 0x00ebebeb, 0xffebebeb, 0x00ebebeb, 0x00ebebeb, 0x00ebebeb, 0x00ebebeb, 0x00ebebeb, 0x00ebebeb, 0x00ebebeb, 0x00ebebeb, 0x00ebebeb,
  0x00ebebeb, 0x00ebebeb, 0x00ebebeb, 0x00ebebeb, 0x00ebebeb, 0x00ebebeb, 0x00ebebeb, 0x00ebebeb, 0x00ebebeb, 0x00ebebeb, 0x00ebebeb, 0x00ebebeb,
  0x00ebebeb, 0xffebebeb, 0x00ebebeb, 0xffebebeb, 0xffebebeb, 0xffebebeb, 0xffebebeb, 0xffebebeb, 0xffebebeb, 0x00ebebeb, 0xffebebeb, 0x00ebebeb,
  0x00ebebeb, 0xffebebeb, 0x00ebebeb, 0x00ebebeb, 0xffebebeb, 0x00ebebeb, 0xffebebeb, 0x00ebebeb, 0x00ebebeb, 0xffebebeb, 0x00ebebeb, 0x00ebebeb,
  0x00ebebeb, 0xffebebeb, 0xffebebeb, 0xffebebeb, 0xffebebeb, 0xffebebeb, 0xffebebeb, 0xffebebeb, 0xffebebeb, 0xffebebeb, 0x00ebebeb, 0x00ebebeb,
  0x00ebebeb, 0xffebebeb, 0x00ebebeb, 0x00ebebeb, 0xffebebeb, 0xffebebeb, 0xffebebeb, 0x00ebebeb, 0xffebebeb, 0x00ebebeb, 0xffebebeb, 0x00ebebeb,
  0x00ebebeb, 0xffebebeb, 0x00ebebeb, 0xffebebeb, 0xffebebeb, 0xffebebeb, 0xffebebeb, 0xffebebeb, 0xffebebeb, 0xffebebeb, 0xffebebeb, 0x00ebebeb,
  0x00ebebeb, 0xffebebeb, 0x00ebebeb, 0x00ebebeb, 0x00ebebeb, 0xffebebeb, 0x00ebebeb, 0x00ebebeb, 0x00ebebeb, 0x00ebebeb, 0x00ebebeb, 0x00ebebeb,
  0x00ebebeb, 0x00ebebeb, 0x00ebebeb, 0x00ebebeb, 0xffebebeb, 0x00ebebeb, 0x00ebebeb, 0x00ebebeb, 0x00ebebeb, 0x00ebebeb, 0x00ebebeb, 0x00ebebeb,
  0x00ebebeb, 0xffebebeb, 0x00ebebeb, 0x00ebebeb, 0xffebebeb, 0x00ebebeb, 0x00ebebeb, 0xffebebeb, 0x00ebebeb, 0x00ebebeb, 0xffebebeb, 0x00ebebeb,
  0xffebebeb, 0x00ebebeb, 0xffebebeb, 0x00ebebeb, 0xffebebeb, 0x00ebebeb, 0xffebebeb, 0x00ebebeb, 0x00ebebeb, 0xffebebeb, 0xffebebeb, 0x00ebebeb,
  0xffebebeb, 0xffebebeb, 0xffebebeb, 0xffebebeb, 0x00ebebeb, 0x00ebebeb, 0xffebebeb, 0x00ebebeb, 0x00ebebeb, 0x00ebebeb, 0x00ebebeb, 0x00ebebeb,
  0x00ebebeb, 0xffebebeb, 0x00ebebeb, 0xffebebeb, 0xffebebeb, 0x00ebebeb, 0x00ebebeb, 0x00ebebeb, 0xffebebeb, 0x00ebebeb, 0x00ebebeb, 0x00ebebeb,
  0x00ebebeb, 0x00ebebeb, 0xffebebeb, 0x00ebebeb, 0x00ebebeb, 0x00ebebeb, 0x00ebebeb, 0x00ebebeb, 0xffebebeb, 0x00ebebeb, 0x00ebebeb, 0x00ebebeb,
  0x00ebebeb, 0x00ebebeb, 0xffebebeb, 0x00ebebeb, 0x00ebebeb, 0xffebebeb, 0x00ebebeb, 0xffebebeb, 0x00ebebeb, 0x00ebebeb, 0xffebebeb, 0x00ebebeb,
  0x00ebebeb, 0x00ebebeb, 0xffebebeb, 0xffebebeb, 0x00ebebeb, 0x00ebebeb, 0x00ebebeb, 0x00ebebeb, 0xffebebeb, 0x00ebebeb, 0x00ebebeb, 0x00ebebeb,
  0x00ebebeb, 0x00ebebeb, 0xffebebeb, 0xffebebeb, 0xffebebeb, 0xffebebeb, 0xffebebeb, 0xffebebeb, 0xffebebeb, 0xffebebeb, 0x00ebebeb, 0x00ebebeb,
  0x00ebebeb, 0x00ebebeb, 0x00ebebeb, 0x00ebebeb, 0x00ebebeb, 0x00ebebeb, 0x00ebebeb, 0x00ebebeb, 0x00ebebeb, 0x00ebebeb, 0x00ebebeb, 0x00ebebeb,
  0x00ebebeb, 0xffebebeb, 0xffebebeb, 0x00ebebeb, 0x00ebebeb, 0x00ebebeb, 0x00ebebeb, 0x00ebebeb, 0x00ebebeb, 0x00ebebeb, 0xffebebeb, 0x00ebebeb,
  0x00ebebeb, 0x00ebebeb, 0x00ebebeb, 0x00ebebeb, 0xffebebeb, 0x00ebebeb, 0x00ebebeb, 0xffebebeb, 0x00ebebeb, 0xffebebeb, 0x00ebebeb, 0x00ebebeb,
  0x00ebebeb, 0xffebebeb, 0x00ebebeb, 0x00ebebeb, 0x00ebebeb, 0xffebebeb, 0x00ebebeb, 0x00ebebeb, 0x00ebebeb, 0xffebebeb, 0x00ebebeb, 0x00ebebeb,
  0x00ebebeb, 0xffebebeb, 0x00ebebeb, 0x00ebebeb, 0xffebebeb, 0x00ebebeb, 0xffebebeb, 0x00ebebeb, 0xffebebeb, 0x00ebebeb, 0xffebebeb, 0x00ebebeb,
  0x00ebebeb, 0xffebebeb, 0x00ebebeb, 0x00ebebeb, 0x00ebebeb, 0xffebebeb, 0x00ebebeb, 0xffebebeb, 0x00ebebeb, 0xffebebeb, 0x00ebebeb, 0x00ebebeb,
  0x00ebebeb, 0xffebebeb, 0xffebebeb, 0xffebebeb, 0xffebebeb, 0xffebebeb, 0xffebebeb, 0xffebebeb, 0xffebebeb, 0xffebebeb, 0x00ebebeb, 0x00ebebeb,
  0x00ebebeb, 0x00ebebeb, 0x00ebebeb, 0x00ebebeb, 0xffebebeb, 0xffebebeb, 0xffebebeb, 0xffebebeb, 0xffebebeb, 0xffebebeb, 0x00ebebeb, 0x00ebebeb,
  0x00ebebeb, 0xffebebeb, 0xffebebeb, 0x00ebebeb, 0xffebebeb, 0xffebebeb, 0xffebebeb, 0xffebebeb, 0xffebebeb, 0xffebebeb, 0xffebebeb, 0x00ebebeb,
  0xffebebeb, 0xffebebeb, 0xffebebeb, 0xffebebeb, 0xffebebeb, 0xffebebeb, 0x00ebebeb, 0x00ebebeb, 0x00ebebeb, 0x00ebebeb, 0x00ebebeb, 0x00ebebeb,
  0x00ebebeb, 0x00ebebeb, 0xffebebeb, 0x00ebebeb, 0x00ebebeb, 0xffebebeb, 0xffebebeb, 0xffebebeb, 0xffebebeb, 0xffebebeb, 0x00ebebeb, 0x00ebebeb,
  0x00ebebeb, 0xffebebeb, 0x00ebebeb, 0x00ebebeb, 0xffebebeb, 0x00ebebeb, 0x00ebebeb, 0xffebebeb, 0xffebebeb, 0xffebebeb, 0xffebebeb, 0x00ebebeb,
  0xffebebeb, 0xffebebeb, 0xffebebeb, 0xffebebeb, 0xffebebeb, 0xffebebeb, 0xffebebeb, 0xffebebeb, 0xffebebeb, 0xffebebeb, 0xffebebeb, 0x00ebebeb,
  0x00ebebeb, 0x00ebebeb, 0xffebebeb, 0x00ebebeb, 0x00ebebeb, 0xffebebeb, 0x00ebebeb, 0xffebebeb, 0x00ebebeb, 0x00ebebeb, 0xffebebeb, 0x00ebebeb,
  0xffebebeb, 0xffebebeb, 0xffebebeb, 0x00ebebeb, 0x00ebebeb, 0x00ebebeb, 0x00ebebeb, 0x00ebebeb, 0xffebebeb, 0x00ebebeb, 0x00ebebeb, 0x00ebebeb,
  0x00ebebeb, 0x00ebebeb, 0x00ebebeb, 0x00ebebeb, 0x00ebebeb, 0x00ebebeb, 0x00ebebeb, 0x00ebebeb, 0x00ebebeb, 0xffebebeb, 0x00ebebeb, 0x00ebebeb,
  0xffebebeb, 0xffebebeb, 0xffebebeb, 0xffebebeb, 0xffebebeb, 0xffebebeb, 0xffebebeb, 0xffebebeb, 0xffebebeb, 0xffebebeb, 0xffebebeb, 0x00ebebeb,
  0xffebebeb, 0xffebebeb, 0x00ebebeb, 0x00ebebeb, 0xffebebeb, 0xffebebeb, 0xffebebeb, 0xffebebeb, 0xffebebeb, 0xffebebeb, 0x00ebebeb, 0x00ebebeb,
  0x00ebebeb, 0x00ebebeb, 0x00ebebeb, 0xffebebeb, 0xffebebeb, 0xffebebeb, 0xffebebeb, 0xffebebeb, 0xffebebeb, 0xffebebeb, 0xffebebeb, 0x00ebebeb,
  0xffebebeb, 0xffebebeb, 0xffebebeb, 0xffebebeb, 0xffebebeb, 0xffebebeb, 0xffebebeb, 0xffebebeb, 0xffebebeb, 0xffebebeb, 0xffebebeb, 0x00ebebeb,
  0x00ebebeb, 0xffebebeb, 0x00ebebeb, 0x00ebebeb, 0xffebebeb, 0x00ebebeb, 0xffebebeb, 0x00ebebeb, 0xffebebeb, 0x00ebebeb, 0xffebebeb, 0x00ebebeb,
  0x00ebebeb, 0xffebebeb, 0x00ebebeb, 0xffebebeb, 0xffebebeb, 0x00ebebeb, 0x00ebebeb, 0xffebebeb, 0x00ebebeb, 0x00ebebeb, 0xffebebeb, 0x00ebebeb,
  0x00ebebeb, 0x00ebebeb, 0x00ebebeb, 0x00ebebeb, 0x00ebebeb, 0xffebebeb, 0x00ebebeb, 0x00ebebeb, 0x00ebebeb, 0x00ebebeb, 0x00ebebeb, 0x00ebebeb,
  0x00ebebeb, 0x00ebebeb, 0x00ebebeb, 0x00ebebeb, 0xffebebeb, 0x00ebebeb, 0x00ebebeb, 0x00ebebeb, 0x00ebebeb, 0xffebebeb, 0x00ebebeb, 0x00ebebeb,
  0xffebebeb, 0xffebebeb, 0x00ebebeb, 0xffebebeb, 0xffebebeb, 0x00ebebeb, 0x00ebebeb, 0xffebebeb, 0x00ebebeb, 0x00ebebeb, 0xffebebeb, 0x00ebebeb,
  0xffebebeb, 0x00ebebeb, 0xffebebeb, 0x00ebebeb, 0xffebebeb, 0x00ebebeb, 0xffebebeb, 0xffebebeb, 0xffebebeb, 0xffebebeb, 0xffebebeb, 0x00ebebeb,
  0x00ebebeb, 0x00ebebeb, 0xffebebeb, 0xffebebeb, 0x00ebebeb, 0x00ebebeb, 0x00ebebeb, 0x00ebebeb, 0x00ebebeb, 0xffebebeb, 0x00ebebeb, 0x00ebebeb,
  0x00ebebeb, 0xffebebeb, 0x00ebebeb, 0x00ebebeb, 0xffebebeb, 0x00ebebeb, 0xffebebeb, 0xffebebeb, 0x00ebebeb, 0x00ebebeb, 0xffebebeb, 0x00ebebeb,
  0xffebebeb, 0x00ebebeb, 0xffebebeb, 0x00ebebeb, 0x00ebebeb, 0x00ebebeb, 0x00ebebeb, 0x00ebebeb, 0xffebebeb, 0x00ebebeb, 0xffebebeb, 0x00ebebeb,
  0x00ebebeb, 0x00ebebeb, 0xffebebeb, 0x00ebebeb, 0x00ebebeb, 0xffebebeb, 0x00ebebeb, 0xffebebeb, 0x00ebebeb, 0x00ebebeb, 0xffebebeb, 0x00ebebeb,
  0x00ebebeb, 0x00ebebeb, 0xffebebeb, 0x00ebebeb, 0x00ebebeb, 0x00ebebeb, 0x00ebebeb, 0x00ebebeb, 0xffebebeb, 0x00ebebeb, 0x00ebebeb, 0x00ebebeb,
  0x00ebebeb, 0x00ebebeb, 0x00ebebeb, 0x00ebebeb, 0x00ebebeb, 0x00ebebeb, 0x00ebebeb, 0x00ebebeb, 0x00ebebeb, 0xffebebeb, 0x00ebebeb, 0x00ebebeb,
  0x00ebebeb, 0x00ebebeb, 0x00ebebeb, 0xffebebeb, 0x00ebebeb, 0x00ebebeb, 0x00ebebeb, 0xffebebeb, 0x00ebebeb, 0x00ebebeb, 0x00ebebeb, 0x00ebebeb,
  0x00ebebeb, 0xffebebeb, 0x00ebebeb, 0x00ebebeb, 0xffebebeb, 0x00ebebeb, 0x00ebebeb, 0x00ebebeb, 0x00ebebeb, 0xffebebeb, 0x00ebebeb, 0x00ebebeb,
  0x00ebebeb, 0xffebebeb, 0x00ebebeb, 0x00ebebeb, 0xffebebeb, 0x00ebebeb, 0xffebebeb, 0x00ebebeb, 0x00ebebeb, 0xffebebeb, 0x00ebebeb, 0x00ebebeb,
  0x00ebebeb, 0x00ebebeb, 0xffebebeb, 0x00ebebeb, 0x00ebebeb, 0x00ebebeb, 0x00ebebeb, 0x00ebebeb, 0xffebebeb, 0x00ebebeb, 0x00ebebeb, 0x00ebebeb,
  0x00ebebeb, 0xffebebeb, 0xffebebeb, 0x00ebebeb, 0xffebebeb, 0x00ebebeb, 0xffebebeb, 0x00ebebeb, 0x00ebebeb, 0xffebebeb, 0x00ebebeb, 0x00ebebeb,
  0x00ebebeb, 0x00ebebeb, 0x00ebebeb, 0x00ebebeb, 0x00ebebeb, 0xffebebeb, 0x00ebebeb, 0x00ebebeb, 0x00ebebeb, 0x00ebebeb, 0x00ebebeb, 0x00ebebeb,
  0x00ebebeb, 0x00ebebeb, 0xffebebeb, 0x00ebebeb, 0x00ebebeb, 0xffebebeb, 0x00ebebeb, 0x00ebebeb, 0xffebebeb, 0x00ebebeb, 0x00ebebeb, 0x00ebebeb,
  0x00ebebeb, 0x00ebebeb, 0x00ebebeb, 0xffebebeb, 0x00ebebeb, 0x00ebebeb, 0x00ebebeb, 0x00ebebeb, 0x00ebebeb, 0xffebebeb, 0x00ebebeb, 0x00ebebeb,
  0x00ebebeb, 0xffebebeb, 0x00ebebeb, 0x00ebebeb, 0xffebebeb, 0x00ebebeb, 0x00ebebeb, 0xffebebeb, 0x00ebebeb, 0x00ebebeb, 0xffebebeb, 0x00ebebeb,
  0xffebebeb, 0xffebebeb, 0xffebebeb, 0xffebebeb, 0xffebebeb, 0xffebebeb, 0xffebebeb, 0x00ebebeb, 0x00ebebeb, 0x00ebebeb, 0xffebebeb, 0x00ebebeb,
  0xffebebeb, 0xffebebeb, 0xffebebeb, 0x00ebebeb, 0x00ebebeb, 0x00ebebeb, 0xffebebeb, 0x00ebebeb, 0xffebebeb, 0x00ebebeb, 0x00ebebeb, 0x00ebebeb,
  0x00ebebeb, 0xffebebeb, 0x00ebebeb, 0x00ebebeb, 0xffebebeb, 0x00ebebeb, 0x00ebebeb, 0xffebebeb, 0xffebebeb, 0xffebebeb, 0xffebebeb, 0x00ebebeb,
  0x00ebebeb, 0x00ebebeb, 0xffebebeb, 0xffebebeb, 0xffebebeb, 0xffebebeb, 0xffebebeb, 0xffebebeb, 0xffebebeb, 0x00ebebeb, 0x00ebebeb, 0x00ebebeb,
  0x00ebebeb, 0xffebebeb, 0x00ebebeb, 0x00ebebeb, 0x00ebebeb, 0xffebebeb, 0x00ebebeb, 0xffebebeb, 0x00ebebeb, 0x00ebebeb, 0xffebebeb, 0x00ebebeb,
  0x00ebebeb, 0x00ebebeb, 0xffebebeb, 0x00ebebeb, 0x00ebebeb, 0x00ebebeb, 0x00ebebeb, 0x00ebebeb, 0xffebebeb, 0x00ebebeb, 0x00ebebeb, 0x00ebebeb,
  0xffebebeb, 0xffebebeb, 0xffebebeb, 0xffebebeb, 0xffebebeb, 0xffebebeb, 0xffebebeb, 0xffebebeb, 0x00ebebeb, 0xffebebeb, 0x00ebebeb, 0x00ebebeb,
  0x00ebebeb, 0x00ebebeb, 0x00ebebeb, 0xffebebeb, 0x00ebebeb, 0x00ebebeb, 0x00ebebeb, 0xffebebeb, 0x00ebebeb, 0x00ebebeb, 0x00ebebeb, 0x00ebebeb,
  0x00ebebeb, 0xffebebeb, 0x00ebebeb, 0x00ebebeb, 0xffebebeb, 0x00ebebeb, 0x00ebebeb, 0x00ebebeb, 0x00ebebeb, 0xffebebeb, 0x00ebebeb, 0x00ebebeb,
  0x00ebebeb, 0xffebebeb, 0x00ebebeb, 0x00ebebeb, 0xffebebeb, 0x00ebebeb, 0x00ebebeb, 0xffebebeb, 0x00ebebeb, 0xffebebeb, 0x00ebebeb, 0x00ebebeb,
  0x00ebebeb, 0x00ebebeb, 0xffebebeb, 0xffebebeb, 0xffebebeb, 0xffebebeb, 0xffebebeb, 0xffebebeb, 0xffebebeb, 0x00ebebeb, 0x00ebebeb, 0x00ebebeb,
  0xffebebeb, 0xffebebeb, 0x00ebebeb, 0x00ebebeb, 0xffebebeb, 0xffebebeb, 0xffebebeb, 0x00ebebeb, 0x00ebebeb, 0xffebebeb, 0x00ebebeb, 0x00ebebeb,
  0x00ebebeb, 0xffebebeb, 0xffebebeb, 0xffebebeb, 0xffebebeb, 0xffebebeb, 0xffebebeb, 0xffebebeb, 0xffebebeb, 0xffebebeb, 0x00ebebeb, 0x00ebebeb,
  0x00ebebeb, 0xffebebeb, 0x00ebebeb, 0x00ebebeb, 0x00ebebeb, 0xffebebeb, 0x00ebebeb, 0x00ebebeb, 0x00ebebeb, 0xffebebeb, 0x00ebebeb, 0x00ebebeb,
  0x00ebebeb, 0x00ebebeb, 0x00ebebeb, 0xffebebeb, 0x00ebebeb, 0x00ebebeb, 0x00ebebeb, 0x00ebebeb, 0x00ebebeb, 0xffebebeb, 0x00ebebeb, 0x00ebebeb,
  0x00ebebeb, 0xffebebeb, 0x00ebebeb, 0x00ebebeb, 0xffebebeb, 0xffebebeb, 0xffebebeb, 0xffebebeb, 0xffebebeb, 0xffebebeb, 0xffebebeb, 0x00ebebeb,
  0xffebebeb, 0x00ebebeb, 0x00ebebeb, 0x00ebebeb, 0x00ebebeb, 0x00ebebeb, 0x00ebebeb, 0xffebebeb, 0x00ebebeb, 0xffebebeb, 0x00ebebeb, 0x00ebebeb,
  0x00ebebeb, 0x00ebebeb, 0xffebebeb, 0x00ebebeb, 0x00ebebeb, 0x00ebebeb, 0x00ebebeb, 0xffebebeb, 0x00ebebeb, 0x00ebebeb, 0x00ebebeb, 0x00ebebeb,
  0x00ebebeb, 0xffebebeb, 0x00ebebeb, 0x00ebebeb, 0xffebebeb, 0xffebebeb, 0x00ebebeb, 0xffebebeb, 0x00ebebeb, 0x00ebebeb, 0xffebebeb, 0x00ebebeb,
  0x00ebebeb, 0x00ebebeb, 0xffebebeb, 0x00ebebeb, 0x00ebebeb, 0x00ebebeb, 0x00ebebeb, 0x00ebebeb, 0xffebebeb, 0x00ebebeb, 0x00ebebeb, 0x00ebebeb,
  0x00ebebeb, 0xffebebeb, 0x00ebebeb, 0x00ebebeb, 0x00ebebeb, 0xffebebeb, 0x00ebebeb, 0xffebebeb, 0x00ebebeb, 0x00ebebeb, 0xffebebeb, 0x00ebebeb,
  0x00ebebeb, 0x00ebebeb, 0xffebebeb, 0x00ebebeb, 0x00ebebeb, 0x00ebebeb, 0x00ebebeb, 0x00ebebeb, 0xffebebeb, 0x00ebebeb, 0x00ebebeb, 0x00ebebeb,
  0x00ebebeb, 0x00ebebeb, 0x00ebebeb, 0x00ebebeb, 0x00ebebeb, 0x00ebebeb, 0x00ebebeb, 0x00ebebeb, 0x00ebebeb, 0xffebebeb, 0x00ebebeb, 0x00ebebeb,
  0x00ebebeb, 0x00ebebeb, 0xffebebeb, 0x00ebebeb, 0x00ebebeb, 0x00ebebeb, 0x00ebebeb, 0xffebebeb, 0x00ebebeb, 0x00ebebeb, 0xffebebeb, 0x00ebebeb,
  0x00ebebeb, 0xffebebeb, 0x00ebebeb, 0x00ebebeb, 0xffebebeb, 0x00ebebeb, 0x00ebebeb, 0x00ebebeb, 0x00ebebeb, 0xffebebeb, 0x00ebebeb, 0x00ebebeb,
  0xffebebeb, 0x00ebebeb, 0x00ebebeb, 0x00ebebeb, 0xffebebeb, 0xffebebeb, 0xffebebeb, 0xffebebeb, 0xffebebeb, 0xffebebeb, 0xffebebeb, 0x00ebebeb,
  0x00ebebeb, 0x00ebebeb, 0xffebebeb, 0x00ebebeb, 0x00ebebeb, 0x00ebebeb, 0x00ebebeb, 0x00ebebeb, 0xffebebeb, 0x00ebebeb, 0x00ebebeb, 0x00ebebeb,
  0x00ebebeb, 0x00ebebeb, 0x00ebebeb, 0x00ebebeb, 0xffebebeb, 0x00ebebeb, 0x00ebebeb, 0x00ebebeb, 0xffebebeb, 0x00ebebeb, 0xffebebeb, 0x00ebebeb,
  0x00ebebeb, 0x00ebebeb, 0x00ebebeb, 0x00ebebeb, 0x00ebebeb, 0xffebebeb, 0x00ebebeb, 0x00ebebeb, 0x00ebebeb, 0x00ebebeb, 0x00ebebeb, 0x00ebebeb,
  0xffebebeb, 0x00ebebeb, 0x00ebebeb, 0x00ebebeb, 0x00ebebeb, 0xffebebeb, 0x00ebebeb, 0x00ebebeb, 0x00ebebeb, 0x00ebebeb, 0xffebebeb, 0x00ebebeb,
  0x00ebebeb, 0x00ebebeb, 0xffebebeb, 0x00ebebeb, 0x00ebebeb, 0x00ebebeb, 0x00ebebeb, 0x00ebebeb, 0x00ebebeb, 0xffebebeb, 0x00ebebeb, 0x00ebebeb,
  0x00ebebeb, 0xffebebeb, 0x00ebebeb, 0x00ebebeb, 0x00ebebeb, 0x00ebebeb, 0x00ebebeb, 0xffebebeb, 0x00ebebeb, 0x00ebebeb, 0x00ebebeb, 0x00ebebeb,
  0xffebebeb, 0x00ebebeb, 0xffebebeb, 0x00ebebeb, 0xffebebeb, 0x00ebebeb, 0x00ebebeb, 0x00ebebeb, 0xffebebeb, 0x00ebebeb, 0x00ebebeb, 0x00ebebeb,
  0x00ebebeb, 0x00ebebeb, 0xffebebeb, 0x00ebebeb, 0x00ebebeb, 0x00ebebeb, 0x00ebebeb, 0x00ebebeb, 0xffebebeb, 0x00ebebeb, 0x00ebebeb, 0x00ebebeb,
  0x00ebebeb, 0xffebebeb, 0x00ebebeb, 0x00ebebeb, 0xffebebeb, 0x00ebebeb, 0x00ebebeb, 0xffebebeb, 0xffebebeb, 0xffebebeb, 0xffebebeb, 0x00ebebeb,
  0xffebebeb, 0xffebebeb, 0xffebebeb, 0xffebebeb, 0xffebebeb, 0xffebebeb, 0xffebebeb, 0xffebebeb, 0xffebebeb, 0xffebebeb, 0xffebebeb, 0x00ebebeb,
  0xffebebeb, 0x00ebebeb, 0x00ebebeb, 0xffebebeb, 0xffebebeb, 0x00ebebeb, 0x00ebebeb, 0xffebebeb, 0xffebebeb, 0xffebebeb, 0xffebebeb, 0x00ebebeb,
  0xffebebeb, 0xffebebeb, 0xffebebeb, 0x00ebebeb, 0x00ebebeb, 0x00ebebeb, 0xffebebeb, 0xffebebeb, 0xffebebeb, 0x00ebebeb, 0x00ebebeb, 0x00ebebeb,
  0x00ebebeb, 0x00ebebeb, 0x00ebebeb, 0x00ebebeb, 0x00ebebeb, 0x00ebebeb, 0xffebebeb, 0xffebebeb, 0xffebebeb, 0x00ebebeb, 0x00ebebeb, 0x00ebebeb,
  0xffebebeb, 0xffebebeb, 0x00ebebeb, 0x00ebebeb, 0x00ebebeb, 0x00ebebeb, 0x00ebebeb, 0xffebebeb, 0xffebebeb, 0xffebebeb, 0xffebebeb, 0x00ebebeb,
  0xffebebeb, 0xffebebeb, 0x00ebebeb, 0x00ebebeb, 0xffebebeb, 0xffebebeb, 0xffebebeb, 0xffebebeb, 0xffebebeb, 0xffebebeb, 0x00ebebeb, 0x00ebebeb,
  0xffebebeb, 0x00ebebeb, 0x00ebebeb, 0x00ebebeb, 0x00ebebeb, 0x00ebebeb, 0x00ebebeb, 0x00ebebeb, 0x00ebebeb, 0xffebebeb, 0x00ebebeb, 0x00ebebeb,
  0x00ebebeb, 0x00ebebeb, 0xffebebeb, 0xffebebeb, 0xffebebeb, 0xffebebeb, 0xffebebeb, 0xffebebeb, 0xffebebeb, 0x00ebebeb, 0x00ebebeb, 0x00ebebeb,
  0x00ebebeb, 0x00ebebeb, 0x00ebebeb, 0xffebebeb, 0x00ebebeb, 0x00ebebeb, 0xffebebeb, 0xffebebeb, 0x00ebebeb, 0x00ebebeb, 0xffebebeb, 0x00ebebeb,
  0xffebebeb, 0xffebebeb, 0xffebebeb, 0xffebebeb, 0xffebebeb, 0xffebebeb, 0xffebebeb, 0xffebebeb, 0xffebebeb, 0xffebebeb, 0xffebebeb, 0x00ebebeb,
  0x00ebebeb, 0x00ebebeb, 0x00ebebeb, 0xffebebeb, 0xffebebeb, 0xffebebeb, 0x00ebebeb, 0x00ebebeb, 0x00ebebeb, 0x00ebebeb, 0x00ebebeb, 0x00ebebeb,
  0xffebebeb, 0xffebebeb, 0x00ebebeb, 0x00ebebeb, 0x00ebebeb, 0x00ebebeb, 0x00ebebeb, 0xffebebeb, 0xffebebeb, 0x00ebebeb, 0x00ebebeb, 0x00ebebeb,
  0x00ebebeb, 0xffebebeb, 0x00ebebeb, 0x00ebebeb, 0x00ebebeb, 0x00ebebeb, 0x00ebebeb, 0xffebebeb, 0x00ebebeb, 0x00ebebeb, 0x00ebebeb, 0x00ebebeb,
  0x00ebebeb, 0xffebebeb, 0x00ebebeb, 0x00ebebeb, 0x00ebebeb, 0xffebebeb, 0xffebebeb, 0xffebebeb, 0x00ebebeb, 0xffebebeb, 0xffebebeb, 0x00ebebeb,
  0x00ebebeb, 0x00ebebeb, 0x00ebebeb, 0x00ebebeb, 0x00ebebeb, 0x00ebebeb, 0x00ebebeb, 0x00ebebeb, 0x00ebebeb, 0x00ebebeb, 0x00ebebeb, 0x00ebebeb,
  0x00ebebeb, 0x00ebebeb, 0x00ebebeb, 0x00ebebeb, 0x00ebebeb, 0x00ebebeb, 0x00ebebeb, 0x00ebebeb, 0x00ebebeb, 0x00ebebeb, 0x00ebebeb, 0x00ebebeb,
  0x00ebebeb, 0x00ebebeb, 0x00ebebeb, 0x00ebebeb, 0x00ebebeb, 0x00ebebeb, 0x00ebebeb, 0x00ebebeb, 0x00ebebeb, 0x00ebebeb, 0x00ebebeb, 0x00ebebeb,
  0x00ebebeb, 0x00ebebeb, 0x00ebebeb, 0x00ebebeb, 0x00ebebeb, 0x00ebebeb, 0x00ebebeb, 0x00ebebeb, 0x00ebebeb, 0x00ebebeb, 0x00ebebeb, 0x00ebebeb,
  0x00ebebeb, 0x00ebebeb, 0x00ebebeb, 0x00ebebeb, 0x00ebebeb, 0x00ebebeb, 0x00ebebeb, 0x00ebebeb, 0x00ebebeb, 0x00ebebeb, 0x00ebebeb, 0x00ebebeb,
  0x00ebebeb, 0x00ebebeb, 0x00ebebeb, 0x00ebebeb, 0x00ebebeb, 0x00ebebeb, 0x00ebebeb, 0x00ebebeb, 0x00ebebeb, 0x00ebebeb, 0x00ebebeb, 0x00ebebeb,
  0x00ebebeb, 0x00ebebeb, 0x00ebebeb, 0x00ebebeb, 0x00ebebeb, 0x00ebebeb, 0x00ebebeb, 0x00ebebeb, 0x00ebebeb, 0x00ebebeb, 0x00ebebeb, 0x00ebebeb,
  0x00ebebeb, 0x00ebebeb, 0x00ebebeb, 0x00ebebeb, 0x00ebebeb, 0x00ebebeb, 0x00ebebeb, 0x00ebebeb, 0x00ebebeb, 0x00ebebeb, 0x00ebebeb, 0x00ebebeb,
  0x00ebebeb, 0x00ebebeb, 0x00ebebeb, 0x00ebebeb, 0x00ebebeb, 0x00ebebeb, 0x00ebebeb, 0x00ebebeb, 0x00ebebeb, 0x00ebebeb, 0x00ebebeb, 0x00ebebeb,
  0x00ebebeb, 0x00ebebeb, 0x00ebebeb, 0x00ebebeb, 0x00ebebeb, 0x00ebebeb, 0x00ebebeb, 0x00ebebeb, 0x00ebebeb, 0x00ebebeb, 0x00ebebeb, 0x00ebebeb,
  0x00ebebeb, 0x00ebebeb, 0x00ebebeb, 0x00ebebeb, 0x00ebebeb, 0x00ebebeb, 0x00ebebeb, 0x00ebebeb, 0x00ebebeb, 0x00ebebeb, 0x00ebebeb, 0x00ebebeb,
  0x00ebebeb, 0x00ebebeb, 0x00ebebeb, 0x00ebebeb, 0x00ebebeb, 0x00ebebeb, 0x00ebebeb, 0x00ebebeb, 0x00ebebeb, 0x00ebebeb, 0x00ebebeb, 0x00ebebeb,
  0x00ebebeb, 0x00ebebeb, 0x00ebebeb, 0x00ebebeb, 0x00ebebeb, 0x00ebebeb, 0x00ebebeb, 0x00ebebeb, 0x00ebebeb, 0x00ebebeb, 0x00ebebeb, 0x00ebebeb,
  0x00ebebeb, 0x00ebebeb, 0x00ebebeb, 0x00ebebeb, 0x00ebebeb, 0x00ebebeb, 0x00ebebeb, 0x00ebebeb, 0x00ebebeb, 0x00ebebeb, 0x00ebebeb, 0x00ebebeb,
  0x00ebebeb, 0x00ebebeb, 0x00ebebeb, 0x00ebebeb, 0x00ebebeb, 0x00ebebeb, 0x00ebebeb, 0x00ebebeb, 0x00ebebeb, 0x00ebebeb, 0x00ebebeb, 0x00ebebeb,
  0x00ebebeb, 0x00ebebeb, 0x00ebebeb, 0x00ebebeb, 0x00ebebeb, 0x00ebebeb, 0x00ebebeb, 0x00ebebeb, 0x00ebebeb, 0x00ebebeb, 0x00ebebeb, 0x00ebebeb,
  0x00ebebeb, 0xffebebeb, 0x00ebebeb, 0x00ebebeb, 0x00ebebeb, 0x00ebebeb, 0x00ebebeb, 0xffebebeb, 0x00ebebeb, 0x00ebebeb, 0x00ebebeb, 0x00ebebeb,
  0xffebebeb, 0x00ebebeb, 0x00ebebeb, 0x00ebebeb, 0x00ebebeb, 0xffebebeb, 0x00ebebeb, 0x00ebebeb, 0xffebebeb, 0x00ebebeb, 0x00ebebeb, 0x00ebebeb,
  0x00ebebeb, 0x00ebebeb, 0x00ebebeb, 0x00ebebeb, 0x00ebebeb, 0x00ebebeb, 0x00ebebeb, 0xffebebeb, 0x00ebebeb, 0x00ebebeb, 0x00ebebeb, 0x00ebebeb,
  0x00ebebeb, 0x00ebebeb, 0x00ebebeb, 0x00ebebeb, 0xffebebeb, 0x00ebebeb, 0x00ebebeb, 0x00ebebeb, 0x00ebebeb, 0x00ebebeb, 0x00ebebeb, 0x00ebebeb,
  0x00ebebeb, 0x00ebebeb, 0xffebebeb, 0x00ebebeb, 0x00ebebeb, 0x00ebebeb, 0x00ebebeb, 0x00ebebeb, 0xffebebeb, 0x00ebebeb, 0x00ebebeb, 0x00ebebeb,
  0x00ebebeb, 0xffebebeb, 0x00ebebeb, 0x00ebebeb, 0x00ebebeb, 0xffebebeb, 0x00ebebeb, 0x00ebebeb, 0x00ebebeb, 0xffebebeb, 0x00ebebeb, 0x00ebebeb,
  0x00ebebeb, 0xffebebeb, 0x00ebebeb, 0x00ebebeb, 0x00ebebeb, 0xffebebeb, 0xffebebeb, 0xffebebeb, 0xffebebeb, 0xffebebeb, 0xffebebeb, 0x00ebebeb,
  0x00ebebeb, 0xffebebeb, 0x00ebebeb, 0x00ebebeb, 0x00ebebeb, 0xffebebeb, 0x00ebebeb, 0x00ebebeb, 0x00ebebeb, 0xffebebeb, 0x00ebebeb, 0x00ebebeb,
  0x00ebebeb, 0x00ebebeb, 0xffebebeb, 0xffebebeb, 0xffebebeb, 0xffebebeb, 0xffebebeb, 0xffebebeb, 0xffebebeb, 0x00ebebeb, 0x00ebebeb, 0x00ebebeb,
  0x00ebebeb, 0x00ebebeb, 0x00ebebeb, 0x00ebebeb, 0x00ebebeb, 0xffebebeb, 0x00ebebeb, 0x00ebebeb, 0x00ebebeb, 0x00ebebeb, 0x00ebebeb, 0x00ebebeb,
  0x00ebebeb, 0xffebebeb, 0x00ebebeb, 0x00ebebeb, 0x00ebebeb, 0xffebebeb, 0x00ebebeb, 0x00ebebeb, 0x00ebebeb, 0x00ebebeb, 0x00ebebeb, 0x00ebebeb,
  0xffebebeb, 0xffebebeb, 0xffebebeb, 0xffebebeb, 0xffebebeb, 0x00ebebeb, 0x00ebebeb, 0x00ebebeb, 0xffebebeb, 0x00ebebeb, 0xffebebeb, 0x00ebebeb,
  0x00ebebeb, 0x00ebebeb, 0xffebebeb, 0x00ebebeb, 0x00ebebeb, 0x00ebebeb, 0x00ebebeb, 0x00ebebeb, 0x00ebebeb, 0xffebebeb, 0x00ebebeb, 0x00ebebeb,
  0xffebebeb, 0x00ebebeb, 0x00ebebeb, 0x00ebebeb, 0x00ebebeb, 0x00ebebeb, 0xffebebeb, 0x00ebebeb, 0x00ebebeb, 0x00ebebeb, 0x00ebebeb, 0x00ebebeb,
  0x00ebebeb, 0xffebebeb, 0xffebebeb, 0xffebebeb, 0xffebebeb, 0xffebebeb, 0xffebebeb, 0xffebebeb, 0xffebebeb, 0xffebebeb, 0x00ebebeb, 0x00ebebeb,
  0x00ebebeb, 0x00ebebeb, 0x00ebebeb, 0x00ebebeb, 0x00ebebeb, 0x00ebebeb, 0xffebebeb, 0x00ebebeb, 0x00ebebeb, 0x00ebebeb, 0x00ebebeb, 0x00ebebeb,
  0x00ebebeb, 0x00ebebeb, 0xffebebeb, 0x00ebebeb, 0x00ebebeb, 0x00ebebeb, 0x00ebebeb, 0xffebebeb, 0x00ebebeb, 0x00ebebeb, 0x00ebebeb, 0x00ebebeb,
  0x00ebebeb, 0xffebebeb, 0x00ebebeb, 0xffebebeb, 0xffebebeb, 0xffebebeb, 0xffebebeb, 0xffebebeb, 0xffebebeb, 0xffebebeb, 0xffebebeb, 0x00ebebeb,
  0xffebebeb, 0xffebebeb, 0xffebebeb, 0x00ebebeb, 0xffebebeb, 0xffebebeb, 0xffebebeb, 0xffebebeb, 0xffebebeb, 0xffebebeb, 0xffebebeb, 0x00ebebeb,
  0x00ebebeb, 0x00ebebeb, 0x00ebebeb, 0x00ebebeb, 0x00ebebeb, 0xffebebeb, 0x00ebebeb, 0x00ebebeb, 0x00ebebeb, 0x00ebebeb, 0x00ebebeb, 0x00ebebeb,
  0xffebebeb, 0xffebebeb, 0xffebebeb, 0xffebebeb, 0xffebebeb, 0x00ebebeb, 0xffebebeb, 0xffebebeb, 0xffebebeb, 0xffebebeb, 0xffebebeb, 0x00ebebeb,
  0x00ebebeb, 0xffebebeb, 0x00ebebeb, 0xffebebeb, 0xffebebeb, 0xffebebeb, 0xffebebeb, 0xffebebeb, 0xffebebeb, 0xffebebeb, 0xffebebeb, 0x00ebebeb,
  0x00ebebeb, 0x00ebebeb, 0xffebebeb, 0x00ebebeb, 0x00ebebeb, 0x00ebebeb, 0x00ebebeb, 0x00ebebeb, 0x00ebebeb, 0x00ebebeb, 0xffebebeb, 0x00ebebeb,
  0x00ebebeb, 0x00ebebeb, 0xffebebeb, 0x00ebebeb, 0x00ebebeb, 0xffebebeb, 0x00ebebeb, 0x00ebebeb, 0xffebebeb, 0x00ebebeb, 0x00ebebeb, 0x00ebebeb,
  0x00ebebeb, 0x00ebebeb, 0xffebebeb, 0x00ebebeb, 0x00ebebeb, 0x00ebebeb, 0x00ebebeb, 0x00ebebeb, 0xffebebeb, 0x00ebebeb, 0x00ebebeb, 0x00ebebeb,
  0xffebebeb, 0xffebebeb, 0xffebebeb, 0xffebebeb, 0xffebebeb, 0xffebebeb, 0xffebebeb, 0xffebebeb, 0xffebebeb, 0xffebebeb, 0xffebebeb, 0x00ebebeb,
  0x00ebebeb, 0x00ebebeb, 0xffebebeb, 0x00ebebeb, 0x00ebebeb, 0xffebebeb, 0xffebebeb, 0xffebebeb, 0xffebebeb, 0xffebebeb, 0xffebebeb, 0x00ebebeb,
  0xffebebeb, 0x00ebebeb, 0x00ebebeb, 0x00ebebeb, 0xffebebeb, 0x00ebebeb, 0x00ebebeb, 0x00ebebeb, 0xffebebeb, 0x00ebebeb, 0xffebebeb, 0x00ebebeb,
  0x00ebebeb, 0x00ebebeb, 0xffebebeb, 0x00ebebeb, 0x00ebebeb, 0x00ebebeb, 0x00ebebeb, 0x00ebebeb, 0x00ebebeb, 0xffebebeb, 0x00ebebeb, 0x00ebebeb,
  0x00ebebeb, 0xffebebeb, 0x00ebebeb, 0x00ebebeb, 0x00ebebeb, 0x00ebebeb, 0xffebebeb, 0x00ebebeb, 0x00ebebeb, 0x00ebebeb, 0x00ebebeb, 0x00ebebeb,
  0x00ebebeb, 0x00ebebeb, 0x00ebebeb, 0x00ebebeb, 0xffebebeb, 0x00ebebeb, 0xffebebeb, 0x00ebebeb, 0x00ebebeb, 0x00ebebeb, 0x00ebebeb, 0x00ebebeb,
  0x00ebebeb, 0xffebebeb, 0xffebebeb, 0xffebebeb, 0xffebebeb, 0xffebebeb, 0xffebebeb, 0xffebebeb, 0xffebebeb, 0xffebebeb, 0xffebebeb, 0x00ebebeb,
  0x00ebebeb, 0x00ebebeb, 0x00ebebeb, 0x00ebebeb, 0xffebebeb, 0x00ebebeb, 0x00ebebeb, 0xffebebeb, 0x00ebebeb, 0xffebebeb, 0x00ebebeb, 0x00ebebeb,
  0x00ebebeb, 0x00ebebeb, 0x00ebebeb, 0x00ebebeb, 0x00ebebeb, 0xffebebeb, 0x00ebebeb, 0x00ebebeb, 0xffebebeb, 0x00ebebeb, 0x00ebebeb, 0x00ebebeb,
  0xffebebeb, 0x00ebebeb, 0xffebebeb, 0x00ebebeb, 0x00ebebeb, 0xffebebeb, 0x00ebebeb, 0x00ebebeb, 0x00ebebeb, 0xffebebeb, 0x00ebebeb, 0x00ebebeb,
  0xffebebeb, 0xffebebeb, 0xffebebeb, 0xffebebeb, 0xffebebeb, 0xffebebeb, 0xffebebeb, 0xffebebeb, 0xffebebeb, 0xffebebeb, 0x00ebebeb, 0x00ebebeb,
  0x00ebebeb, 0x00ebebeb, 0xffebebeb, 0x00ebebeb, 0x00ebebeb, 0x00ebebeb, 0x00ebebeb, 0x00ebebeb, 0xffebebeb, 0x00ebebeb, 0x00ebebeb, 0x00ebebeb,
  0x00ebebeb, 0xffebebeb, 0x00ebebeb, 0x00ebebeb, 0x00ebebeb, 0xffebebeb, 0x00ebebeb, 0x00ebebeb, 0x00ebebeb, 0xffebebeb, 0x00ebebeb, 0x00ebebeb,
  0xffebebeb, 0xffebebeb, 0xffebebeb, 0xffebebeb, 0x00ebebeb, 0xffebebeb, 0xffebebeb, 0xffebebeb, 0xffebebeb, 0x00ebebeb, 0xffebebeb, 0x00ebebeb,
  0xffebebeb, 0xffebebeb, 0xffebebeb, 0xffebebeb, 0xffebebeb, 0xffebebeb, 0xffebebeb, 0xffebebeb, 0xffebebeb, 0xffebebeb, 0xffebebeb, 0x00ebebeb,
  0x00ebebeb, 0x00ebebeb, 0xffebebeb, 0xffebebeb, 0xffebebeb, 0xffebebeb, 0x00ebebeb, 0x00ebebeb, 0xffebebeb, 0x00ebebeb, 0x00ebebeb, 0x00ebebeb,
  0x00ebebeb, 0x00ebebeb, 0x00ebebeb, 0xffebebeb, 0x00ebebeb, 0xffebebeb, 0x00ebebeb, 0xffebebeb, 0x00ebebeb, 0x00ebebeb, 0x00ebebeb, 0x00ebebeb,
  0x00ebebeb, 0x00ebebeb, 0x00ebebeb, 0x00ebebeb, 0xffebebeb, 0x00ebebeb, 0x00ebebeb, 0xffebebeb, 0x00ebebeb, 0x00ebebeb, 0xffebebeb, 0x00ebebeb,
  0xffebebeb, 0x00ebebeb, 0xffebebeb, 0x00ebebeb, 0xffebebeb, 0xffebebeb, 0xffebebeb, 0xffebebeb, 0xffebebeb, 0xffebebeb, 0xffebebeb, 0x00ebebeb,
  0xffebebeb, 0xffebebeb, 0xffebebeb, 0xffebebeb, 0xffebebeb, 0x00ebebeb, 0xffebebeb, 0xffebebeb, 0xffebebeb, 0xffebebeb, 0xffebebeb, 0x00ebebeb,
  0x00ebebeb, 0xffebebeb, 0x00ebebeb, 0x00ebebeb, 0x00ebebeb, 0x00ebebeb, 0xffebebeb, 0x00ebebeb, 0x00ebebeb, 0x00ebebeb, 0xffebebeb, 0x00ebebeb,
  0x00ebebeb, 0xffebebeb, 0x00ebebeb, 0x00ebebeb, 0xffebebeb, 0x00ebebeb, 0xffebebeb, 0x00ebebeb, 0x00ebebeb, 0xffebebeb, 0x00ebebeb, 0x00ebebeb,
  0x00ebebeb, 0xffebebeb, 0x00ebebeb, 0x00ebebeb, 0xffebebeb, 0x00ebebeb, 0x00ebebeb, 0x00ebebeb, 0xffebebeb, 0x00ebebeb, 0x00ebebeb, 0x00ebebeb,
  0xffebebeb, 0x00ebebeb, 0x00ebebeb, 0x00ebebeb, 0xffebebeb, 0x00ebebeb, 0x00ebebeb, 0xffebebeb, 0x00ebebeb, 0x00ebebeb, 0xffebebeb, 0x00ebebeb,
  0xffebebeb, 0x00ebebeb, 0x00ebebeb, 0x00ebebeb, 0xffebebeb, 0xffebebeb, 0xffebebeb, 0xffebebeb, 0xffebebeb, 0xffebebeb, 0x00ebebeb, 0x00ebebeb,
  0xffebebeb, 0x00ebebeb, 0xffebebeb, 0x00ebebeb, 0x00ebebeb, 0x00ebebeb, 0xffebebeb, 0x00ebebeb, 0xffebebeb, 0x00ebebeb, 0x00ebebeb, 0x00ebebeb,
  0x00ebebeb, 0x00ebebeb, 0x00ebebeb, 0x00ebebeb, 0x00ebebeb, 0x00ebebeb, 0x00ebebeb, 0x00ebebeb, 0xffebebeb, 0x00ebebeb, 0x00ebebeb, 0x00ebebeb,
  0x00ebebeb, 0x00ebebeb, 0xffebebeb, 0x00ebebeb, 0x00ebebeb, 0x00ebebeb, 0x00ebebeb, 0x00ebebeb, 0xffebebeb, 0x00ebebeb, 0x00ebebeb, 0x00ebebeb,
  0xffebebeb, 0xffebebeb, 0xffebebeb, 0x00ebebeb, 0x00ebebeb, 0x00ebebeb, 0xffebebeb, 0xffebebeb, 0xffebebeb, 0x00ebebeb, 0x00ebebeb, 0x00ebebeb,
  0x00ebebeb, 0x00ebebeb, 0x00ebebeb, 0xffebebeb, 0x00ebebeb, 0x00ebebeb, 0x00ebebeb, 0x00ebebeb, 0x00ebebeb, 0x00ebebeb, 0xffebebeb, 0x00ebebeb,
  0xffebebeb, 0x00ebebeb, 0x00ebebeb, 0x00ebebeb, 0x00ebebeb, 0x00ebebeb, 0x00ebebeb, 0x00ebebeb, 0x00ebebeb, 0x00ebebeb, 0xffebebeb, 0x00ebebeb,
  0x00ebebeb, 0x00ebebeb, 0xffebebeb, 0x00ebebeb, 0x00ebebeb, 0xffebebeb, 0x00ebebeb, 0x00ebebeb, 0xffebebeb, 0x00ebebeb, 0x00ebebeb, 0x00ebebeb,
  0x00ebebeb, 0x00ebebeb, 0xffebebeb, 0x00ebebeb, 0x00ebebeb, 0xffebebeb, 0x00ebebeb, 0x00ebebeb, 0xffebebeb, 0x00ebebeb, 0x00ebebeb, 0x00ebebeb,
  0x00ebebeb, 0x00ebebeb, 0xffebebeb, 0x00ebebeb, 0x00ebebeb, 0x00ebebeb, 0x00ebebeb, 0xffebebeb, 0x00ebebeb, 0x00ebebeb, 0x00ebebeb, 0x00ebebeb,
  0xffebebeb, 0x00ebebeb, 0xffebebeb, 0x00ebebeb, 0xffebebeb, 0x00ebebeb, 0x00ebebeb, 0x00ebebeb, 0xffebebeb, 0x00ebebeb, 0x00ebebeb, 0x00ebebeb,
  0x00ebebeb, 0x00ebebeb, 0xffebebeb, 0x00ebebeb, 0x00ebebeb, 0x00ebebeb, 0x00ebebeb, 0x00ebebeb, 0x00ebebeb, 0xffebebeb, 0x00ebebeb, 0x00ebebeb,
  0x00ebebeb, 0x00ebebeb, 0xffebebeb, 0xffebebeb, 0xffebebeb, 0x00ebebeb, 0xffebebeb, 0xffebebeb, 0x00ebebeb, 0xffebebeb, 0x00ebebeb, 0x00ebebeb,
  0x00ebebeb, 0x00ebebeb, 0xffebebeb, 0x00ebebeb, 0xffebebeb, 0x00ebebeb, 0xffebebeb, 0x00ebebeb, 0xffebebeb, 0x00ebebeb, 0x00ebebeb, 0x00ebebeb,
  0x00ebebeb, 0xffebebeb, 0xffebebeb, 0xffebebeb, 0xffebebeb, 0xffebebeb, 0xffebebeb, 0xffebebeb, 0xffebebeb, 0xffebebeb, 0xffebebeb, 0x00ebebeb,
  0x00ebebeb, 0xffebebeb, 0x00ebebeb, 0x00ebebeb, 0xffebebeb, 0x00ebebeb, 0x00ebebeb, 0xffebebeb, 0x00ebebeb, 0x00ebebeb, 0xffebebeb, 0x00ebebeb,
  0x00ebebeb, 0xffebebeb, 0x00ebebeb, 0x00ebebeb, 0xffebebeb, 0x00ebebeb, 0x00ebebeb, 0x00ebebeb, 0x00ebebeb, 0xffebebeb, 0x00ebebeb, 0x00ebebeb,
  0xffebebeb, 0x00ebebeb, 0xffebebeb, 0x00ebebeb, 0xffebebeb, 0xffebebeb, 0xffebebeb, 0xffebebeb, 0xffebebeb, 0xffebebeb, 0xffebebeb, 0x00ebebeb,
  0x00ebebeb, 0x00ebebeb, 0x00ebebeb, 0x00ebebeb, 0x00ebebeb, 0x00ebebeb, 0x00ebebeb, 0xffebebeb, 0x00ebebeb, 0x00ebebeb, 0x00ebebeb, 0x00ebebeb,
  0xffebebeb, 0xffebebeb, 0xffebebeb, 0xffebebeb, 0xffebebeb, 0x00ebebeb, 0xffebebeb, 0xffebebeb, 0xffebebeb, 0xffebebeb, 0xffebebeb, 0x00ebebeb,
  0x00ebebeb, 0xffebebeb, 0x00ebebeb, 0x00ebebeb, 0x00ebebeb, 0xffebebeb, 0x00ebebeb, 0x00ebebeb, 0x00ebebeb, 0xffebebeb, 0x00ebebeb, 0x00ebebeb,
  0x00ebebeb, 0x00ebebeb, 0xffebebeb, 0x00ebebeb, 0x00ebebeb, 0xffebebeb, 0xffebebeb, 0xffebebeb, 0xffebebeb, 0x00ebebeb, 0xffebebeb, 0x00ebebeb,
  0xffebebeb, 0x00ebebeb, 0xffebebeb, 0xffebebeb, 0xffebebeb, 0xffebebeb, 0xffebebeb, 0xffebebeb, 0xffebebeb, 0x00ebebeb, 0xffebebeb, 0x00ebebeb,
  0xffebebeb, 0xffebebeb, 0xffebebeb, 0xffebebeb, 0xffebebeb, 0xffebebeb, 0xffebebeb, 0xffebebeb, 0xffebebeb, 0xffebebeb, 0xffebebeb, 0x00ebebeb,
  0xffebebeb, 0xffebebeb, 0x00ebebeb, 0x00ebebeb, 0x00ebebeb, 0xffebebeb, 0x00ebebeb, 0x00ebebeb, 0x00ebebeb, 0xffebebeb, 0xffebebeb, 0x00ebebeb,
  0x00ebebeb, 0xffebebeb, 0x00ebebeb, 0x00ebebeb, 0x00ebebeb, 0x00ebebeb, 0xffebebeb, 0x00ebebeb, 0xffebebeb, 0x00ebebeb, 0x00ebebeb, 0x00ebebeb,
  0xffebebeb, 0x00ebebeb, 0xffebebeb, 0x00ebebeb, 0xffebebeb, 0x00ebebeb, 0xffebebeb, 0x00ebebeb, 0xffebebeb, 0x00ebebeb, 0xffebebeb, 0x00ebebeb,
  0x00ebebeb, 0x00ebebeb, 0xffebebeb, 0x00ebebeb, 0x00ebebeb, 0x00ebebeb, 0x00ebebeb, 0x00ebebeb, 0x00ebebeb, 0xffebebeb, 0x00ebebeb, 0x00ebebeb,
  0x00ebebeb, 0x00ebebeb, 0x00ebebeb, 0x00ebebeb, 0xffebebeb, 0x00ebebeb, 0xffebebeb, 0xffebebeb, 0x00ebebeb, 0xffebebeb, 0x00ebebeb, 0x00ebebeb,
  0x00ebebeb, 0x00ebebeb, 0x00ebebeb, 0x00ebebeb, 0xffebebeb, 0x00ebebeb, 0xffebebeb, 0x00ebebeb, 0x00ebebeb, 0x00ebebeb, 0x00ebebeb, 0x00ebebeb,
  0x00ebebeb, 0xffebebeb, 0x00ebebeb, 0xffebebeb, 0xffebebeb, 0xffebebeb, 0x00ebebeb, 0xffebebeb, 0xffebebeb, 0xffebebeb, 0x00ebebeb, 0x00ebebeb,
  0x00ebebeb, 0x00ebebeb, 0x00ebebeb, 0xffebebeb, 0x00ebebeb, 0x00ebebeb, 0x00ebebeb, 0xffebebeb, 0x00ebebeb, 0x00ebebeb, 0x00ebebeb, 0x00ebebeb,
  0x00ebebeb, 0x00ebebeb, 0x00ebebeb, 0x00ebebeb, 0xffebebeb, 0xffebebeb, 0xffebebeb, 0xffebebeb, 0xffebebeb, 0xffebebeb, 0x00ebebeb, 0x00ebebeb,
  0xffebebeb, 0xffebebeb, 0xffebebeb, 0x00ebebeb, 0x00ebebeb, 0x00ebebeb, 0x00ebebeb, 0x00ebebeb, 0x00ebebeb, 0x00ebebeb, 0x00ebebeb, 0x00ebebeb,
  0x00ebebeb, 0x00ebebeb, 0x00ebebeb, 0x00ebebeb, 0x00ebebeb, 0x00ebebeb, 0xffebebeb, 0x00ebebeb, 0x00ebebeb, 0x00ebebeb, 0x00ebebeb, 0x00ebebeb,
  0x00ebebeb, 0xffebebeb, 0x00ebebeb, 0xffebebeb, 0x00ebebeb, 0x00ebebeb, 0x00ebebeb, 0xffebebeb, 0x00ebebeb, 0xffebebeb, 0x00ebebeb, 0x00ebebeb,
  0x00ebebeb, 0xffebebeb, 0x00ebebeb, 0xffebebeb, 0xffebebeb, 0x00ebebeb, 0xffebebeb, 0xffebebeb, 0xffebebeb, 0x00ebebeb, 0xffebebeb, 0x00ebebeb,
  0x00ebebeb, 0x00ebebeb, 0xffebebeb, 0xffebebeb, 0x00ebebeb, 0xffebebeb, 0x00ebebeb, 0x00ebebeb, 0xffebebeb, 0x00ebebeb, 0xffebebeb, 0x00ebebeb,
  0x00ebebeb, 0x00ebebeb, 0xffebebeb, 0x00ebebeb, 0x00ebebeb, 0x00ebebeb, 0x00ebebeb, 0x00ebebeb, 0xffebebeb, 0x00ebebeb, 0x00ebebeb, 0x00ebebeb,
  0xffebebeb, 0x00ebebeb, 0xffebebeb, 0x00ebebeb, 0x00ebebeb, 0x00ebebeb, 0x00ebebeb, 0x00ebebeb, 0xffebebeb, 0x00ebebeb, 0xffebebeb, 0x00ebebeb,
  0x00ebebeb, 0x00ebebeb, 0xffebebeb, 0x00ebebeb, 0x00ebebeb, 0x00ebebeb, 0x00ebebeb, 0x00ebebeb, 0xffebebeb, 0x00ebebeb, 0x00ebebeb, 0x00ebebeb,
  0xffebebeb, 0x00ebebeb, 0x00ebebeb, 0x00ebebeb, 0xffebebeb, 0xffebebeb, 0x00ebebeb, 0x00ebebeb, 0x00ebebeb, 0xffebebeb, 0xffebebeb, 0x00ebebeb,
  0xffebebeb, 0x00ebebeb, 0xffebebeb, 0x00ebebeb, 0xffebebeb, 0x00ebebeb, 0xffebebeb, 0x00ebebeb, 0xffebebeb, 0x00ebebeb, 0xffebebeb, 0x00ebebeb,
  0x00ebebeb, 0xffebebeb, 0xffebebeb, 0xffebebeb, 0x00ebebeb, 0x00ebebeb, 0xffebebeb, 0x00ebebeb, 0x00ebebeb, 0xffebebeb, 0x00ebebeb, 0x00ebebeb,
  0x00ebebeb, 0x00ebebeb, 0x00ebebeb, 0x00ebebeb, 0xffebebeb, 0x00ebebeb, 0xffebebeb, 0x00ebebeb, 0xffebebeb, 0x00ebebeb, 0x00ebebeb, 0x00ebebeb,
  0xffebebeb, 0xffebebeb, 0xffebebeb, 0xffebebeb, 0xffebebeb, 0xffebebeb, 0xffebebeb, 0xffebebeb, 0xffebebeb, 0xffebebeb, 0xffebebeb, 0x00ebebeb,
  0x00ebebeb, 0xffebebeb, 0xffebebeb, 0x00ebebeb, 0xffebebeb, 0x00ebebeb, 0xffebebeb, 0x00ebebeb, 0xffebebeb, 0x00ebebeb, 0xffebebeb, 0x00ebebeb,
  0x00ebebeb, 0x00ebebeb, 0x00ebebeb, 0x00ebebeb, 0x00ebebeb, 0x00ebebeb, 0x00ebebeb, 0xffebebeb, 0x00ebebeb, 0x00ebebeb, 0xffebebeb, 0x00ebebeb,
  0x00ebebeb, 0x00ebebeb, 0x00ebebeb, 0x00ebebeb, 0xffebebeb, 0x00ebebeb, 0x00ebebeb, 0x00ebebeb, 0x00ebebeb, 0xffebebeb, 0x00ebebeb, 0x00ebebeb,
  0xffebebeb, 0x00ebebeb, 0xffebebeb, 0x00ebebeb, 0x00ebebeb, 0xffebebeb, 0xffebebeb, 0xffebebeb, 0xffebebeb, 0xffebebeb, 0x00ebebeb, 0x00ebebeb,
  0x00ebebeb, 0x00ebebeb, 0x00ebebeb, 0x00ebebeb, 0x00ebebeb, 0xffebebeb, 0x00ebebeb, 0x00ebebeb, 0x00ebebeb, 0x00ebebeb, 0x00ebebeb, 0x00ebebeb,
  0x00ebebeb, 0xffebebeb, 0x00ebebeb, 0xffebebeb, 0x00ebebeb, 0x00ebebeb, 0x00ebebeb, 0xffebebeb, 0x00ebebeb, 0xffebebeb, 0x00ebebeb, 0x00ebebeb,
  0x00ebebeb, 0xffebebeb, 0x00ebebeb, 0x00ebebeb, 0x00ebebeb, 0x00ebebeb, 0x00ebebeb, 0x00ebebeb, 0x00ebebeb, 0x00ebebeb, 0x00ebebeb, 0x00ebebeb,
  0x00ebebeb, 0xffebebeb, 0xffebebeb, 0x00ebebeb, 0xffebebeb, 0xffebebeb, 0x00ebebeb, 0x00ebebeb, 0xffebebeb, 0x00ebebeb, 0xffebebeb, 0x00ebebeb,
  0x00ebebeb, 0x00ebebeb, 0xffebebeb, 0xffebebeb, 0xffebebeb, 0xffebebeb, 0xffebebeb, 0xffebebeb, 0xffebebeb, 0x00ebebeb, 0x00ebebeb, 0x00ebebeb,
  0x00ebebeb, 0x00ebebeb, 0xffebebeb, 0xffebebeb, 0xffebebeb, 0xffebebeb, 0xffebebeb, 0xffebebeb, 0xffebebeb, 0x00ebebeb, 0x00ebebeb, 0x00ebebeb,
  0xffebebeb, 0xffebebeb, 0xffebebeb, 0xffebebeb, 0xffebebeb, 0x00ebebeb, 0xffebebeb, 0xffebebeb, 0xffebebeb, 0xffebebeb, 0xffebebeb, 0x00ebebeb,
  0x00ebebeb, 0x00ebebeb, 0x00ebebeb, 0x00ebebeb, 0x00ebebeb, 0x00ebebeb, 0x00ebebeb, 0x00ebebeb, 0x00ebebeb, 0x00ebebeb, 0x00ebebeb, 0x00ebebeb,
  0xffebebeb, 0x00ebebeb, 0xffebebeb, 0x00ebebeb, 0xffebebeb, 0xffebebeb, 0xffebebeb, 0xffebebeb, 0xffebebeb, 0x00ebebeb, 0xffebebeb, 0x00ebebeb,
  0x00ebebeb, 0xffebebeb, 0xffebebeb, 0x00ebebeb, 0xffebebeb, 0x00ebebeb, 0x00ebebeb, 0xffebebeb, 0x00ebebeb, 0xffebebeb, 0x00ebebeb, 0x00ebebeb,
  0x00ebebeb, 0xffebebeb, 0x00ebebeb, 0x00ebebeb, 0xffebebeb, 0x00ebebeb, 0xffebebeb, 0x00ebebeb, 0xffebebeb, 0x00ebebeb, 0x00ebebeb, 0x00ebebeb,
  0x00ebebeb, 0x00ebebeb, 0x00ebebeb, 0x00ebebeb, 0x00ebebeb, 0x00ebebeb, 0x00ebebeb, 0x00ebebeb, 0x00ebebeb, 0x00ebebeb, 0x00ebebeb, 0x00ebebeb,
  0x00ebebeb, 0xffebebeb, 0x00ebebeb, 0xffebebeb, 0xffebebeb, 0xffebebeb, 0xffebebeb, 0xffebebeb, 0xffebebeb, 0xffebebeb, 0x00ebebeb, 0x00ebebeb,
  0x00ebebeb, 0xffebebeb, 0x00ebebeb, 0x00ebebeb, 0x00ebebeb, 0x00ebebeb, 0x00ebebeb, 0x00ebebeb, 0x00ebebeb, 0xffebebeb, 0x00ebebeb, 0x00ebebeb,
  0x00ebebeb, 0xffebebeb, 0x00ebebeb, 0xffebebeb, 0xffebebeb, 0xffebebeb, 0xffebebeb, 0xffebebeb, 0xffebebeb, 0xffebebeb, 0xffebebeb, 0x00ebebeb,
  0xffebebeb, 0x00ebebeb, 0xffebebeb, 0x00ebebeb, 0x00ebebeb, 0xffebebeb, 0x00ebebeb, 0x00ebebeb, 0x00ebebeb, 0xffebebeb, 0x00ebebeb, 0x00ebebeb,
  0x00ebebeb, 0x00ebebeb, 0x00ebebeb, 0x00ebebeb, 0xffebebeb, 0x00ebebeb, 0x00ebebeb, 0x00ebebeb, 0x00ebebeb, 0x00ebebeb, 0x00ebebeb, 0x00ebebeb,
  0xffebebeb, 0xffebebeb, 0x00ebebeb, 0xffebebeb, 0xffebebeb, 0x00ebebeb, 0xffebebeb, 0xffebebeb, 0x00ebebeb, 0xffebebeb, 0xffebebeb, 0x00ebebeb,
  0x00ebebeb, 0xffebebeb, 0xffebebeb, 0x00ebebeb, 0xffebebeb, 0xffebebeb, 0xffebebeb, 0xffebebeb, 0xffebebeb, 0xffebebeb, 0xffebebeb, 0x00ebebeb,
  0xffebebeb, 0x00ebebeb, 0xffebebeb, 0x00ebebeb, 0x00ebebeb, 0xffebebeb, 0x00ebebeb, 0x00ebebeb, 0xffebebeb, 0x00ebebeb, 0xffebebeb, 0x00ebebeb,
  0x00ebebeb, 0x00ebebeb, 0x00ebebeb, 0x00ebebeb, 0x00ebebeb, 0xffebebeb, 0x00ebebeb, 0x00ebebeb, 0x00ebebeb, 0x00ebebeb, 0x00ebebeb, 0x00ebebeb,
  0x00ebebeb, 0x00ebebeb, 0xffebebeb, 0x00ebebeb, 0x00ebebeb, 0x00ebebeb, 0x00ebebeb, 0x00ebebeb, 0xffebebeb, 0x00ebebeb, 0x00ebebeb, 0x00ebebeb,
  0x00ebebeb, 0x00ebebeb, 0xffebebeb, 0x00ebebeb, 0x00ebebeb, 0x00ebebeb, 0x00ebebeb, 0x00ebebeb, 0xffebebeb, 0x00ebebeb, 0x00ebebeb, 0x00ebebeb,
  0x00ebebeb, 0xffebebeb, 0xffebebeb, 0xffebebeb, 0xffebebeb, 0xffebebeb, 0xffebebeb, 0xffebebeb, 0xffebebeb, 0xffebebeb, 0x00ebebeb, 0x00ebebeb,
  0xffebebeb, 0x00ebebeb, 0xffebebeb, 0x00ebebeb, 0xffebebeb, 0x00ebebeb, 0xffebebeb, 0x00ebebeb, 0x00ebebeb, 0xffebebeb, 0x00ebebeb, 0x00ebebeb,
  0xffebebeb, 0x00ebebeb, 0xffebebeb, 0x00ebebeb, 0x00ebebeb, 0x00ebebeb, 0x00ebebeb, 0xffebebeb, 0x00ebebeb, 0xffebebeb, 0x00ebebeb, 0x00ebebeb,
  0x00ebebeb, 0xffebebeb, 0x00ebebeb, 0xffebebeb, 0x00ebebeb, 0x00ebebeb, 0xffebebeb, 0x00ebebeb, 0x00ebebeb, 0xffebebeb, 0x00ebebeb, 0x00ebebeb,
  0x00ebebeb, 0xffebebeb, 0x00ebebeb, 0xffebebeb, 0x00ebebeb, 0xffebebeb, 0x00ebebeb, 0x00ebebeb, 0x00ebebeb, 0xffebebeb, 0x00ebebeb, 0x00ebebeb,
  0x00ebebeb, 0xffebebeb, 0x00ebebeb, 0xffebebeb, 0x00ebebeb, 0x00ebebeb, 0xffebebeb, 0x00ebebeb, 0x00ebebeb, 0xffebebeb, 0x00ebebeb, 0x00ebebeb,
  0x00ebebeb, 0xffebebeb, 0x00ebebeb, 0x00ebebeb, 0x00ebebeb, 0x00ebebeb, 0x00ebebeb, 0x00ebebeb, 0xffebebeb, 0x00ebebeb, 0x00ebebeb, 0x00ebebeb,
  0x00ebebeb, 0xffebebeb, 0x00ebebeb, 0x00ebebeb, 0x00ebebeb, 0x00ebebeb, 0xffebebeb, 0xffebebeb, 0x00ebebeb, 0x00ebebeb, 0x00ebebeb, 0x00ebebeb,
  0xffebebeb, 0x00ebebeb, 0xffebebeb, 0x00ebebeb, 0x00ebebeb, 0xffebebeb, 0xffebebeb, 0xffebebeb, 0xffebebeb, 0xffebebeb, 0x00ebebeb, 0x00ebebeb,
  0x00ebebeb, 0x00ebebeb, 0xffebebeb, 0xffebebeb, 0x00ebebeb, 0x00ebebeb, 0x00ebebeb, 0x00ebebeb, 0x00ebebeb, 0x00ebebeb, 0x00ebebeb, 0x00ebebeb,
  0x00ebebeb, 0xffebebeb, 0x00ebebeb, 0xffebebeb, 0x00ebebeb, 0xffebebeb, 0x00ebebeb, 0xffebebeb, 0x00ebebeb, 0xffebebeb, 0x00ebebeb, 0x00ebebeb,
  0xffebebeb, 0xffebebeb, 0x00ebebeb, 0x00ebebeb, 0xffebebeb, 0x00ebebeb, 0x00ebebeb, 0x00ebebeb, 0x00ebebeb, 0x00ebebeb, 0xffebebeb, 0x00ebebeb,
  0x00ebebeb, 0x00ebebeb, 0xffebebeb, 0x00ebebeb, 0x00ebebeb, 0xffebebeb, 0xffebebeb, 0xffebebeb, 0xffebebeb, 0x00ebebeb, 0xffebebeb, 0x00ebebeb,
  0x00ebebeb, 0xffebebeb, 0xffebebeb, 0xffebebeb, 0xffebebeb, 0xffebebeb, 0xffebebeb, 0xffebebeb, 0xffebebeb, 0xffebebeb, 0x00ebebeb, 0x00ebebeb,
  0x00ebebeb, 0x00ebebeb, 0xffebebeb, 0xffebebeb, 0xffebebeb, 0xffebebeb, 0xffebebeb, 0xffebebeb, 0xffebebeb, 0x00ebebeb, 0x00ebebeb, 0x00ebebeb,
  0x00ebebeb, 0xffebebeb, 0xffebebeb, 0xffebebeb, 0x00ebebeb, 0x00ebebeb, 0x00ebebeb, 0xffebebeb, 0xffebebeb, 0xffebebeb, 0x00ebebeb, 0x00ebebeb,
  0x00ebebeb, 0xffebebeb, 0x00ebebeb, 0x00ebebeb, 0xffebebeb, 0x00ebebeb, 0xffebebeb, 0x00ebebeb, 0x00ebebeb, 0xffebebeb, 0x00ebebeb, 0x00ebebeb,
  0x00ebebeb, 0x00ebebeb, 0xffebebeb, 0x00ebebeb, 0x00ebebeb, 0x00ebebeb, 0xffebebeb, 0x00ebebeb, 0x00ebebeb, 0xffebebeb, 0x00ebebeb, 0x00ebebeb,
  0x00ebebeb, 0x00ebebeb, 0xffebebeb, 0x00ebebeb, 0x00ebebeb, 0x00ebebeb, 0x00ebebeb, 0x00ebebeb, 0x00ebebeb, 0xffebebeb, 0x00ebebeb, 0x00ebebeb,
  0x00ebebeb, 0xffebebeb, 0x00ebebeb, 0xffebebeb, 0x00ebebeb, 0x00ebebeb, 0xffebebeb, 0x00ebebeb, 0x00ebebeb, 0xffebebeb, 0x00ebebeb, 0x00ebebeb,
  0x00ebebeb, 0xffebebeb, 0x00ebebeb, 0xffebebeb, 0x00ebebeb, 0x00ebebeb, 0xffebebeb, 0x00ebebeb, 0x00ebebeb, 0x00ebebeb, 0xffebebeb, 0x00ebebeb,
  0x00ebebeb, 0xffebebeb, 0x00ebebeb, 0xffebebeb, 0xffebebeb, 0xffebebeb, 0xffebebeb, 0xffebebeb, 0xffebebeb, 0xffebebeb, 0x00ebebeb, 0x00ebebeb,
  0xffebebeb, 0x00ebebeb, 0x00ebebeb, 0x00ebebeb, 0x00ebebeb, 0x00ebebeb, 0xffebebeb, 0xffebebeb, 0x00ebebeb, 0x00ebebeb, 0x00ebebeb, 0x00ebebeb,
  0xffebebeb, 0x00ebebeb, 0x00ebebeb, 0x00ebebeb, 0x00ebebeb, 0xffebebeb, 0x00ebebeb, 0x00ebebeb, 0xffebebeb, 0x00ebebeb, 0x00ebebeb, 0x00ebebeb,
  0xffebebeb, 0xffebebeb, 0xffebebeb, 0x00ebebeb, 0x00ebebeb, 0xffebebeb, 0x00ebebeb, 0x00ebebeb, 0x00ebebeb, 0xffebebeb, 0x00ebebeb, 0x00ebebeb,
  0x00ebebeb, 0xffebebeb, 0x00ebebeb, 0x00ebebeb, 0xffebebeb, 0xffebebeb, 0x00ebebeb, 0x00ebebeb, 0x00ebebeb, 0x00ebebeb, 0x00ebebeb, 0x00ebebeb,
  0x00ebebeb, 0xffebebeb, 0x00ebebeb, 0xffebebeb, 0x00ebebeb, 0x00ebebeb, 0x00ebebeb, 0xffebebeb, 0x00ebebeb, 0xffebebeb, 0x00ebebeb, 0x00ebebeb,
  0x00ebebeb, 0x00ebebeb, 0x00ebebeb, 0x00ebebeb, 0xffebebeb, 0x00ebebeb, 0x00ebebeb, 0x00ebebeb, 0x00ebebeb, 0x00ebebeb, 0xffebebeb, 0x00ebebeb,
  0x00ebebeb, 0x00ebebeb, 0xffebebeb, 0x00ebebeb, 0x00ebebeb, 0x00ebebeb, 0x00ebebeb, 0x00ebebeb, 0x00ebebeb, 0x00ebebeb, 0xffebebeb, 0x00ebebeb,
  0x00ebebeb, 0x00ebebeb, 0x00ebebeb, 0x00ebebeb, 0x00ebebeb, 0xffebebeb, 0x00ebebeb, 0x00ebebeb, 0x00ebebeb, 0x00ebebeb, 0x00ebebeb, 0x00ebebeb,
  0x00ebebeb, 0x00ebebeb, 0xffebebeb, 0x00ebebeb, 0x00ebebeb, 0x00ebebeb, 0x00ebebeb, 0x00ebebeb, 0xffebebeb, 0x00ebebeb, 0x00ebebeb, 0x00ebebeb,
  0xffebebeb, 0x00ebebeb, 0xffebebeb, 0x00ebebeb, 0xffebebeb, 0x00ebebeb, 0xffebebeb, 0x00ebebeb, 0xffebebeb, 0x00ebebeb, 0xffebebeb, 0x00ebebeb,
  0x00ebebeb, 0xffebebeb, 0x00ebebeb, 0x00ebebeb, 0xffebebeb, 0x00ebebeb, 0xffebebeb, 0x00ebebeb, 0x00ebebeb, 0xffebebeb, 0x00ebebeb, 0x00ebebeb,
  0x00ebebeb, 0xffebebeb, 0x00ebebeb, 0xffebebeb, 0x00ebebeb, 0xffebebeb, 0x00ebebeb, 0x00ebebeb, 0xffebebeb, 0x00ebebeb, 0xffebebeb, 0x00ebebeb,
  0x00ebebeb, 0x00ebebeb, 0xffebebeb, 0x00ebebeb, 0x00ebebeb, 0x00ebebeb, 0x00ebebeb, 0x00ebebeb, 0x00ebebeb, 0xffebebeb, 0x00ebebeb, 0x00ebebeb,
  0xffebebeb, 0x00ebebeb, 0xffebebeb, 0x00ebebeb, 0x00ebebeb, 0x00ebebeb, 0xffebebeb, 0x00ebebeb, 0x00ebebeb, 0x00ebebeb, 0xffebebeb, 0x00ebebeb,
  0xffebebeb, 0x00ebebeb, 0x00ebebeb, 0xffebebeb, 0x00ebebeb, 0x00ebebeb, 0x00ebebeb, 0x00ebebeb, 0xffebebeb, 0x00ebebeb, 0xffebebeb, 0x00ebebeb,
  0x00ebebeb, 0xffebebeb, 0x00ebebeb, 0x00ebebeb, 0x00ebebeb, 0xffebebeb, 0x00ebebeb, 0xffebebeb, 0x00ebebeb, 0x00ebebeb, 0xffebebeb, 0x00ebebeb,
  0xffebebeb, 0x00ebebeb, 0x00ebebeb, 0xffebebeb, 0xffebebeb, 0xffebebeb, 0x00ebebeb, 0x00ebebeb, 0x00ebebeb, 0x00ebebeb, 0x00ebebeb, 0x00ebebeb,
  0xffebebeb, 0x00ebebeb, 0x00ebebeb, 0xffebebeb, 0xffebebeb, 0x00ebebeb, 0x00ebebeb, 0x00ebebeb, 0x00ebebeb, 0xffebebeb, 0xffebebeb, 0x00ebebeb,
  0x00ebebeb, 0x00ebebeb, 0x00ebebeb, 0x00ebebeb, 0x00ebebeb, 0xffebebeb, 0xffebebeb, 0xffebebeb, 0xffebebeb, 0xffebebeb, 0x00ebebeb, 0x00ebebeb,
  0xffebebeb, 0x00ebebeb, 0x00ebebeb, 0x00ebebeb, 0x00ebebeb, 0x00ebebeb, 0xffebebeb, 0xffebebeb, 0xffebebeb, 0xffebebeb, 0xffebebeb, 0x00ebebeb,
  0xffebebeb, 0x00ebebeb, 0xffebebeb, 0xffebebeb, 0x00ebebeb, 0x00ebebeb, 0xffebebeb, 0x00ebebeb, 0xffebebeb, 0xffebebeb, 0x00ebebeb, 0x00ebebeb,
  0x00ebebeb, 0x00ebebeb, 0x00ebebeb, 0x00ebebeb, 0xffebebeb, 0xffebebeb, 0xffebebeb, 0xffebebeb, 0xffebebeb, 0xffebebeb, 0xffebebeb, 0x00ebebeb,
  0x00ebebeb, 0x00ebebeb, 0xffebebeb, 0x00ebebeb, 0x00ebebeb, 0x00ebebeb, 0x00ebebeb, 0x00ebebeb, 0xffebebeb, 0xffebebeb, 0xffebebeb, 0x00ebebeb,
  0xffebebeb, 0xffebebeb, 0xffebebeb, 0xffebebeb, 0xffebebeb, 0xffebebeb, 0xffebebeb, 0xffebebeb, 0xffebebeb, 0xffebebeb, 0xffebebeb, 0x00ebebeb,
  0x00ebebeb, 0x00ebebeb, 0xffebebeb, 0x00ebebeb, 0x00ebebeb, 0x00ebebeb, 0x00ebebeb, 0xffebebeb, 0xffebebeb, 0x00ebebeb, 0x00ebebeb, 0x00ebebeb,
  0x00ebebeb, 0x00ebebeb, 0xffebebeb, 0x00ebebeb, 0x00ebebeb, 0x00ebebeb, 0x00ebebeb, 0x00ebebeb, 0xffebebeb, 0x00ebebeb, 0x00ebebeb, 0x00ebebeb,
  0xffebebeb, 0xffebebeb, 0xffebebeb, 0xffebebeb, 0xffebebeb, 0xffebebeb, 0xffebebeb, 0xffebebeb, 0xffebebeb, 0xffebebeb, 0xffebebeb, 0x00ebebeb,
  0xffebebeb, 0x00ebebeb, 0x00ebebeb, 0x00ebebeb, 0xffebebeb, 0x00ebebeb, 0x00ebebeb, 0xffebebeb, 0x00ebebeb, 0x00ebebeb, 0xffebebeb, 0x00ebebeb,
  0x00ebebeb, 0x00ebebeb, 0xffebebeb, 0x00ebebeb, 0x00ebebeb, 0x00ebebeb, 0x00ebebeb, 0xffebebeb, 0xffebebeb, 0xffebebeb, 0x00ebebeb, 0x00ebebeb,
  0xffebebeb, 0x00ebebeb, 0x00ebebeb, 0x00ebebeb, 0x00ebebeb, 0xffebebeb, 0xffebebeb, 0x00ebebeb, 0x00ebebeb, 0x00ebebeb, 0x00ebebeb, 0x00ebebeb,
  0x00ebebeb, 0x00ebebeb, 0x00ebebeb, 0x00ebebeb, 0xffebebeb, 0xffebebeb, 0xffebebeb, 0xffebebeb, 0xffebebeb, 0x00ebebeb, 0x00ebebeb, 0x00ebebeb,
  0xffebebeb, 0x00ebebeb, 0xffebebeb, 0xffebebeb, 0xffebebeb, 0x00ebebeb, 0x00ebebeb, 0xffebebeb, 0xffebebeb, 0xffebebeb, 0xffebebeb, 0x00ebebeb,
  0x00ebebeb, 0x00ebebeb, 0x00ebebeb, 0x00ebebeb, 0x00ebebeb, 0x00ebebeb, 0x00ebebeb, 0x00ebebeb, 0x00ebebeb, 0x00ebebeb, 0x00ebebeb, 0x00ebebeb,
  0x00ebebeb, 0x00ebebeb, 0x00ebebeb, 0x00ebebeb, 0x00ebebeb, 0x00ebebeb, 0x00ebebeb, 0x00ebebeb, 0x00ebebeb, 0x00ebebeb, 0x00ebebeb, 0x00ebebeb,
  0x00ebebeb, 0x00ebebeb, 0x00ebebeb, 0x00ebebeb, 0x00ebebeb, 0x00ebebeb, 0x00ebebeb, 0x00ebebeb, 0x00ebebeb, 0x00ebebeb, 0x00ebebeb, 0x00ebebeb,
  0x00ebebeb, 0x00ebebeb, 0x00ebebeb, 0x00ebebeb, 0x00ebebeb, 0x00ebebeb, 0x00ebebeb, 0x00ebebeb, 0x00ebebeb, 0x00ebebeb, 0x00ebebeb, 0x00ebebeb,
  0x00ebebeb, 0x00ebebeb, 0x00ebebeb, 0x00ebebeb, 0x00ebebeb, 0x00ebebeb, 0x00ebebeb, 0x00ebebeb, 0x00ebebeb, 0x00ebebeb, 0x00ebebeb, 0x00ebebeb,
  0x00ebebeb, 0x00ebebeb, 0x00ebebeb, 0x00ebebeb, 0x00ebebeb, 0x00ebebeb, 0x00ebebeb, 0x00ebebeb, 0x00ebebeb, 0x00ebebeb, 0x00ebebeb, 0x00ebebeb,
  0x00ebebeb, 0x00ebebeb, 0x00ebebeb, 0x00ebebeb, 0x00ebebeb, 0x00ebebeb, 0x00ebebeb, 0x00ebebeb, 0x00ebebeb, 0x00ebebeb, 0x00ebebeb, 0x00ebebeb,
  0x00ebebeb, 0x00ebebeb, 0x00ebebeb, 0x00ebebeb, 0x00ebebeb, 0x00ebebeb, 0x00ebebeb, 0x00ebebeb, 0x00ebebeb, 0x00ebebeb, 0x00ebebeb, 0x00ebebeb,
  0x00ebebeb, 0x00ebebeb, 0x00ebebeb, 0x00ebebeb, 0x00ebebeb, 0x00ebebeb, 0x00ebebeb, 0x00ebebeb, 0x00ebebeb, 0x00ebebeb, 0x00ebebeb, 0x00ebebeb,
  0x00ebebeb, 0x00ebebeb, 0x00ebebeb, 0x00ebebeb, 0x00ebebeb, 0x00ebebeb, 0x00ebebeb, 0x00ebebeb, 0x00ebebeb, 0x00ebebeb, 0x00ebebeb, 0x00ebebeb,
  0x00ebebeb, 0x00ebebeb, 0x00ebebeb, 0x00ebebeb, 0x00ebebeb, 0x00ebebeb, 0x00ebebeb, 0x00ebebeb, 0x00ebebeb, 0x00ebebeb, 0x00ebebeb, 0x00ebebeb,
  0x00ebebeb, 0x00ebebeb, 0x00ebebeb, 0x00ebebeb, 0x00ebebeb, 0x00ebebeb, 0x00ebebeb, 0x00ebebeb, 0x00ebebeb, 0x00ebebeb, 0x00ebebeb, 0x00ebebeb,
  0x00ebebeb, 0x00ebebeb, 0x00ebebeb, 0x00ebebeb, 0x00ebebeb, 0x00ebebeb, 0x00ebebeb, 0x00ebebeb, 0x00ebebeb, 0x00ebebeb, 0x00ebebeb, 0x00ebebeb,
  0x00ebebeb, 0x00ebebeb, 0x00ebebeb, 0x00ebebeb, 0x00ebebeb, 0x00ebebeb, 0x00ebebeb, 0x00ebebeb, 0x00ebebeb, 0x00ebebeb, 0x00ebebeb, 0x00ebebeb,
  0x00ebebeb, 0x00ebebeb, 0x00ebebeb, 0x00ebebeb, 0x00ebebeb, 0x00ebebeb, 0x00ebebeb, 0x00ebebeb, 0x00ebebeb, 0x00ebebeb, 0x00ebebeb, 0x00ebebeb,
  0x00ebebeb, 0x00ebebeb, 0x00ebebeb, 0x00ebebeb, 0x00ebebeb, 0x00ebebeb, 0x00ebebeb, 0x00ebebeb, 0x00ebebeb, 0x00ebebeb, 0x00ebebeb, 0x00ebebeb,
  0x00ebebeb, 0xffebebeb, 0x00ebebeb, 0x00ebebeb, 0xffebebeb, 0xffebebeb, 0xffebebeb, 0xffebebeb, 0xffebebeb, 0xffebebeb, 0xffebebeb, 0x00ebebeb,
  0x00ebebeb, 0x00ebebeb, 0x00ebebeb, 0x00ebebeb, 0xffebebeb, 0x00ebebeb, 0x00ebebeb, 0x00ebebeb, 0x00ebebeb, 0x00ebebeb, 0x00ebebeb, 0x00ebebeb,
  0x00ebebeb, 0x00ebebeb, 0xffebebeb, 0x00ebebeb, 0x00ebebeb, 0x00ebebeb, 0x00ebebeb, 0x00ebebeb, 0x00ebebeb, 0x00ebebeb, 0x00ebebeb, 0x00ebebeb,
  0x00ebebeb, 0xffebebeb, 0x00ebebeb, 0x00ebebeb, 0x00ebebeb, 0xffebebeb, 0x00ebebeb, 0x00ebebeb, 0x00ebebeb, 0xffebebeb, 0x00ebebeb, 0x00ebebeb,
  0x00ebebeb, 0x00ebebeb, 0xffebebeb, 0x00ebebeb, 0x00ebebeb, 0x00ebebeb, 0x00ebebeb, 0xffebebeb, 0x00ebebeb, 0x00ebebeb, 0x00ebebeb, 0x00ebebeb,
  0x00ebebeb, 0x00ebebeb, 0xffebebeb, 0x00ebebeb, 0xffebebeb, 0x00ebebeb, 0x00ebebeb, 0xffebebeb, 0x00ebebeb, 0x00ebebeb, 0xffebebeb, 0x00ebebeb,
  0xffebebeb, 0x00ebebeb, 0x00ebebeb, 0x00ebebeb, 0x00ebebeb, 0xffebebeb, 0x00ebebeb, 0x00ebebeb, 0xffebebeb, 0x00ebebeb, 0x00ebebeb, 0x00ebebeb,
  0x00ebebeb, 0xffebebeb, 0x00ebebeb, 0xffebebeb, 0x00ebebeb, 0x00ebebeb, 0x00ebebeb, 0x00ebebeb, 0x00ebebeb, 0xffebebeb, 0xffebebeb, 0x00ebebeb,
  0x00ebebeb, 0x00ebebeb, 0x00ebebeb, 0x00ebebeb, 0x00ebebeb, 0xffebebeb, 0x00ebebeb, 0x00ebebeb, 0x00ebebeb, 0x00ebebeb, 0x00ebebeb, 0x00ebebeb,
  0x00ebebeb, 0x00ebebeb, 0xffebebeb, 0x00ebebeb, 0x00ebebeb, 0xffebebeb, 0xffebebeb, 0xffebebeb, 0xffebebeb, 0x00ebebeb, 0x00ebebeb, 0x00ebebeb,
  0xffebebeb, 0xffebebeb, 0xffebebeb, 0xffebebeb, 0xffebebeb, 0xffebebeb, 0xffebebeb, 0x00ebebeb, 0x00ebebeb, 0x00ebebeb, 0xffebebeb, 0x00ebebeb,
  0x00ebebeb, 0x00ebebeb, 0xffebebeb, 0x00ebebeb, 0x00ebebeb, 0x00ebebeb, 0x00ebebeb, 0x00ebebeb, 0xffebebeb, 0x00ebebeb, 0x00ebebeb, 0x00ebebeb,
  0x00ebebeb, 0x00ebebeb, 0x00ebebeb, 0x00ebebeb, 0x00ebebeb, 0xffebebeb, 0x00ebebeb, 0x00ebebeb, 0x00ebebeb, 0x00ebebeb, 0x00ebebeb, 0x00ebebeb,
  0x00ebebeb, 0x00ebebeb, 0x00ebebeb, 0x00ebebeb, 0xffebebeb, 0xffebebeb, 0xffebebeb, 0xffebebeb, 0xffebebeb, 0xffebebeb, 0x00ebebeb, 0x00ebebeb,
  0x00ebebeb, 0xffebebeb, 0x00ebebeb, 0x00ebebeb, 0x00ebebeb, 0xffebebeb, 0x00ebebeb, 0x00ebebeb, 0x00ebebeb, 0x00ebebeb, 0x00ebebeb, 0x00ebebeb,
  0x00ebebeb, 0x00ebebeb, 0xffebebeb, 0x00ebebeb, 0x00ebebeb, 0x00ebebeb, 0x00ebebeb, 0xffebebeb, 0x00ebebeb, 0x00ebebeb, 0x00ebebeb, 0x00ebebeb,
  0x00ebebeb, 0x00ebebeb, 0xffebebeb, 0x00ebebeb, 0x00ebebeb, 0x00ebebeb, 0xffebebeb, 0x00ebebeb, 0x00ebebeb, 0x00ebebeb, 0xffebebeb, 0x00ebebeb,
  0x00ebebeb, 0x00ebebeb, 0xffebebeb, 0xffebebeb, 0xffebebeb, 0xffebebeb, 0xffebebeb, 0xffebebeb, 0xffebebeb, 0x00ebebeb, 0x00ebebeb, 0x00ebebeb,
  0x00ebebeb, 0x00ebebeb, 0xffebebeb, 0xffebebeb, 0xffebebeb, 0xffebebeb, 0xffebebeb, 0xffebebeb, 0x00ebebeb, 0x00ebebeb, 0x00ebebeb, 0x00ebebeb,
  0x00ebebeb, 0xffebebeb, 0x00ebebeb, 0x00ebebeb, 0x00ebebeb, 0xffebebeb, 0x00ebebeb, 0x00ebebeb, 0x00ebebeb, 0xffebebeb, 0x00ebebeb, 0x00ebebeb,
  0x00ebebeb, 0x00ebebeb, 0xffebebeb, 0x00ebebeb, 0xffebebeb, 0xffebebeb, 0xffebebeb, 0xffebebeb, 0xffebebeb, 0xffebebeb, 0xffebebeb, 0x00ebebeb,
  0x00ebebeb, 0x00ebebeb, 0xffebebeb, 0x00ebebeb, 0x00ebebeb, 0xffebebeb, 0x00ebebeb, 0xffebebeb, 0x00ebebeb, 0xffebebeb, 0x00ebebeb, 0x00ebebeb,
  0x00ebebeb, 0xffebebeb, 0x00ebebeb, 0xffebebeb, 0xffebebeb, 0xffebebeb, 0xffebebeb, 0xffebebeb, 0xffebebeb, 0xffebebeb, 0xffebebeb, 0x00ebebeb,
  0x00ebebeb, 0xffebebeb, 0x00ebebeb, 0xffebebeb, 0x00ebebeb, 0xffebebeb, 0xffebebeb, 0xffebebeb, 0xffebebeb, 0x00ebebeb, 0x00ebebeb, 0x00ebebeb,
  0x00ebebeb, 0x00ebebeb, 0x00ebebeb, 0x00ebebeb, 0x00ebebeb, 0xffebebeb, 0x00ebebeb, 0x00ebebeb, 0x00ebebeb, 0x00ebebeb, 0x00ebebeb, 0x00ebebeb,
  0x00ebebeb, 0x00ebebeb, 0xffebebeb, 0x00ebebeb, 0x00ebebeb, 0xffebebeb, 0x00ebebeb, 0x00ebebeb, 0xffebebeb, 0x00ebebeb, 0x00ebebeb, 0x00ebebeb,
  0x00ebebeb, 0x00ebebeb, 0xffebebeb, 0x00ebebeb, 0x00ebebeb, 0xffebebeb, 0x00ebebeb, 0x00ebebeb, 0xffebebeb, 0x00ebebeb, 0xffebebeb, 0x00ebebeb,
  0x00ebebeb, 0x00ebebeb, 0xffebebeb, 0x00ebebeb, 0x00ebebeb, 0x00ebebeb, 0x00ebebeb, 0x00ebebeb, 0xffebebeb, 0xffebebeb, 0xffebebeb, 0x00ebebeb,
  0xffebebeb, 0xffebebeb, 0xffebebeb, 0xffebebeb, 0xffebebeb, 0xffebebeb, 0xffebebeb, 0xffebebeb, 0xffebebeb, 0xffebebeb, 0xffebebeb, 0x00ebebeb,
  0xffebebeb, 0xffebebeb, 0xffebebeb, 0x00ebebeb, 0xffebebeb, 0x00ebebeb, 0x00ebebeb, 0x00ebebeb, 0x00ebebeb, 0xffebebeb, 0x00ebebeb, 0x00ebebeb,
  0x00ebebeb, 0xffebebeb, 0x00ebebeb, 0x00ebebeb, 0x00ebebeb, 0xffebebeb, 0xffebebeb, 0xffebebeb, 0xffebebeb, 0xffebebeb, 0xffebebeb, 0x00ebebeb,
  0x00ebebeb, 0x00ebebeb, 0xffebebeb, 0x00ebebeb, 0xffebebeb, 0xffebebeb, 0xffebebeb, 0xffebebeb, 0xffebebeb, 0xffebebeb, 0xffebebeb, 0x00ebebeb,
  0x00ebebeb, 0x00ebebeb, 0x00ebebeb, 0x00ebebeb, 0x00ebebeb, 0x00ebebeb, 0xffebebeb, 0x00ebebeb, 0x00ebebeb, 0x00ebebeb, 0xffebebeb, 0x00ebebeb,
  0x00ebebeb, 0x00ebebeb, 0xffebebeb, 0x00ebebeb, 0x00ebebeb, 0x00ebebeb, 0x00ebebeb, 0x00ebebeb, 0xffebebeb, 0x00ebebeb, 0x00ebebeb, 0x00ebebeb,
  0x00ebebeb, 0xffebebeb, 0x00ebebeb, 0x00ebebeb, 0x00ebebeb, 0x00ebebeb, 0x00ebebeb, 0xffebebeb, 0x00ebebeb, 0x00ebebeb, 0x00ebebeb, 0x00ebebeb,
  0x00ebebeb, 0xffebebeb, 0xffebebeb, 0xffebebeb, 0xffebebeb, 0xffebebeb, 0xffebebeb, 0xffebebeb, 0xffebebeb, 0xffebebeb, 0x00ebebeb, 0x00ebebeb,
  0x00ebebeb, 0xffebebeb, 0x00ebebeb, 0x00ebebeb, 0xffebebeb, 0x00ebebeb, 0x00ebebeb, 0xffebebeb, 0x00ebebeb, 0x00ebebeb, 0xffebebeb, 0x00ebebeb,
  0xffebebeb, 0xffebebeb, 0xffebebeb, 0xffebebeb, 0xffebebeb, 0xffebebeb, 0xffebebeb, 0xffebebeb, 0xffebebeb, 0xffebebeb, 0xffebebeb, 0x00ebebeb,
  0x00ebebeb, 0x00ebebeb, 0x00ebebeb, 0x00ebebeb, 0x00ebebeb, 0x00ebebeb, 0xffebebeb, 0x00ebebeb, 0x00ebebeb, 0x00ebebeb, 0x00ebebeb, 0x00ebebeb,
  0x00ebebeb, 0xffebebeb, 0x00ebebeb, 0xffebebeb, 0x00ebebeb, 0xffebebeb, 0x00ebebeb, 0x00ebebeb, 0x00ebebeb, 0x00ebebeb, 0x00ebebeb, 0x00ebebeb,
  0xffebebeb, 0xffebebeb, 0xffebebeb, 0xffebebeb, 0xffebebeb, 0xffebebeb, 0xffebebeb, 0xffebebeb, 0xffebebeb, 0xffebebeb, 0xffebebeb, 0x00ebebeb,
  0xffebebeb, 0xffebebeb, 0xffebebeb, 0xffebebeb, 0x00ebebeb, 0xffebebeb, 0x00ebebeb, 0x00ebebeb, 0xffebebeb, 0x00ebebeb, 0x00ebebeb, 0x00ebebeb,
  0x00ebebeb, 0x00ebebeb, 0xffebebeb, 0x00ebebeb, 0x00ebebeb, 0xffebebeb, 0x00ebebeb, 0x00ebebeb, 0xffebebeb, 0x00ebebeb, 0xffebebeb, 0x00ebebeb,
  0xffebebeb, 0xffebebeb, 0xffebebeb, 0xffebebeb, 0xffebebeb, 0x00ebebeb, 0x00ebebeb, 0x00ebebeb, 0xffebebeb, 0x00ebebeb, 0x00ebebeb, 0x00ebebeb,
  0x00ebebeb, 0xffebebeb, 0x00ebebeb, 0x00ebebeb, 0x00ebebeb, 0xffebebeb, 0x00ebebeb, 0x00ebebeb, 0x00ebebeb, 0xffebebeb, 0x00ebebeb, 0x00ebebeb,
  0x00ebebeb, 0xffebebeb, 0x00ebebeb, 0x00ebebeb, 0xffebebeb, 0x00ebebeb, 0x00ebebeb, 0xffebebeb, 0x00ebebeb, 0xffebebeb, 0x00ebebeb, 0x00ebebeb,
  0x00ebebeb, 0xffebebeb, 0x00ebebeb, 0x00ebebeb, 0xffebebeb, 0x00ebebeb, 0x00ebebeb, 0x00ebebeb, 0x00ebebeb, 0x00ebebeb, 0xffebebeb, 0x00ebebeb,
  0xffebebeb, 0xffebebeb, 0xffebebeb, 0xffebebeb, 0x00ebebeb, 0x00ebebeb, 0xffebebeb, 0x00ebebeb, 0x00ebebeb, 0x00ebebeb, 0x00ebebeb, 0x00ebebeb,
  0xffebebeb, 0x00ebebeb, 0x00ebebeb, 0x00ebebeb, 0x00ebebeb, 0xffebebeb, 0x00ebebeb, 0x00ebebeb, 0x00ebebeb, 0x00ebebeb, 0xffebebeb, 0x00ebebeb,
  0x00ebebeb, 0x00ebebeb, 0xffebebeb, 0x00ebebeb, 0x00ebebeb, 0x00ebebeb, 0x00ebebeb, 0x00ebebeb, 0xffebebeb, 0x00ebebeb, 0x00ebebeb, 0x00ebebeb,
  0xffebebeb, 0xffebebeb, 0xffebebeb, 0xffebebeb, 0xffebebeb, 0xffebebeb, 0xffebebeb, 0xffebebeb, 0xffebebeb, 0xffebebeb, 0x00ebebeb, 0x00ebebeb,
  0x00ebebeb, 0x00ebebeb, 0x00ebebeb, 0x00ebebeb, 0x00ebebeb, 0x00ebebeb, 0x00ebebeb, 0x00ebebeb, 0x00ebebeb, 0x00ebebeb, 0x00ebebeb, 0x00ebebeb,
  0x00ebebeb, 0xffebebeb, 0x00ebebeb, 0x00ebebeb, 0x00ebebeb, 0x00ebebeb, 0xffebebeb, 0x00ebebeb, 0x00ebebeb, 0x00ebebeb, 0x00ebebeb, 0x00ebebeb,
  0x00ebebeb, 0x00ebebeb, 0xffebebeb, 0x00ebebeb, 0x00ebebeb, 0x00ebebeb, 0xffebebeb, 0xffebebeb, 0xffebebeb, 0x00ebebeb, 0x00ebebeb, 0x00ebebeb,
  0x00ebebeb, 0x00ebebeb, 0x00ebebeb, 0x00ebebeb, 0xffebebeb, 0xffebebeb, 0xffebebeb, 0xffebebeb, 0xffebebeb, 0xffebebeb, 0x00ebebeb, 0x00ebebeb,
  0x00ebebeb, 0xffebebeb, 0xffebebeb, 0xffebebeb, 0xffebebeb, 0xffebebeb, 0x00ebebeb, 0x00ebebeb, 0x00ebebeb, 0x00ebebeb, 0x00ebebeb, 0x00ebebeb,
  0x00ebebeb, 0x00ebebeb, 0x00ebebeb, 0xffebebeb, 0x00ebebeb, 0xffebebeb, 0x00ebebeb, 0xffebebeb, 0x00ebebeb, 0x00ebebeb, 0x00ebebeb, 0x00ebebeb,
  0x00ebebeb, 0x00ebebeb, 0xffebebeb, 0x00ebebeb, 0x00ebebeb, 0xffebebeb, 0x00ebebeb, 0x00ebebeb, 0xffebebeb, 0x00ebebeb, 0x00ebebeb, 0x00ebebeb,
  0xffebebeb, 0xffebebeb, 0xffebebeb, 0xffebebeb, 0xffebebeb, 0xffebebeb, 0xffebebeb, 0x00ebebeb, 0xffebebeb, 0x00ebebeb, 0xffebebeb, 0x00ebebeb,
  0xffebebeb, 0x00ebebeb, 0xffebebeb, 0x00ebebeb, 0xffebebeb, 0x00ebebeb, 0xffebebeb, 0xffebebeb, 0xffebebeb, 0xffebebeb, 0xffebebeb, 0x00ebebeb,
  0x00ebebeb, 0x00ebebeb, 0xffebebeb, 0x00ebebeb, 0xffebebeb, 0x00ebebeb, 0xffebebeb, 0x00ebebeb, 0xffebebeb, 0x00ebebeb, 0x00ebebeb, 0x00ebebeb,
  0x00ebebeb, 0xffebebeb, 0x00ebebeb, 0x00ebebeb, 0xffebebeb, 0x00ebebeb, 0x00ebebeb, 0xffebebeb, 0x00ebebeb, 0xffebebeb, 0x00ebebeb, 0x00ebebeb,
  0xffebebeb, 0xffebebeb, 0xffebebeb, 0xffebebeb, 0x00ebebeb, 0x00ebebeb, 0x00ebebeb, 0x00ebebeb, 0x00ebebeb, 0x00ebebeb, 0xffebebeb, 0x00ebebeb,
  0x00ebebeb, 0x00ebebeb, 0xffebebeb, 0x00ebebeb, 0x00ebebeb, 0xffebebeb, 0x00ebebeb, 0x00ebebeb, 0x00ebebeb, 0xffebebeb, 0x00ebebeb, 0x00ebebeb,
  0x00ebebeb, 0xffebebeb, 0x00ebebeb, 0xffebebeb, 0xffebebeb, 0x00ebebeb, 0x00ebebeb, 0x00ebebeb, 0xffebebeb, 0xffebebeb, 0xffebebeb, 0x00ebebeb,
  0x00ebebeb, 0x00ebebeb, 0xffebebeb, 0x00ebebeb, 0x00ebebeb, 0x00ebebeb, 0x00ebebeb, 0xffebebeb, 0xffebebeb, 0x00ebebeb, 0x00ebebeb, 0x00ebebeb,
  0x00ebebeb, 0xffebebeb, 0x00ebebeb, 0x00ebebeb, 0x00ebebeb, 0xffebebeb, 0x00ebebeb, 0x00ebebeb, 0x00ebebeb, 0xffebebeb, 0x00ebebeb, 0x00ebebeb,
  0xffebebeb, 0xffebebeb, 0xffebebeb, 0xffebebeb, 0xffebebeb, 0xffebebeb, 0xffebebeb, 0xffebebeb, 0xffebebeb, 0xffebebeb, 0xffebebeb, 0x00ebebeb,
  0xffebebeb, 0xffebebeb, 0x00ebebeb, 0x00ebebeb, 0x00ebebeb, 0x00ebebeb, 0xffebebeb, 0x00ebebeb, 0x00ebebeb, 0x00ebebeb, 0x00ebebeb, 0x00ebebeb,
  0x00ebebeb, 0x00ebebeb, 0xffebebeb, 0x00ebebeb, 0x00ebebeb, 0xffebebeb, 0x00ebebeb, 0xffebebeb, 0x00ebebeb, 0xffebebeb, 0x00ebebeb, 0x00ebebeb,
  0xffebebeb, 0xffebebeb, 0x00ebebeb, 0x00ebebeb, 0xffebebeb, 0x00ebebeb, 0x00ebebeb, 0x00ebebeb, 0x00ebebeb, 0xffebebeb, 0x00ebebeb, 0x00ebebeb,
  0x00ebebeb, 0xffebebeb, 0x00ebebeb, 0x00ebebeb, 0x00ebebeb, 0xffebebeb, 0xffebebeb, 0xffebebeb, 0xffebebeb, 0xffebebeb, 0xffebebeb, 0x00ebebeb,
  0x00ebebeb, 0x00ebebeb, 0x00ebebeb, 0xffebebeb, 0x00ebebeb, 0xffebebeb, 0x00ebebeb, 0xffebebeb, 0x00ebebeb, 0x00ebebeb, 0x00ebebeb, 0x00ebebeb,
  0x00ebebeb, 0x00ebebeb, 0xffebebeb, 0x00ebebeb, 0x00ebebeb, 0xffebebeb, 0x00ebebeb, 0x00ebebeb, 0xffebebeb, 0x00ebebeb, 0x00ebebeb, 0x00ebebeb,
  0x00ebebeb, 0x00ebebeb, 0xffebebeb, 0x00ebebeb, 0x00ebebeb, 0xffebebeb, 0x00ebebeb, 0x00ebebeb, 0xffebebeb, 0x00ebebeb, 0xffebebeb, 0x00ebebeb,
  0xffebebeb, 0x00ebebeb, 0xffebebeb, 0x00ebebeb, 0xffebebeb, 0x00ebebeb, 0xffebebeb, 0x00ebebeb, 0x00ebebeb, 0x00ebebeb, 0xffebebeb, 0x00ebebeb,
  0x00ebebeb, 0x00ebebeb, 0x00ebebeb, 0x00ebebeb, 0x00ebebeb, 0xffebebeb, 0x00ebebeb, 0x00ebebeb, 0x00ebebeb, 0x00ebebeb, 0x00ebebeb, 0x00ebebeb,
  0x00ebebeb, 0xffebebeb, 0x00ebebeb, 0x00ebebeb, 0xffebebeb, 0x00ebebeb, 0x00ebebeb, 0xffebebeb, 0x00ebebeb, 0xffebebeb, 0x00ebebeb, 0x00ebebeb,
  0x00ebebeb, 0xffebebeb, 0x00ebebeb, 0x00ebebeb, 0x00ebebeb, 0xffebebeb, 0xffebebeb, 0x00ebebeb, 0x00ebebeb, 0x00ebebeb, 0xffebebeb, 0x00ebebeb,
  0x00ebebeb, 0x00ebebeb, 0xffebebeb, 0x00ebebeb, 0xffebebeb, 0xffebebeb, 0xffebebeb, 0xffebebeb, 0xffebebeb, 0x00ebebeb, 0x00ebebeb, 0x00ebebeb,
  0x00ebebeb, 0x00ebebeb, 0x00ebebeb, 0x00ebebeb, 0x00ebebeb, 0x00ebebeb, 0x00ebebeb, 0x00ebebeb, 0x00ebebeb, 0x00ebebeb, 0x00ebebeb, 0x00ebebeb,
  0x00ebebeb, 0x00ebebeb, 0xffebebeb, 0x00ebebeb, 0x00ebebeb, 0x00ebebeb, 0x00ebebeb, 0x00ebebeb, 0x00ebebeb, 0x00ebebeb, 0x00ebebeb, 0x00ebebeb,
  0x00ebebeb, 0xffebebeb, 0xffebebeb, 0xffebebeb, 0xffebebeb, 0xffebebeb, 0xffebebeb, 0xffebebeb, 0xffebebeb, 0xffebebeb, 0x00ebebeb, 0x00ebebeb,
  0x00ebebeb, 0x00ebebeb, 0x00ebebeb, 0x00ebebeb, 0xffebebeb, 0x00ebebeb, 0x00ebebeb, 0x00ebebeb, 0x00ebebeb, 0x00ebebeb, 0x00ebebeb, 0x00ebebeb,
  0x00ebebeb, 0xffebebeb, 0x00ebebeb, 0x00ebebeb, 0x00ebebeb, 0xffebebeb, 0x00ebebeb, 0xffebebeb, 0x00ebebeb, 0x00ebebeb, 0xffebebeb, 0x00ebebeb,
  0x00ebebeb, 0xffebebeb, 0xffebebeb, 0x00ebebeb, 0xffebebeb, 0x00ebebeb, 0x00ebebeb, 0xffebebeb, 0x00ebebeb, 0x00ebebeb, 0xffebebeb, 0x00ebebeb,
  0x00ebebeb, 0xffebebeb, 0x00ebebeb, 0x00ebebeb, 0xffebebeb, 0xffebebeb, 0xffebebeb, 0xffebebeb, 0xffebebeb, 0xffebebeb, 0x00ebebeb, 0x00ebebeb,
  0x00ebebeb, 0xffebebeb, 0x00ebebeb, 0x00ebebeb, 0x00ebebeb, 0xffebebeb, 0x00ebebeb, 0x00ebebeb, 0x00ebebeb, 0x00ebebeb, 0xffebebeb, 0x00ebebeb,
  0x00ebebeb, 0x00ebebeb, 0x00ebebeb, 0xffebebeb, 0x00ebebeb, 0xffebebeb, 0x00ebebeb, 0xffebebeb, 0x00ebebeb, 0x00ebebeb, 0x00ebebeb, 0x00ebebeb,
  0x00ebebeb, 0xffebebeb, 0xffebebeb, 0x00ebebeb, 0x00ebebeb, 0xffebebeb, 0x00ebebeb, 0x00ebebeb, 0xffebebeb, 0x00ebebeb, 0x00ebebeb, 0x00ebebeb,
  0x00ebebeb, 0xffebebeb, 0x00ebebeb, 0x00ebebeb, 0x00ebebeb, 0xffebebeb, 0x00ebebeb, 0x00ebebeb, 0x00ebebeb, 0x00ebebeb, 0xffebebeb, 0x00ebebeb,
  0xffebebeb, 0x00ebebeb, 0xffebebeb, 0x00ebebeb, 0xffebebeb, 0x00ebebeb, 0xffebebeb, 0x00ebebeb, 0xffebebeb, 0x00ebebeb, 0xffebebeb, 0x00ebebeb,
  0x00ebebeb, 0xffebebeb, 0x00ebebeb, 0x00ebebeb, 0xffebebeb, 0x00ebebeb, 0xffebebeb, 0x00ebebeb, 0x00ebebeb, 0xffebebeb, 0x00ebebeb, 0x00ebebeb,
  0xffebebeb, 0xffebebeb, 0xffebebeb, 0x00ebebeb, 0xffebebeb, 0x00ebebeb, 0x00ebebeb, 0xffebebeb, 0x00ebebeb, 0xffebebeb, 0x00ebebeb, 0x00ebebeb,
  0x00ebebeb, 0xffebebeb, 0x00ebebeb, 0x00ebebeb, 0x00ebebeb, 0x00ebebeb, 0x00ebebeb, 0xffebebeb, 0x00ebebeb, 0x00ebebeb, 0xffebebeb, 0x00ebebeb,
  0x00ebebeb, 0xffebebeb, 0xffebebeb, 0x00ebebeb, 0x00ebebeb, 0x00ebebeb, 0x00ebebeb, 0xffebebeb, 0x00ebebeb, 0x00ebebeb, 0x00ebebeb, 0x00ebebeb,
  0x00ebebeb, 0x00ebebeb, 0x00ebebeb, 0x00ebebeb, 0xffebebeb, 0xffebebeb, 0xffebebeb, 0xffebebeb, 0xffebebeb, 0xffebebeb, 0xffebebeb, 0x00ebebeb,
  0x00ebebeb, 0x00ebebeb, 0xffebebeb, 0xffebebeb, 0xffebebeb, 0xffebebeb, 0xffebebeb, 0xffebebeb, 0xffebebeb, 0xffebebeb, 0xffebebeb, 0x00ebebeb,
  0x00ebebeb, 0xffebebeb, 0x00ebebeb, 0x00ebebeb, 0x00ebebeb, 0xffebebeb, 0x00ebebeb, 0x00ebebeb, 0x00ebebeb, 0xffebebeb, 0x00ebebeb, 0x00ebebeb,
  0x00ebebeb, 0x00ebebeb, 0x00ebebeb, 0xffebebeb, 0x00ebebeb, 0x00ebebeb, 0x00ebebeb, 0x00ebebeb, 0x00ebebeb, 0x00ebebeb, 0x00ebebeb, 0x00ebebeb,
  0x00ebebeb, 0xffebebeb, 0x00ebebeb, 0x00ebebeb, 0xffebebeb, 0x00ebebeb, 0x00ebebeb, 0xffebebeb, 0x00ebebeb, 0xffebebeb, 0x00ebebeb, 0x00ebebeb,
  0x00ebebeb, 0xffebebeb, 0xffebebeb, 0xffebebeb, 0x00ebebeb, 0x00ebebeb, 0xffebebeb, 0x00ebebeb, 0x00ebebeb, 0x00ebebeb, 0x00ebebeb, 0x00ebebeb,
  0x00ebebeb, 0xffebebeb, 0x00ebebeb, 0x00ebebeb, 0xffebebeb, 0x00ebebeb, 0x00ebebeb, 0x00ebebeb, 0x00ebebeb, 0xffebebeb, 0x00ebebeb, 0x00ebebeb,
  0x00ebebeb, 0xffebebeb, 0xffebebeb, 0xffebebeb, 0x00ebebeb, 0xffebebeb, 0xffebebeb, 0x00ebebeb, 0x00ebebeb, 0x00ebebeb, 0xffebebeb, 0x00ebebeb,
  0x00ebebeb, 0x00ebebeb, 0xffebebeb, 0x00ebebeb, 0x00ebebeb, 0xffebebeb, 0x00ebebeb, 0x00ebebeb, 0xffebebeb, 0x00ebebeb, 0x00ebebeb, 0x00ebebeb,
  0x00ebebeb, 0xffebebeb, 0xffebebeb, 0xffebebeb, 0x00ebebeb, 0xffebebeb, 0x00ebebeb, 0x00ebebeb, 0xffebebeb, 0x00ebebeb, 0x00ebebeb, 0x00ebebeb,
  0xffebebeb, 0x00ebebeb, 0x00ebebeb, 0x00ebebeb, 0x00ebebeb, 0x00ebebeb, 0x00ebebeb, 0x00ebebeb, 0x00ebebeb, 0xffebebeb, 0xffebebeb, 0x00ebebeb,
  0xffebebeb, 0x00ebebeb, 0xffebebeb, 0x00ebebeb, 0xffebebeb, 0x00ebebeb, 0xffebebeb, 0x00ebebeb, 0xffebebeb, 0x00ebebeb, 0xffebebeb, 0x00ebebeb,
  0xffebebeb, 0x00ebebeb, 0x00ebebeb, 0xffebebeb, 0xffebebeb, 0xffebebeb, 0xffebebeb, 0xffebebeb, 0x00ebebeb, 0x00ebebeb, 0xffebebeb, 0x00ebebeb,
  0x00ebebeb, 0xffebebeb, 0x00ebebeb, 0x00ebebeb, 0xffebebeb, 0x00ebebeb, 0x00ebebeb, 0xffebebeb, 0x00ebebeb, 0xffebebeb, 0x00ebebeb, 0x00ebebeb,
  0x00ebebeb, 0xffebebeb, 0x00ebebeb, 0x00ebebeb, 0x00ebebeb, 0x00ebebeb, 0x00ebebeb, 0x00ebebeb, 0x00ebebeb, 0x00ebebeb, 0xffebebeb, 0x00ebebeb,
  0x00ebebeb, 0xffebebeb, 0xffebebeb, 0xffebebeb, 0x00ebebeb, 0x00ebebeb, 0xffebebeb, 0x00ebebeb, 0x00ebebeb, 0x00ebebeb, 0xffebebeb, 0x00ebebeb,
  0x00ebebeb, 0xffebebeb, 0x00ebebeb, 0x00ebebeb, 0xffebebeb, 0x00ebebeb, 0x00ebebeb, 0x00ebebeb, 0x00ebebeb, 0x00ebebeb, 0xffebebeb, 0x00ebebeb,
  0x00ebebeb, 0x00ebebeb, 0x00ebebeb, 0x00ebebeb, 0x00ebebeb, 0x00ebebeb, 0x00ebebeb, 0x00ebebeb, 0x00ebebeb, 0x00ebebeb, 0xffebebeb, 0x00ebebeb,
  0x00ebebeb, 0xffebebeb, 0x00ebebeb, 0x00ebebeb, 0x00ebebeb, 0xffebebeb, 0x00ebebeb, 0x00ebebeb, 0x00ebebeb, 0xffebebeb, 0x00ebebeb, 0x00ebebeb,
  0x00ebebeb, 0x00ebebeb, 0xffebebeb, 0xffebebeb, 0xffebebeb, 0xffebebeb, 0xffebebeb, 0xffebebeb, 0xffebebeb, 0xffebebeb, 0x00ebebeb, 0x00ebebeb,
  0x00ebebeb, 0xffebebeb, 0x00ebebeb, 0xffebebeb, 0x00ebebeb, 0xffebebeb, 0x00ebebeb, 0x00ebebeb, 0xffebebeb, 0x00ebebeb, 0x00ebebeb, 0x00ebebeb,
  0xffebebeb, 0x00ebebeb, 0xffebebeb, 0x00ebebeb, 0xffebebeb, 0xffebebeb, 0xffebebeb, 0xffebebeb, 0xffebebeb, 0xffebebeb, 0xffebebeb, 0x00ebebeb,
  0x00ebebeb, 0xffebebeb, 0x00ebebeb, 0x00ebebeb, 0xffebebeb, 0x00ebebeb, 0x00ebebeb, 0x00ebebeb, 0x00ebebeb, 0xffebebeb, 0x00ebebeb, 0x00ebebeb,
  0x00ebebeb, 0xffebebeb, 0x00ebebeb, 0xffebebeb, 0x00ebebeb, 0xffebebeb, 0x00ebebeb, 0xffebebeb, 0x00ebebeb, 0xffebebeb, 0x00ebebeb, 0x00ebebeb,
  0x00ebebeb, 0x00ebebeb, 0xffebebeb, 0x00ebebeb, 0x00ebebeb, 0xffebebeb, 0x00ebebeb, 0x00ebebeb, 0xffebebeb, 0x00ebebeb, 0x00ebebeb, 0x00ebebeb,
  0xffebebeb, 0x00ebebeb, 0xffebebeb, 0x00ebebeb, 0x00ebebeb, 0xffebebeb, 0x00ebebeb, 0x00ebebeb, 0xffebebeb, 0x00ebebeb, 0x00ebebeb, 0x00ebebeb,
  0x00ebebeb, 0x00ebebeb, 0x00ebebeb, 0x00ebebeb, 0x00ebebeb, 0xffebebeb, 0x00ebebeb, 0x00ebebeb, 0x00ebebeb, 0x00ebebeb, 0x00ebebeb, 0x00ebebeb,
  0xffebebeb, 0x00ebebeb, 0xffebebeb, 0x00ebebeb, 0xffebebeb, 0x00ebebeb, 0xffebebeb, 0x00ebebeb, 0xffebebeb, 0x00ebebeb, 0xffebebeb, 0x00ebebeb,
  0x00ebebeb, 0x00ebebeb, 0x00ebebeb, 0x00ebebeb, 0x00ebebeb, 0xffebebeb, 0x00ebebeb, 0x00ebebeb, 0x00ebebeb, 0x00ebebeb, 0x00ebebeb, 0x00ebebeb,
  0x00ebebeb, 0xffebebeb, 0x00ebebeb, 0x00ebebeb, 0x00ebebeb, 0x00ebebeb, 0x00ebebeb, 0xffebebeb, 0x00ebebeb, 0x00ebebeb, 0x00ebebeb, 0x00ebebeb,
  0x00ebebeb, 0xffebebeb, 0xffebebeb, 0x00ebebeb, 0x00ebebeb, 0x00ebebeb, 0x00ebebeb, 0x00ebebeb, 0xffebebeb, 0x00ebebeb, 0xffebebeb, 0x00ebebeb,
  0xffebebeb, 0x00ebebeb, 0xffebebeb, 0x00ebebeb, 0xffebebeb, 0xffebebeb, 0x00ebebeb, 0x00ebebeb, 0x00ebebeb, 0xffebebeb, 0x00ebebeb, 0x00ebebeb,
  0x00ebebeb, 0xffebebeb, 0x00ebebeb, 0x00ebebeb, 0xffebebeb, 0x00ebebeb, 0x00ebebeb, 0x00ebebeb, 0x00ebebeb, 0x00ebebeb, 0xffebebeb, 0x00ebebeb,
  0xffebebeb, 0xffebebeb, 0xffebebeb, 0xffebebeb, 0xffebebeb, 0xffebebeb, 0xffebebeb, 0xffebebeb, 0x00ebebeb, 0x00ebebeb, 0xffebebeb, 0x00ebebeb,
  0x00ebebeb, 0xffebebeb, 0xffebebeb, 0xffebebeb, 0xffebebeb, 0xffebebeb, 0xffebebeb, 0xffebebeb, 0xffebebeb, 0xffebebeb, 0x00ebebeb, 0x00ebebeb,
  0x00ebebeb, 0xffebebeb, 0xffebebeb, 0x00ebebeb, 0x00ebebeb, 0x00ebebeb, 0x00ebebeb, 0x00ebebeb, 0x00ebebeb, 0xffebebeb, 0x00ebebeb, 0x00ebebeb,
  0x00ebebeb, 0xffebebeb, 0x00ebebeb, 0x00ebebeb, 0x00ebebeb, 0xffebebeb, 0x00ebebeb, 0x00ebebeb, 0xffebebeb, 0x00ebebeb, 0x00ebebeb, 0x00ebebeb,
  0x00ebebeb, 0x00ebebeb, 0xffebebeb, 0x00ebebeb, 0x00ebebeb, 0x00ebebeb, 0xffebebeb, 0x00ebebeb, 0x00ebebeb, 0xffebebeb, 0x00ebebeb, 0x00ebebeb,
  0x00ebebeb, 0xffebebeb, 0x00ebebeb, 0x00ebebeb, 0xffebebeb, 0xffebebeb, 0xffebebeb, 0xffebebeb, 0xffebebeb, 0xffebebeb, 0x00ebebeb, 0x00ebebeb,
  0x00ebebeb, 0xffebebeb, 0x00ebebeb, 0xffebebeb, 0x00ebebeb, 0xffebebeb, 0x00ebebeb, 0x00ebebeb, 0xffebebeb, 0x00ebebeb, 0x00ebebeb, 0x00ebebeb,
  0x00ebebeb, 0xffebebeb, 0x00ebebeb, 0xffebebeb, 0xffebebeb, 0xffebebeb, 0xffebebeb, 0xffebebeb, 0x00ebebeb, 0xffebebeb, 0x00ebebeb, 0x00ebebeb,
  0x00ebebeb, 0x00ebebeb, 0xffebebeb, 0x00ebebeb, 0x00ebebeb, 0xffebebeb, 0x00ebebeb, 0x00ebebeb, 0xffebebeb, 0x00ebebeb, 0xffebebeb, 0x00ebebeb,
  0x00ebebeb, 0xffebebeb, 0xffebebeb, 0xffebebeb, 0xffebebeb, 0xffebebeb, 0xffebebeb, 0xffebebeb, 0xffebebeb, 0xffebebeb, 0x00ebebeb, 0x00ebebeb,
  0xffebebeb, 0x00ebebeb, 0xffebebeb, 0xffebebeb, 0xffebebeb, 0x00ebebeb, 0x00ebebeb, 0x00ebebeb, 0xffebebeb, 0x00ebebeb, 0x00ebebeb, 0x00ebebeb,
  0xffebebeb, 0xffebebeb, 0xffebebeb, 0xffebebeb, 0xffebebeb, 0xffebebeb, 0xffebebeb, 0xffebebeb, 0xffebebeb, 0xffebebeb, 0xffebebeb, 0x00ebebeb,
  0x00ebebeb, 0xffebebeb, 0xffebebeb, 0x00ebebeb, 0x00ebebeb, 0x00ebebeb, 0xffebebeb, 0x00ebebeb, 0xffebebeb, 0x00ebebeb, 0xffebebeb, 0x00ebebeb,
  0xffebebeb, 0xffebebeb, 0x00ebebeb, 0x00ebebeb, 0x00ebebeb, 0x00ebebeb, 0xffebebeb, 0xffebebeb, 0x00ebebeb, 0x00ebebeb, 0xffebebeb, 0x00ebebeb,
  0x00ebebeb, 0x00ebebeb, 0xffebebeb, 0x00ebebeb, 0x00ebebeb, 0x00ebebeb, 0x00ebebeb, 0x00ebebeb, 0xffebebeb, 0x00ebebeb, 0x00ebebeb, 0x00ebebeb,
  0xffebebeb, 0x00ebebeb, 0x00ebebeb, 0x00ebebeb, 0xffebebeb, 0x00ebebeb, 0x00ebebeb, 0x00ebebeb, 0x00ebebeb, 0x00ebebeb, 0xffebebeb, 0x00ebebeb,
  0x00ebebeb, 0x00ebebeb, 0x00ebebeb, 0x00ebebeb, 0x00ebebeb, 0x00ebebeb, 0x00ebebeb, 0x00ebebeb, 0x00ebebeb, 0x00ebebeb, 0xffebebeb, 0x00ebebeb,
  0x00ebebeb, 0x00ebebeb, 0x00ebebeb, 0x00ebebeb, 0x00ebebeb, 0xffebebeb, 0x00ebebeb, 0x00ebebeb, 0x00ebebeb, 0x00ebebeb, 0xffebebeb, 0x00ebebeb,
  0xffebebeb, 0x00ebebeb, 0xffebebeb, 0x00ebebeb, 0x00ebebeb, 0x00ebebeb, 0x00ebebeb, 0x00ebebeb, 0x00ebebeb, 0xffebebeb, 0x00ebebeb, 0x00ebebeb,
  0x00ebebeb, 0xffebebeb, 0x00ebebeb, 0x00ebebeb, 0x00ebebeb, 0xffebebeb, 0x00ebebeb, 0xffebebeb, 0x00ebebeb, 0xffebebeb, 0x00ebebeb, 0x00ebebeb,
  0x00ebebeb, 0x00ebebeb, 0xffebebeb, 0x00ebebeb, 0x00ebebeb, 0x00ebebeb, 0xffebebeb, 0xffebebeb, 0xffebebeb, 0x00ebebeb, 0x00ebebeb, 0x00ebebeb,
  0xffebebeb, 0x00ebebeb, 0xffebebeb, 0x00ebebeb, 0x00ebebeb, 0x00ebebeb, 0x00ebebeb, 0x00ebebeb, 0x00ebebeb, 0x00ebebeb, 0x00ebebeb, 0x00ebebeb,
  0x00ebebeb, 0xffebebeb, 0x00ebebeb, 0xffebebeb, 0x00ebebeb, 0xffebebeb, 0x00ebebeb, 0xffebebeb, 0x00ebebeb, 0xffebebeb, 0x00ebebeb, 0x00ebebeb,
  0xffebebeb, 0x00ebebeb, 0x00ebebeb, 0x00ebebeb, 0x00ebebeb, 0xffebebeb, 0x00ebebeb, 0x00ebebeb, 0x00ebebeb, 0x00ebebeb, 0xffebebeb, 0x00ebebeb,
  0x00ebebeb, 0x00ebebeb, 0xffebebeb, 0x00ebebeb, 0x00ebebeb, 0xffebebeb, 0x00ebebeb, 0x00ebebeb, 0xffebebeb, 0x00ebebeb, 0xffebebeb, 0x00ebebeb,
  0x00ebebeb, 0x00ebebeb, 0x00ebebeb, 0x00ebebeb, 0x00ebebeb, 0xffebebeb, 0x00ebebeb, 0x00ebebeb, 0x00ebebeb, 0x00ebebeb, 0x00ebebeb, 0x00ebebeb,
  0x00ebebeb, 0x00ebebeb, 0xffebebeb, 0x00ebebeb, 0x00ebebeb, 0x00ebebeb, 0x00ebebeb, 0xffebebeb, 0x00ebebeb, 0xffebebeb, 0x00ebebeb, 0x00ebebeb,
  0x00ebebeb, 0x00ebebeb, 0x00ebebeb, 0x00ebebeb, 0x00ebebeb, 0xffebebeb, 0x00ebebeb, 0x00ebebeb, 0x00ebebeb, 0x00ebebeb, 0x00ebebeb, 0x00ebebeb,
  0xffebebeb, 0xffebebeb, 0x00ebebeb, 0x00ebebeb, 0x00ebebeb, 0xffebebeb, 0x00ebebeb, 0x00ebebeb, 0xffebebeb, 0x00ebebeb, 0xffebebeb, 0x00ebebeb,
  0x00ebebeb, 0x00ebebeb, 0x00ebebeb, 0x00ebebeb, 0xffebebeb, 0xffebebeb, 0x00ebebeb, 0x00ebebeb, 0x00ebebeb, 0x00ebebeb, 0xffebebeb, 0x00ebebeb,
  0x00ebebeb, 0x00ebebeb, 0xffebebeb, 0x00ebebeb, 0x00ebebeb, 0x00ebebeb, 0xffebebeb, 0xffebebeb, 0x00ebebeb, 0xffebebeb, 0x00ebebeb, 0x00ebebeb,
  0xffebebeb, 0x00ebebeb, 0x00ebebeb, 0x00ebebeb, 0xffebebeb, 0xffebebeb, 0xffebebeb, 0xffebebeb, 0xffebebeb, 0xffebebeb, 0xffebebeb, 0x00ebebeb,
  0x00ebebeb, 0x00ebebeb, 0x00ebebeb, 0x00ebebeb, 0x00ebebeb, 0x00ebebeb, 0x00ebebeb, 0xffebebeb, 0xffebebeb, 0xffebebeb, 0x00ebebeb, 0x00ebebeb,
  0x00ebebeb, 0x00ebebeb, 0x00ebebeb, 0x00ebebeb, 0x00ebebeb, 0x00ebebeb, 0xffebebeb, 0xffebebeb, 0xffebebeb, 0xffebebeb, 0xffebebeb, 0x00ebebeb,
  0x00ebebeb, 0x00ebebeb, 0xffebebeb, 0xffebebeb, 0xffebebeb, 0xffebebeb, 0xffebebeb, 0xffebebeb, 0xffebebeb, 0xffebebeb, 0x00ebebeb, 0x00ebebeb,
  0x00ebebeb, 0xffebebeb, 0x00ebebeb, 0x00ebebeb, 0x00ebebeb, 0xffebebeb, 0xffebebeb, 0x00ebebeb, 0x00ebebeb, 0x00ebebeb, 0xffebebeb, 0x00ebebeb,
  0x00ebebeb, 0x00ebebeb, 0xffebebeb, 0x00ebebeb, 0xffebebeb, 0xffebebeb, 0x00ebebeb, 0x00ebebeb, 0x00ebebeb, 0xffebebeb, 0xffebebeb, 0x00ebebeb,
  0xffebebeb, 0x00ebebeb, 0x00ebebeb, 0xffebebeb, 0xffebebeb, 0xffebebeb, 0xffebebeb, 0xffebebeb, 0xffebebeb, 0xffebebeb, 0xffebebeb, 0x00ebebeb,
  0xffebebeb, 0x00ebebeb, 0x00ebebeb, 0xffebebeb, 0xffebebeb, 0x00ebebeb, 0xffebebeb, 0x00ebebeb, 0x00ebebeb, 0x00ebebeb, 0xffebebeb, 0x00ebebeb,
  0x00ebebeb, 0x00ebebeb, 0x00ebebeb, 0x00ebebeb, 0x00ebebeb, 0xffebebeb, 0x00ebebeb, 0x00ebebeb, 0x00ebebeb, 0x00ebebeb, 0x00ebebeb, 0x00ebebeb,
  0x00ebebeb, 0x00ebebeb, 0xffebebeb, 0x00ebebeb, 0xffebebeb, 0x00ebebeb, 0x00ebebeb, 0x00ebebeb, 0xffebebeb, 0xffebebeb, 0xffebebeb, 0x00ebebeb,
  0xffebebeb, 0xffebebeb, 0xffebebeb, 0xffebebeb, 0xffebebeb, 0xffebebeb, 0xffebebeb, 0xffebebeb, 0xffebebeb, 0xffebebeb, 0xffebebeb, 0x00ebebeb,
  0x00ebebeb, 0x00ebebeb, 0xffebebeb, 0x00ebebeb, 0x00ebebeb, 0x00ebebeb, 0xffebebeb, 0x00ebebeb, 0x00ebebeb, 0x00ebebeb, 0xffebebeb, 0x00ebebeb,
  0x00ebebeb, 0x00ebebeb, 0x00ebebeb, 0x00ebebeb, 0x00ebebeb, 0xffebebeb, 0x00ebebeb, 0x00ebebeb, 0x00ebebeb, 0x00ebebeb, 0x00ebebeb, 0x00ebebeb,
  0x00ebebeb, 0x00ebebeb, 0x00ebebeb, 0xffebebeb, 0xffebebeb, 0x00ebebeb, 0x00ebebeb, 0x00ebebeb, 0xffebebeb, 0xffebebeb, 0xffebebeb, 0x00ebebeb,
  0x00ebebeb, 0x00ebebeb, 0x00ebebeb, 0x00ebebeb, 0x00ebebeb, 0x00ebebeb, 0x00ebebeb, 0x00ebebeb, 0xffebebeb, 0xffebebeb, 0x00ebebeb, 0x00ebebeb,
  0x00ebebeb, 0x00ebebeb, 0xffebebeb, 0x00ebebeb, 0xffebebeb, 0xffebebeb, 0x00ebebeb, 0x00ebebeb, 0x00ebebeb, 0x00ebebeb, 0xffebebeb, 0x00ebebeb,
  0x00ebebeb, 0x00ebebeb, 0x00ebebeb, 0x00ebebeb, 0x00ebebeb, 0x00ebebeb, 0x00ebebeb, 0x00ebebeb, 0x00ebebeb, 0x00ebebeb, 0x00ebebeb, 0x00ebebeb,
  0x00ebebeb, 0x00ebebeb, 0x00ebebeb, 0x00ebebeb, 0x00ebebeb, 0x00ebebeb, 0x00ebebeb, 0x00ebebeb, 0x00ebebeb, 0x00ebebeb, 0x00ebebeb, 0x00ebebeb,
  0x00ebebeb, 0x00ebebeb, 0x00ebebeb, 0x00ebebeb, 0x00ebebeb, 0x00ebebeb, 0x00ebebeb, 0x00ebebeb, 0x00ebebeb, 0x00ebebeb, 0x00ebebeb, 0x00ebebeb,
  0x00ebebeb, 0x00ebebeb, 0x00ebebeb, 0x00ebebeb, 0x00ebebeb, 0x00ebebeb, 0x00ebebeb, 0x00ebebeb, 0x00ebebeb, 0x00ebebeb, 0x00ebebeb, 0x00ebebeb,
  0x00ebebeb, 0x00ebebeb, 0x00ebebeb, 0x00ebebeb, 0x00ebebeb, 0x00ebebeb, 0x00ebebeb, 0x00ebebeb, 0x00ebebeb, 0x00ebebeb, 0x00ebebeb, 0x00ebebeb,
  0x00ebebeb, 0x00ebebeb, 0x00ebebeb, 0x00ebebeb, 0x00ebebeb, 0x00ebebeb, 0x00ebebeb, 0x00ebebeb, 0x00ebebeb, 0x00ebebeb, 0x00ebebeb, 0x00ebebeb,
  0x00ebebeb, 0x00ebebeb, 0x00ebebeb, 0x00ebebeb, 0x00ebebeb, 0x00ebebeb, 0x00ebebeb, 0x00ebebeb, 0x00ebebeb, 0x00ebebeb, 0x00ebebeb, 0x00ebebeb,
  0x00ebebeb, 0x00ebebeb, 0x00ebebeb, 0x00ebebeb, 0x00ebebeb, 0x00ebebeb, 0x00ebebeb, 0x00ebebeb, 0x00ebebeb, 0x00ebebeb, 0x00ebebeb, 0x00ebebeb,
  0x00ebebeb, 0x00ebebeb, 0x00ebebeb, 0x00ebebeb, 0x00ebebeb, 0x00ebebeb, 0x00ebebeb, 0x00ebebeb, 0x00ebebeb, 0x00ebebeb, 0x00ebebeb, 0x00ebebeb,
  0x00ebebeb, 0x00ebebeb, 0x00ebebeb, 0x00ebebeb, 0x00ebebeb, 0x00ebebeb, 0x00ebebeb, 0x00ebebeb, 0x00ebebeb, 0x00ebebeb, 0x00ebebeb, 0x00ebebeb,
  0x00ebebeb, 0x00ebebeb, 0x00ebebeb, 0x00ebebeb, 0x00ebebeb, 0x00ebebeb, 0x00ebebeb, 0x00ebebeb, 0x00ebebeb, 0x00ebebeb, 0x00ebebeb, 0x00ebebeb,
  0x00ebebeb, 0x00ebebeb, 0x00ebebeb, 0x00ebebeb, 0x00ebebeb, 0x00ebebeb, 0x00ebebeb, 0x00ebebeb, 0x00ebebeb, 0x00ebebeb, 0x00ebebeb, 0x00ebebeb,
  0x00ebebeb, 0x00ebebeb, 0x00ebebeb, 0x00ebebeb, 0x00ebebeb, 0x00ebebeb, 0x00ebebeb, 0x00ebebeb, 0x00ebebeb, 0x00ebebeb, 0x00ebebeb, 0x00ebebeb,
  0x00ebebeb, 0x00ebebeb, 0x00ebebeb, 0x00ebebeb, 0x00ebebeb, 0x00ebebeb, 0x00ebebeb, 0x00ebebeb, 0x00ebebeb, 0x00ebebeb, 0x00ebebeb, 0x00ebebeb,
  0x00ebebeb, 0x00ebebeb, 0x00ebebeb, 0x00ebebeb, 0x00ebebeb, 0x00ebebeb, 0x00ebebeb, 0x00ebebeb, 0x00ebebeb, 0x00ebebeb, 0x00ebebeb, 0x00ebebeb,
  0x00ebebeb, 0x00ebebeb, 0x00ebebeb, 0x00ebebeb, 0x00ebebeb, 0x00ebebeb, 0x00ebebeb, 0x00ebebeb, 0x00ebebeb, 0x00ebebeb, 0x00ebebeb, 0x00ebebeb,
  0x00ebebeb, 0x00ebebeb, 0x00ebebeb, 0x00ebebeb, 0xffebebeb, 0x00ebebeb, 0x00ebebeb, 0x00ebebeb, 0x00ebebeb, 0x00ebebeb, 0x00ebebeb, 0x00ebebeb,
  0x00ebebeb, 0x00ebebeb, 0x00ebebeb, 0x00ebebeb, 0x00ebebeb, 0x00ebebeb, 0xffebebeb, 0x00ebebeb, 0x00ebebeb, 0x00ebebeb, 0x00ebebeb, 0x00ebebeb,
  0xffebebeb, 0x00ebebeb, 0x00ebebeb, 0xffebebeb, 0xffebebeb, 0xffebebeb, 0xffebebeb, 0xffebebeb, 0xffebebeb, 0xffebebeb, 0xffebebeb, 0x00ebebeb,
  0x00ebebeb, 0xffebebeb, 0x00ebebeb, 0x00ebebeb, 0x00ebebeb, 0x00ebebeb, 0xffebebeb, 0x00ebebeb, 0x00ebebeb, 0x00ebebeb, 0x00ebebeb, 0x00ebebeb,
  0x00ebebeb, 0x00ebebeb, 0x00ebebeb, 0xffebebeb, 0x00ebebeb, 0x00ebebeb, 0x00ebebeb, 0x00ebebeb, 0x00ebebeb, 0xffebebeb, 0xffebebeb, 0x00ebebeb,
  0x00ebebeb, 0xffebebeb, 0x00ebebeb, 0x00ebebeb, 0xffebebeb, 0xffebebeb, 0xffebebeb, 0xffebebeb, 0xffebebeb, 0xffebebeb, 0xffebebeb, 0x00ebebeb,
  0x00ebebeb, 0x00ebebeb, 0x00ebebeb, 0x00ebebeb, 0x00ebebeb, 0xffebebeb, 0x00ebebeb, 0x00ebebeb, 0x00ebebeb, 0x00ebebeb, 0x00ebebeb, 0x00ebebeb,
  0xffebebeb, 0xffebebeb, 0xffebebeb, 0xffebebeb, 0xffebebeb, 0xffebebeb, 0xffebebeb, 0xffebebeb, 0xffebebeb, 0xffebebeb, 0xffebebeb, 0x00ebebeb,
  0x00ebebeb, 0x00ebebeb, 0x00ebebeb, 0x00ebebeb, 0x00ebebeb, 0xffebebeb, 0x00ebebeb, 0x00ebebeb, 0x00ebebeb, 0x00ebebeb, 0x00ebebeb, 0x00ebebeb,
  0x00ebebeb, 0x00ebebeb, 0xffebebeb, 0x00ebebeb, 0x00ebebeb, 0x00ebebeb, 0x00ebebeb, 0x00ebebeb, 0xffebebeb, 0x00ebebeb, 0x00ebebeb, 0x00ebebeb,
  0x00ebebeb, 0xffebebeb, 0xffebebeb, 0xffebebeb, 0xffebebeb, 0xffebebeb, 0xffebebeb, 0xffebebeb, 0xffebebeb, 0xffebebeb, 0x00ebebeb, 0x00ebebeb,
  0x00ebebeb, 0x00ebebeb, 0x00ebebeb, 0x00ebebeb, 0x00ebebeb, 0x00ebebeb, 0x00ebebeb, 0x00ebebeb, 0x00ebebeb, 0x00ebebeb, 0x00ebebeb, 0x00ebebeb,
  0x00ebebeb, 0x00ebebeb, 0x00ebebeb, 0x00ebebeb, 0x00ebebeb, 0x00ebebeb, 0x00ebebeb, 0x00ebebeb, 0x00ebebeb, 0x00ebebeb, 0x00ebebeb, 0x00ebebeb,
  0x00ebebeb, 0x00ebebeb, 0x00ebebeb, 0x00ebebeb, 0x00ebebeb, 0x00ebebeb, 0x00ebebeb, 0x00ebebeb, 0x00ebebeb, 0x00ebebeb, 0x00ebebeb, 0x00ebebeb,
  0x00ebebeb, 0x00ebebeb, 0x00ebebeb, 0x00ebebeb, 0x00ebebeb, 0x00ebebeb, 0x00ebebeb, 0x00ebebeb, 0x00ebebeb, 0x00ebebeb, 0x00ebebeb, 0x00ebebeb,
  0x00ebebeb, 0x00ebebeb, 0x00ebebeb, 0x00ebebeb, 0x00ebebeb, 0x00ebebeb, 0x00ebebeb, 0x00ebebeb, 0x00ebebeb, 0x00ebebeb, 0x00ebebeb, 0x00ebebeb,
  0x00ebebeb, 0x00ebebeb, 0x00ebebeb, 0x00ebebeb, 0x00ebebeb, 0xffebebeb, 0x00ebebeb, 0x00ebebeb, 0x00ebebeb, 0x00ebebeb, 0x00ebebeb, 0x00ebebeb,
  0x00ebebeb, 0xffebebeb, 0xffebebeb, 0xffebebeb, 0xffebebeb, 0xffebebeb, 0xffebebeb, 0xffebebeb, 0xffebebeb, 0xffebebeb, 0xffebebeb, 0x00ebebeb,
  0x00ebebeb, 0xffebebeb, 0x00ebebeb, 0x00ebebeb, 0x00ebebeb, 0x00ebebeb, 0x00ebebeb, 0x00ebebeb, 0x00ebebeb, 0x00ebebeb, 0xffebebeb, 0x00ebebeb,
  0x00ebebeb, 0xffebebeb, 0x00ebebeb, 0x00ebebeb, 0x00ebebeb, 0x00ebebeb, 0xffebebeb, 0x00ebebeb, 0x00ebebeb, 0x00ebebeb, 0x00ebebeb, 0x00ebebeb,
  0xffebebeb, 0xffebebeb, 0xffebebeb, 0xffebebeb, 0xffebebeb, 0xffebebeb, 0x00ebebeb, 0xffebebeb, 0xffebebeb, 0x00ebebeb, 0x00ebebeb, 0x00ebebeb,
  0x00ebebeb, 0xffebebeb, 0x00ebebeb, 0x00ebebeb, 0xffebebeb, 0x00ebebeb, 0x00ebebeb, 0x00ebebeb, 0x00ebebeb, 0x00ebebeb, 0xffebebeb, 0x00ebebeb,
  0x00ebebeb, 0x00ebebeb, 0x00ebebeb, 0x00ebebeb, 0x00ebebeb, 0xffebebeb, 0xffebebeb, 0xffebebeb, 0xffebebeb, 0xffebebeb, 0xffebebeb, 0x00ebebeb,
  0x00ebebeb, 0x00ebebeb, 0x00ebebeb, 0x00ebebeb, 0x00ebebeb, 0xffebebeb, 0x00ebebeb, 0x00ebebeb, 0x00ebebeb, 0x00ebebeb, 0x00ebebeb, 0x00ebebeb,
  0x00ebebeb, 0xffebebeb, 0x00ebebeb, 0x00ebebeb, 0x00ebebeb, 0xffebebeb, 0x00ebebeb, 0x00ebebeb, 0x00ebebeb, 0xffebebeb, 0x00ebebeb, 0x00ebebeb,
  0x00ebebeb, 0x00ebebeb, 0x00ebebeb, 0xffebebeb, 0x00ebebeb, 0x00ebebeb, 0x00ebebeb, 0xffebebeb, 0x00ebebeb, 0x00ebebeb, 0x00ebebeb, 0x00ebebeb,
  0x00ebebeb, 0x00ebebeb, 0x00ebebeb, 0x00ebebeb, 0x00ebebeb, 0xffebebeb, 0x00ebebeb, 0x00ebebeb, 0x00ebebeb, 0x00ebebeb, 0x00ebebeb, 0x00ebebeb,
  0x00ebebeb, 0x00ebebeb, 0x00ebebeb, 0x00ebebeb, 0x00ebebeb, 0x00ebebeb, 0x00ebebeb, 0x00ebebeb, 0x00ebebeb, 0x00ebebeb, 0x00ebebeb, 0x00ebebeb,
  0x00ebebeb, 0x00ebebeb, 0x00ebebeb, 0x00ebebeb, 0x00ebebeb, 0x00ebebeb, 0x00ebebeb, 0x00ebebeb, 0x00ebebeb, 0x00ebebeb, 0x00ebebeb, 0x00ebebeb,
  0x00ebebeb, 0x00ebebeb, 0x00ebebeb, 0x00ebebeb, 0x00ebebeb, 0x00ebebeb, 0x00ebebeb, 0x00ebebeb, 0x00ebebeb, 0x00ebebeb, 0x00ebebeb, 0x00ebebeb,
  0x00ebebeb, 0x00ebebeb, 0x00ebebeb, 0x00ebebeb, 0x00ebebeb, 0x00ebebeb, 0x00ebebeb, 0x00ebebeb, 0x00ebebeb, 0x00ebebeb, 0x00ebebeb, 0x00ebebeb,
  0x00ebebeb, 0x00ebebeb, 0x00ebebeb, 0x00ebebeb, 0x00ebebeb, 0x00ebebeb, 0x00ebebeb, 0x00ebebeb, 0x00ebebeb, 0x00ebebeb, 0x00ebebeb, 0x00ebebeb,
  0x00ebebeb, 0x00ebebeb, 0x00ebebeb, 0x00ebebeb, 0x00ebebeb, 0x00ebebeb, 0xffebebeb, 0x00ebebeb, 0x00ebebeb, 0x00ebebeb, 0x00ebebeb, 0x00ebebeb,
  0x00ebebeb, 0xffebebeb, 0x00ebebeb, 0x00ebebeb, 0x00ebebeb, 0x00ebebeb, 0x00ebebeb, 0x00ebebeb, 0x00ebebeb, 0x00ebebeb, 0xffebebeb, 0x00ebebeb,
  0x00ebebeb, 0x00ebebeb, 0x00ebebeb, 0x00ebebeb, 0x00ebebeb, 0x00ebebeb, 0x00ebebeb, 0x00ebebeb, 0x00ebebeb, 0x00ebebeb, 0xffebebeb, 0x00ebebeb,
  0x00ebebeb, 0xffebebeb, 0x00ebebeb, 0x00ebebeb, 0xffebebeb, 0xffebebeb, 0xffebebeb, 0xffebebeb, 0xffebebeb, 0xffebebeb, 0x00ebebeb, 0x00ebebeb,
  0x00ebebeb, 0xffebebeb, 0x00ebebeb, 0x00ebebeb, 0x00ebebeb, 0xffebebeb, 0x00ebebeb, 0xffebebeb, 0x00ebebeb, 0x00ebebeb, 0x00ebebeb, 0x00ebebeb,
  0x00ebebeb, 0xffebebeb, 0x00ebebeb, 0x00ebebeb, 0xffebebeb, 0x00ebebeb, 0x00ebebeb, 0x00ebebeb, 0x00ebebeb, 0x00ebebeb, 0xffebebeb, 0x00ebebeb,
  0x00ebebeb, 0x00ebebeb, 0x00ebebeb, 0x00ebebeb, 0x00ebebeb, 0xffebebeb, 0x00ebebeb, 0x00ebebeb, 0x00ebebeb, 0x00ebebeb, 0x00ebebeb, 0x00ebebeb,
  0x00ebebeb, 0x00ebebeb, 0x00ebebeb, 0x00ebebeb, 0xffebebeb, 0x00ebebeb, 0x00ebebeb, 0x00ebebeb, 0x00ebebeb, 0x00ebebeb, 0x00ebebeb, 0x00ebebeb,
  0x00ebebeb, 0x00ebebeb, 0xffebebeb, 0x00ebebeb, 0x00ebebeb, 0xffebebeb, 0x00ebebeb, 0x00ebebeb, 0xffebebeb, 0x00ebebeb, 0x00ebebeb, 0x00ebebeb,
  0xffebebeb, 0xffebebeb, 0xffebebeb, 0xffebebeb, 0xffebebeb, 0xffebebeb, 0xffebebeb, 0xffebebeb, 0xffebebeb, 0xffebebeb, 0xffebebeb, 0x00ebebeb,
  0x00ebebeb, 0xffebebeb, 0x00ebebeb, 0x00ebebeb, 0x00ebebeb, 0xffebebeb, 0x00ebebeb, 0x00ebebeb, 0x00ebebeb, 0xffebebeb, 0x00ebebeb, 0x00ebebeb,
  0x00ebebeb, 0x00ebebeb, 0x00ebebeb, 0x00ebebeb, 0x00ebebeb, 0x00ebebeb, 0x00ebebeb, 0x00ebebeb, 0x00ebebeb, 0x00ebebeb, 0x00ebebeb, 0x00ebebeb,
  0x00ebebeb, 0x00ebebeb, 0x00ebebeb, 0x00ebebeb, 0x00ebebeb, 0x00ebebeb, 0x00ebebeb, 0x00ebebeb, 0x00ebebeb, 0x00ebebeb, 0x00ebebeb, 0x00ebebeb,
  0x00ebebeb, 0x00ebebeb, 0x00ebebeb, 0x00ebebeb, 0x00ebebeb, 0x00ebebeb, 0x00ebebeb, 0x00ebebeb, 0x00ebebeb, 0x00ebebeb, 0x00ebebeb, 0x00ebebeb,
  0x00ebebeb, 0x00ebebeb, 0x00ebebeb, 0x00ebebeb, 0x00ebebeb, 0x00ebebeb, 0x00ebebeb, 0x00ebebeb, 0x00ebebeb, 0x00ebebeb, 0x00ebebeb, 0x00ebebeb,
  0x00ebebeb, 0x00ebebeb, 0x00ebebeb, 0x00ebebeb, 0x00ebebeb, 0x00ebebeb, 0x00ebebeb, 0x00ebebeb, 0x00ebebeb, 0x00ebebeb, 0x00ebebeb, 0x00ebebeb,
  0x00ebebeb, 0x00ebebeb, 0x00ebebeb, 0xffebebeb, 0x00ebebeb, 0x00ebebeb, 0xffebebeb, 0x00ebebeb, 0x00ebebeb, 0x00ebebeb, 0x00ebebeb, 0x00ebebeb,
  0x00ebebeb, 0xffebebeb, 0xffebebeb, 0xffebebeb, 0xffebebeb, 0xffebebeb, 0xffebebeb, 0xffebebeb, 0xffebebeb, 0xffebebeb, 0xffebebeb, 0x00ebebeb,
  0xffebebeb, 0x00ebebeb, 0x00ebebeb, 0xffebebeb, 0xffebebeb, 0xffebebeb, 0xffebebeb, 0xffebebeb, 0x00ebebeb, 0x00ebebeb, 0xffebebeb, 0x00ebebeb,
  0xffebebeb, 0xffebebeb, 0xffebebeb, 0x00ebebeb, 0x00ebebeb, 0x00ebebeb, 0xffebebeb, 0x00ebebeb, 0x00ebebeb, 0xffebebeb, 0x00ebebeb, 0x00ebebeb,
  0x00ebebeb, 0x00ebebeb, 0xffebebeb, 0x00ebebeb, 0xffebebeb, 0x00ebebeb, 0x00ebebeb, 0xffebebeb, 0x00ebebeb, 0x00ebebeb, 0x00ebebeb, 0x00ebebeb,
  0x00ebebeb, 0xffebebeb, 0x00ebebeb, 0x00ebebeb, 0xffebebeb, 0x00ebebeb, 0x00ebebeb, 0x00ebebeb, 0x00ebebeb, 0x00ebebeb, 0xffebebeb, 0x00ebebeb,
  0x00ebebeb, 0xffebebeb, 0xffebebeb, 0xffebebeb, 0xffebebeb, 0xffebebeb, 0xffebebeb, 0xffebebeb, 0xffebebeb, 0xffebebeb, 0x00ebebeb, 0x00ebebeb,
  0xffebebeb, 0xffebebeb, 0xffebebeb, 0xffebebeb, 0xffebebeb, 0xffebebeb, 0xffebebeb, 0xffebebeb, 0xffebebeb, 0xffebebeb, 0xffebebeb, 0x00ebebeb,
  0x00ebebeb, 0x00ebebeb, 0x00ebebeb, 0x00ebebeb, 0x00ebebeb, 0xffebebeb, 0x00ebebeb, 0x00ebebeb, 0x00ebebeb, 0x00ebebeb, 0x00ebebeb, 0x00ebebeb,
  0x00ebebeb, 0x00ebebeb, 0x00ebebeb, 0x00ebebeb, 0x00ebebeb, 0x00ebebeb, 0x00ebebeb, 0x00ebebeb, 0x00ebebeb, 0x00ebebeb, 0x00ebebeb, 0x00ebebeb,
  0x00ebebeb, 0x00ebebeb, 0xffebebeb, 0x00ebebeb, 0x00ebebeb, 0xffebebeb, 0x00ebebeb, 0x00ebebeb, 0xffebebeb, 0x00ebebeb, 0x00ebebeb, 0x00ebebeb,
  0x00ebebeb, 0x00ebebeb, 0x00ebebeb, 0x00ebebeb, 0x00ebebeb, 0x00ebebeb, 0x00ebebeb, 0x00ebebeb, 0x00ebebeb, 0x00ebebeb, 0x00ebebeb, 0x00ebebeb,
  0x00ebebeb, 0x00ebebeb, 0x00ebebeb, 0x00ebebeb, 0x00ebebeb, 0x00ebebeb, 0x00ebebeb, 0x00ebebeb, 0x00ebebeb, 0x00ebebeb, 0x00ebebeb, 0x00ebebeb,
  0x00ebebeb, 0x00ebebeb, 0x00ebebeb, 0x00ebebeb, 0x00ebebeb, 0x00ebebeb, 0x00ebebeb, 0x00ebebeb, 0x00ebebeb, 0x00ebebeb, 0x00ebebeb, 0x00ebebeb,
  0x00ebebeb, 0x00ebebeb, 0x00ebebeb, 0x00ebebeb, 0x00ebebeb, 0x00ebebeb, 0x00ebebeb, 0x00ebebeb, 0x00ebebeb, 0x00ebebeb, 0x00ebebeb, 0x00ebebeb,
  0x00ebebeb, 0x00ebebeb, 0x00ebebeb, 0x00ebebeb, 0x00ebebeb, 0x00ebebeb, 0x00ebebeb, 0x00ebebeb, 0x00ebebeb, 0x00ebebeb, 0x00ebebeb, 0x00ebebeb,
  0x00ebebeb, 0x00ebebeb, 0x00ebebeb, 0xffebebeb, 0x00ebebeb, 0x00ebebeb, 0x00ebebeb, 0x00ebebeb, 0x00ebebeb, 0x00ebebeb, 0x00ebebeb, 0x00ebebeb,
  0x00ebebeb, 0xffebebeb, 0x00ebebeb, 0x00ebebeb, 0x00ebebeb, 0x00ebebeb, 0xffebebeb, 0x00ebebeb, 0x00ebebeb, 0x00ebebeb, 0x00ebebeb, 0x00ebebeb,
  0xffebebeb, 0x00ebebeb, 0x00ebebeb, 0xffebebeb, 0x00ebebeb, 0x00ebebeb, 0x00ebebeb, 0xffebebeb, 0x00ebebeb, 0x00ebebeb, 0xffebebeb, 0x00ebebeb,
  0x00ebebeb, 0xffebebeb, 0x00ebebeb, 0x00ebebeb, 0x00ebebeb, 0x00ebebeb, 0xffebebeb, 0x00ebebeb, 0x00ebebeb, 0xffebebeb, 0x00ebebeb, 0x00ebebeb,
  0xffebebeb, 0xffebebeb, 0xffebebeb, 0xffebebeb, 0xffebebeb, 0xffebebeb, 0x00ebebeb, 0xffebebeb, 0xffebebeb, 0xffebebeb, 0xffebebeb, 0x00ebebeb,
  0x00ebebeb, 0xffebebeb, 0x00ebebeb, 0x00ebebeb, 0xffebebeb, 0x00ebebeb, 0x00ebebeb, 0x00ebebeb, 0x00ebebeb, 0x00ebebeb, 0xffebebeb, 0x00ebebeb,
  0x00ebebeb, 0xffebebeb, 0x00ebebeb, 0x00ebebeb, 0x00ebebeb, 0x00ebebeb, 0x00ebebeb, 0x00ebebeb, 0x00ebebeb, 0xffebebeb, 0x00ebebeb, 0x00ebebeb,
  0xffebebeb, 0x00ebebeb, 0x00ebebeb, 0xffebebeb, 0x00ebebeb, 0x00ebebeb, 0x00ebebeb, 0xffebebeb, 0x00ebebeb, 0x00ebebeb, 0xffebebeb, 0x00ebebeb,
  0x00ebebeb, 0xffebebeb, 0xffebebeb, 0xffebebeb, 0xffebebeb, 0xffebebeb, 0xffebebeb, 0xffebebeb, 0xffebebeb, 0xffebebeb, 0x00ebebeb, 0x00ebebeb,
  0x00ebebeb, 0xffebebeb, 0xffebebeb, 0xffebebeb, 0xffebebeb, 0xffebebeb, 0x00ebebeb, 0xffebebeb, 0x00ebebeb, 0xffebebeb, 0x00ebebeb, 0x00ebebeb,
  0x00ebebeb, 0x00ebebeb, 0x00ebebeb, 0x00ebebeb, 0x00ebebeb, 0xffebebeb, 0x00ebebeb, 0x00ebebeb, 0x00ebebeb, 0x00ebebeb, 0x00ebebeb, 0x00ebebeb,
  0x00ebebeb, 0x00ebebeb, 0x00ebebeb, 0x00ebebeb, 0x00ebebeb, 0x00ebebeb, 0x00ebebeb, 0x00ebebeb, 0x00ebebeb, 0x00ebebeb, 0x00ebebeb, 0x00ebebeb,
  0x00ebebeb, 0x00ebebeb, 0x00ebebeb, 0x00ebebeb, 0x00ebebeb, 0x00ebebeb, 0x00ebebeb, 0x00ebebeb, 0x00ebebeb, 0x00ebebeb, 0x00ebebeb, 0x00ebebeb,
  0x00ebebeb, 0x00ebebeb, 0x00ebebeb, 0x00ebebeb, 0x00ebebeb, 0x00ebebeb, 0x00ebebeb, 0x00ebebeb, 0x00ebebeb, 0x00ebebeb, 0x00ebebeb, 0x00ebebeb,
  0x00ebebeb, 0x00ebebeb, 0x00ebebeb, 0x00ebebeb, 0x00ebebeb, 0x00ebebeb, 0x00ebebeb, 0x00ebebeb, 0x00ebebeb, 0x00ebebeb, 0x00ebebeb, 0x00ebebeb,
  0x00ebebeb, 0x00ebebeb, 0x00ebebeb, 0x00ebebeb, 0x00ebebeb, 0x00ebebeb, 0x00ebebeb, 0x00ebebeb, 0x00ebebeb, 0x00ebebeb, 0x00ebebeb, 0x00ebebeb,
  0x00ebebeb, 0xffebebeb, 0x00ebebeb, 0xffebebeb, 0x00ebebeb, 0x00ebebeb, 0x00ebebeb, 0x00ebebeb, 0x00ebebeb, 0xffebebeb, 0x00ebebeb, 0x00ebebeb,
  0x00ebebeb, 0xffebebeb, 0xffebebeb, 0xffebebeb, 0xffebebeb, 0xffebebeb, 0xffebebeb, 0xffebebeb, 0xffebebeb, 0xffebebeb, 0xffebebeb, 0x00ebebeb,
  0xffebebeb, 0x00ebebeb, 0x00ebebeb, 0xffebebeb, 0x00ebebeb, 0x00ebebeb, 0x00ebebeb, 0xffebebeb, 0x00ebebeb, 0x00ebebeb, 0xffebebeb, 0x00ebebeb,
  0x00ebebeb, 0xffebebeb, 0x00ebebeb, 0x00ebebeb, 0x00ebebeb, 0x00ebebeb, 0xffebebeb, 0x00ebebeb, 0x00ebebeb, 0xffebebeb, 0x00ebebeb, 0x00ebebeb,
  0x00ebebeb, 0x00ebebeb, 0x00ebebeb, 0xffebebeb, 0x00ebebeb, 0x00ebebeb, 0x00ebebeb, 0xffebebeb, 0x00ebebeb, 0xffebebeb, 0x00ebebeb, 0x00ebebeb,
  0x00ebebeb, 0xffebebeb, 0x00ebebeb, 0x00ebebeb, 0xffebebeb, 0xffebebeb, 0xffebebeb, 0xffebebeb, 0xffebebeb, 0xffebebeb, 0xffebebeb, 0x00ebebeb,
  0x00ebebeb, 0xffebebeb, 0xffebebeb, 0xffebebeb, 0xffebebeb, 0xffebebeb, 0xffebebeb, 0xffebebeb, 0xffebebeb, 0xffebebeb, 0x00ebebeb, 0x00ebebeb,
  0xffebebeb, 0x00ebebeb, 0x00ebebeb, 0xffebebeb, 0xffebebeb, 0xffebebeb, 0xffebebeb, 0xffebebeb, 0x00ebebeb, 0x00ebebeb, 0xffebebeb, 0x00ebebeb,
  0x00ebebeb, 0x00ebebeb, 0x00ebebeb, 0x00ebebeb, 0x00ebebeb, 0x00ebebeb, 0x00ebebeb, 0x00ebebeb, 0x00ebebeb, 0xffebebeb, 0x00ebebeb, 0x00ebebeb,
  0x00ebebeb, 0xffebebeb, 0x00ebebeb, 0x00ebebeb, 0x00ebebeb, 0xffebebeb, 0x00ebebeb, 0xffebebeb, 0x00ebebeb, 0xffebebeb, 0x00ebebeb, 0x00ebebeb,
  0xffebebeb, 0xffebebeb, 0xffebebeb, 0xffebebeb, 0xffebebeb, 0xffebebeb, 0xffebebeb, 0xffebebeb, 0xffebebeb, 0xffebebeb, 0xffebebeb, 0x00ebebeb,
  0x00ebebeb, 0x00ebebeb, 0x00ebebeb, 0x00ebebeb, 0x00ebebeb, 0x00ebebeb, 0x00ebebeb, 0x00ebebeb, 0x00ebebeb, 0x00ebebeb, 0x00ebebeb, 0x00ebebeb,
  0x00ebebeb, 0x00ebebeb, 0x00ebebeb, 0x00ebebeb, 0x00ebebeb, 0x00ebebeb, 0x00ebebeb, 0x00ebebeb, 0x00ebebeb, 0x00ebebeb, 0x00ebebeb, 0x00ebebeb,
  0x00ebebeb, 0x00ebebeb, 0x00ebebeb, 0x00ebebeb, 0x00ebebeb, 0x00ebebeb, 0x00ebebeb, 0x00ebebeb, 0x00ebebeb, 0x00ebebeb, 0x00ebebeb, 0x00ebebeb,
  0x00ebebeb, 0x00ebebeb, 0x00ebebeb, 0x00ebebeb, 0x00ebebeb, 0x00ebebeb, 0x00ebebeb, 0x00ebebeb, 0x00ebebeb, 0x00ebebeb, 0x00ebebeb, 0x00ebebeb,
  0x00ebebeb, 0x00ebebeb, 0x00ebebeb, 0x00ebebeb, 0x00ebebeb, 0x00ebebeb, 0x00ebebeb, 0x00ebebeb, 0x00ebebeb, 0x00ebebeb, 0x00ebebeb, 0x00ebebeb,
  0x00ebebeb, 0xffebebeb, 0x00ebebeb, 0xffebebeb, 0x00ebebeb, 0x00ebebeb, 0x00ebebeb, 0x00ebebeb, 0x00ebebeb, 0x00ebebeb, 0xffebebeb, 0x00ebebeb,
  0x00ebebeb, 0xffebebeb, 0x00ebebeb, 0x00ebebeb, 0xffebebeb, 0x00ebebeb, 0x00ebebeb, 0x00ebebeb, 0x00ebebeb, 0x00ebebeb, 0x00ebebeb, 0x00ebebeb,
  0xffebebeb, 0x00ebebeb, 0x00ebebeb, 0xffebebeb, 0xffebebeb, 0xffebebeb, 0xffebebeb, 0xffebebeb, 0x00ebebeb, 0x00ebebeb, 0xffebebeb, 0x00ebebeb,
  0x00ebebeb, 0xffebebeb, 0x00ebebeb, 0xffebebeb, 0xffebebeb, 0xffebebeb, 0xffebebeb, 0xffebebeb, 0xffebebeb, 0xffebebeb, 0xffebebeb, 0x00ebebeb,
  0xffebebeb, 0xffebebeb, 0xffebebeb, 0xffebebeb, 0xffebebeb, 0xffebebeb, 0x00ebebeb, 0xffebebeb, 0x00ebebeb, 0xffebebeb, 0x00ebebeb, 0x00ebebeb,
  0x00ebebeb, 0xffebebeb, 0x00ebebeb, 0x00ebebeb, 0xffebebeb, 0x00ebebeb, 0x00ebebeb, 0x00ebebeb, 0x00ebebeb, 0x00ebebeb, 0xffebebeb, 0x00ebebeb,
  0x00ebebeb, 0xffebebeb, 0x00ebebeb, 0x00ebebeb, 0x00ebebeb, 0x00ebebeb, 0x00ebebeb, 0x00ebebeb, 0x00ebebeb, 0xffebebeb, 0x00ebebeb, 0x00ebebeb,
  0xffebebeb, 0x00ebebeb, 0x00ebebeb, 0xffebebeb, 0x00ebebeb, 0x00ebebeb, 0x00ebebeb, 0xffebebeb, 0x00ebebeb, 0x00ebebeb, 0xffebebeb, 0x00ebebeb,
  0x00ebebeb, 0x00ebebeb, 0x00ebebeb, 0x00ebebeb, 0x00ebebeb, 0x00ebebeb, 0x00ebebeb, 0x00ebebeb, 0x00ebebeb, 0xffebebeb, 0x00ebebeb, 0x00ebebeb,
  0x00ebebeb, 0xffebebeb, 0xffebebeb, 0xffebebeb, 0xffebebeb, 0xffebebeb, 0x00ebebeb, 0xffebebeb, 0x00ebebeb, 0xffebebeb, 0x00ebebeb, 0x00ebebeb,
  0x00ebebeb, 0x00ebebeb, 0x00ebebeb, 0x00ebebeb, 0x00ebebeb, 0xffebebeb, 0x00ebebeb, 0x00ebebeb, 0x00ebebeb, 0x00ebebeb, 0x00ebebeb, 0x00ebebeb,
  0x00ebebeb, 0x00ebebeb, 0x00ebebeb, 0x00ebebeb, 0x00ebebeb, 0x00ebebeb, 0x00ebebeb, 0x00ebebeb, 0x00ebebeb, 0x00ebebeb, 0x00ebebeb, 0x00ebebeb,
  0x00ebebeb, 0x00ebebeb, 0x00ebebeb, 0x00ebebeb, 0x00ebebeb, 0x00ebebeb, 0x00ebebeb, 0x00ebebeb, 0x00ebebeb, 0x00ebebeb, 0x00ebebeb, 0x00ebebeb,
  0x00ebebeb, 0x00ebebeb, 0x00ebebeb, 0x00ebebeb, 0x00ebebeb, 0x00ebebeb, 0x00ebebeb, 0x00ebebeb, 0x00ebebeb, 0x00ebebeb, 0x00ebebeb, 0x00ebebeb,
  0x00ebebeb, 0x00ebebeb, 0x00ebebeb, 0x00ebebeb, 0x00ebebeb, 0x00ebebeb, 0x00ebebeb, 0x00ebebeb, 0x00ebebeb, 0x00ebebeb, 0x00ebebeb, 0x00ebebeb,
  0x00ebebeb, 0x00ebebeb, 0x00ebebeb, 0x00ebebeb, 0x00ebebeb, 0x00ebebeb, 0x00ebebeb, 0x00ebebeb, 0x00ebebeb, 0x00ebebeb, 0x00ebebeb, 0x00ebebeb,
  0x00ebebeb, 0xffebebeb, 0x00ebebeb, 0xffebebeb, 0x00ebebeb, 0x00ebebeb, 0x00ebebeb, 0x00ebebeb, 0x00ebebeb, 0x00ebebeb, 0xffebebeb, 0x00ebebeb,
  0x00ebebeb, 0xffebebeb, 0x00ebebeb, 0x00ebebeb, 0xffebebeb, 0xffebebeb, 0xffebebeb, 0xffebebeb, 0xffebebeb, 0xffebebeb, 0x00ebebeb, 0x00ebebeb,
  0xffebebeb, 0x00ebebeb, 0x00ebebeb, 0xffebebeb, 0x00ebebeb, 0x00ebebeb, 0x00ebebeb, 0xffebebeb, 0x00ebebeb, 0x00ebebeb, 0xffebebeb, 0x00ebebeb,
  0x00ebebeb, 0xffebebeb, 0xffebebeb, 0x00ebebeb, 0x00ebebeb, 0x00ebebeb, 0xffebebeb, 0x00ebebeb, 0x00ebebeb, 0x00ebebeb, 0x00ebebeb, 0x00ebebeb,
  0x00ebebeb, 0x00ebebeb, 0x00ebebeb, 0xffebebeb, 0x00ebebeb, 0x00ebebeb, 0x00ebebeb, 0xffebebeb, 0x00ebebeb, 0xffebebeb, 0x00ebebeb, 0x00ebebeb,
  0x00ebebeb, 0xffebebeb, 0x00ebebeb, 0x00ebebeb, 0xffebebeb, 0x00ebebeb, 0x00ebebeb, 0x00ebebeb, 0x00ebebeb, 0x00ebebeb, 0xffebebeb, 0x00ebebeb,
  0xffebebeb, 0xffebebeb, 0xffebebeb, 0xffebebeb, 0xffebebeb, 0xffebebeb, 0xffebebeb, 0xffebebeb, 0xffebebeb, 0xffebebeb, 0xffebebeb, 0x00ebebeb,
  0xffebebeb, 0x00ebebeb, 0x00ebebeb, 0xffebebeb, 0x00ebebeb, 0x00ebebeb, 0x00ebebeb, 0xffebebeb, 0x00ebebeb, 0x00ebebeb, 0xffebebeb, 0x00ebebeb,
  0x00ebebeb, 0xffebebeb, 0xffebebeb, 0xffebebeb, 0xffebebeb, 0xffebebeb, 0xffebebeb, 0xffebebeb, 0xffebebeb, 0xffebebeb, 0x00ebebeb, 0x00ebebeb,
  0x00ebebeb, 0xffebebeb, 0x00ebebeb, 0x00ebebeb, 0x00ebebeb, 0xffebebeb, 0x00ebebeb, 0xffebebeb, 0x00ebebeb, 0xffebebeb, 0x00ebebeb, 0x00ebebeb,
  0x00ebebeb, 0x00ebebeb, 0x00ebebeb, 0x00ebebeb, 0x00ebebeb, 0xffebebeb, 0x00ebebeb, 0x00ebebeb, 0x00ebebeb, 0x00ebebeb, 0x00ebebeb, 0x00ebebeb,
  0x00ebebeb, 0x00ebebeb, 0x00ebebeb, 0x00ebebeb, 0x00ebebeb, 0x00ebebeb, 0x00ebebeb, 0x00ebebeb, 0x00ebebeb, 0x00ebebeb, 0x00ebebeb, 0x00ebebeb,
  0x00ebebeb, 0x00ebebeb, 0x00ebebeb, 0x00ebebeb, 0x00ebebeb, 0x00ebebeb, 0x00ebebeb, 0x00ebebeb, 0x00ebebeb, 0x00ebebeb, 0x00ebebeb, 0x00ebebeb,
  0x00ebebeb, 0x00ebebeb, 0x00ebebeb, 0x00ebebeb, 0x00ebebeb, 0x00ebebeb, 0x00ebebeb, 0x00ebebeb, 0x00ebebeb, 0x00ebebeb, 0x00ebebeb, 0x00ebebeb,
  0x00ebebeb, 0x00ebebeb, 0x00ebebeb, 0x00ebebeb, 0x00ebebeb, 0x00ebebeb, 0x00ebebeb, 0x00ebebeb, 0x00ebebeb, 0x00ebebeb, 0x00ebebeb, 0x00ebebeb,
  0x00ebebeb, 0x00ebebeb, 0x00ebebeb, 0x00ebebeb, 0x00ebebeb, 0x00ebebeb, 0x00ebebeb, 0x00ebebeb, 0x00ebebeb, 0x00ebebeb, 0x00ebebeb, 0x00ebebeb,
  0xffebebeb, 0x00ebebeb, 0x00ebebeb, 0xffebebeb, 0x00ebebeb, 0x00ebebeb, 0x00ebebeb, 0x00ebebeb, 0xffebebeb, 0x00ebebeb, 0xffebebeb, 0x00ebebeb,
  0x00ebebeb, 0xffebebeb, 0x00ebebeb, 0x00ebebeb, 0xffebebeb, 0x00ebebeb, 0x00ebebeb, 0x00ebebeb, 0x00ebebeb, 0xffebebeb, 0x00ebebeb, 0x00ebebeb,
  0xffebebeb, 0x00ebebeb, 0x00ebebeb, 0xffebebeb, 0x00ebebeb, 0x00ebebeb, 0x00ebebeb, 0xffebebeb, 0x00ebebeb, 0x00ebebeb, 0xffebebeb, 0x00ebebeb,
  0xffebebeb, 0xffebebeb, 0x00ebebeb, 0x00ebebeb, 0x00ebebeb, 0xffebebeb, 0x00ebebeb, 0xffebebeb, 0x00ebebeb, 0x00ebebeb, 0x00ebebeb, 0x00ebebeb,
  0x00ebebeb, 0x00ebebeb, 0x00ebebeb, 0x00ebebeb, 0x00ebebeb, 0xffebebeb, 0xffebebeb, 0xffebebeb, 0xffebebeb, 0xffebebeb, 0x00ebebeb, 0x00ebebeb,
  0x00ebebeb, 0xffebebeb, 0xffebebeb, 0xffebebeb, 0xffebebeb, 0xffebebeb, 0xffebebeb, 0xffebebeb, 0x00ebebeb, 0x00ebebeb, 0x00ebebeb, 0x00ebebeb,
  0x00ebebeb, 0x00ebebeb, 0x00ebebeb, 0x00ebebeb, 0x00ebebeb, 0xffebebeb, 0xffebebeb, 0x00ebebeb, 0x00ebebeb, 0x00ebebeb, 0x00ebebeb, 0x00ebebeb,
  0x00ebebeb, 0x00ebebeb, 0xffebebeb, 0xffebebeb, 0xffebebeb, 0xffebebeb, 0xffebebeb, 0xffebebeb, 0xffebebeb, 0xffebebeb, 0x00ebebeb, 0x00ebebeb,
  0x00ebebeb, 0x00ebebeb, 0x00ebebeb, 0x00ebebeb, 0x00ebebeb, 0xffebebeb, 0xffebebeb, 0x00ebebeb, 0x00ebebeb, 0x00ebebeb, 0x00ebebeb, 0x00ebebeb,
  0x00ebebeb, 0x00ebebeb, 0x00ebebeb, 0x00ebebeb, 0x00ebebeb, 0xffebebeb, 0xffebebeb, 0x00ebebeb, 0x00ebebeb, 0x00ebebeb, 0x00ebebeb, 0x00ebebeb,
  0x00ebebeb, 0xffebebeb, 0xffebebeb, 0xffebebeb, 0xffebebeb, 0xffebebeb, 0xffebebeb, 0xffebebeb, 0xffebebeb, 0xffebebeb, 0xffebebeb, 0x00ebebeb,
  0x00ebebeb, 0x00ebebeb, 0x00ebebeb, 0xffebebeb, 0xffebebeb, 0xffebebeb, 0x00ebebeb, 0x00ebebeb, 0x00ebebeb, 0x00ebebeb, 0x00ebebeb, 0x00ebebeb,
  0x00ebebeb, 0x00ebebeb, 0x00ebebeb, 0xffebebeb, 0xffebebeb, 0x00ebebeb, 0x00ebebeb, 0x00ebebeb, 0xffebebeb, 0x00ebebeb, 0x00ebebeb, 0x00ebebeb,
  0x00ebebeb, 0x00ebebeb, 0xffebebeb, 0xffebebeb, 0x00ebebeb, 0x00ebebeb, 0x00ebebeb, 0x00ebebeb, 0xffebebeb, 0xffebebeb, 0x00ebebeb, 0x00ebebeb,
  0x00ebebeb, 0xffebebeb, 0xffebebeb, 0xffebebeb, 0xffebebeb, 0xffebebeb, 0xffebebeb, 0xffebebeb, 0xffebebeb, 0xffebebeb, 0xffebebeb, 0x00ebebeb,
  0x00ebebeb, 0x00ebebeb, 0x00ebebeb, 0x00ebebeb, 0x00ebebeb, 0x00ebebeb, 0x00ebebeb, 0x00ebebeb, 0x00ebebeb, 0xffebebeb, 0xffebebeb, 0x00ebebeb,
  0x00ebebeb, 0x00ebebeb, 0xffebebeb, 0x00ebebeb, 0x00ebebeb, 0xffebebeb, 0x00ebebeb, 0x00ebebeb, 0x00ebebeb, 0xffebebeb, 0x00ebebeb, 0x00ebebeb,
  0x00ebebeb, 0x00ebebeb, 0xffebebeb, 0xffebebeb, 0x00ebebeb, 0xffebebeb, 0xffebebeb, 0x00ebebeb, 0xffebebeb, 0xffebebeb, 0x00ebebeb, 0x00ebebeb,
  0x00ebebeb, 0x00ebebeb, 0xffebebeb, 0xffebebeb, 0x00ebebeb, 0xffebebeb, 0xffebebeb, 0xffebebeb, 0xffebebeb, 0x00ebebeb, 0x00ebebeb, 0x00ebebeb,
  0x00ebebeb, 0xffebebeb, 0xffebebeb, 0xffebebeb, 0xffebebeb, 0xffebebeb, 0xffebebeb, 0xffebebeb, 0xffebebeb, 0xffebebeb, 0xffebebeb, 0x00ebebeb,
  0x00ebebeb, 0x00ebebeb, 0x00ebebeb, 0xffebebeb, 0x00ebebeb, 0x00ebebeb, 0x00ebebeb, 0x00ebebeb, 0xffebebeb, 0x00ebebeb, 0x00ebebeb, 0x00ebebeb,
  0x00ebebeb, 0x00ebebeb, 0xffebebeb, 0xffebebeb, 0x00ebebeb, 0xffebebeb, 0xffebebeb, 0x00ebebeb, 0x00ebebeb, 0xffebebeb, 0xffebebeb, 0x00ebebeb,
  0xffebebeb, 0xffebebeb, 0x00ebebeb, 0xffebebeb, 0xffebebeb, 0xffebebeb, 0xffebebeb, 0xffebebeb, 0xffebebeb, 0x00ebebeb, 0xffebebeb, 0x00ebebeb,
  0x00ebebeb, 0x00ebebeb, 0x00ebebeb, 0x00ebebeb, 0x00ebebeb, 0xffebebeb, 0xffebebeb, 0x00ebebeb, 0x00ebebeb, 0x00ebebeb, 0x00ebebeb, 0x00ebebeb,
  0x00ebebeb, 0x00ebebeb, 0x00ebebeb, 0x00ebebeb, 0x00ebebeb, 0xffebebeb, 0xffebebeb, 0x00ebebeb, 0x00ebebeb, 0x00ebebeb, 0x00ebebeb, 0x00ebebeb,
  0x00ebebeb, 0xffebebeb, 0xffebebeb, 0xffebebeb, 0xffebebeb, 0xffebebeb, 0xffebebeb, 0xffebebeb, 0xffebebeb, 0xffebebeb, 0xffebebeb, 0x00ebebeb,
  0x00ebebeb, 0x00ebebeb, 0x00ebebeb, 0x00ebebeb, 0x00ebebeb, 0xffebebeb, 0xffebebeb, 0x00ebebeb, 0x00ebebeb, 0x00ebebeb, 0x00ebebeb, 0x00ebebeb,
  0x00ebebeb, 0x00ebebeb, 0x00ebebeb, 0x00ebebeb, 0x00ebebeb, 0xffebebeb, 0xffebebeb, 0x00ebebeb, 0x00ebebeb, 0x00ebebeb, 0x00ebebeb, 0x00ebebeb,
  0x00ebebeb, 0x00ebebeb, 0x00ebebeb, 0x00ebebeb, 0x00ebebeb, 0xffebebeb, 0xffebebeb, 0x00ebebeb, 0x00ebebeb, 0x00ebebeb, 0x00ebebeb, 0x00ebebeb,
  0x00ebebeb, 0xffebebeb, 0xffebebeb, 0xffebebeb, 0xffebebeb, 0xffebebeb, 0xffebebeb, 0xffebebeb, 0xffebebeb, 0xffebebeb, 0xffebebeb, 0x00ebebeb,
  0x00ebebeb, 0x00ebebeb, 0x00ebebeb, 0xffebebeb, 0x00ebebeb, 0x00ebebeb, 0x00ebebeb, 0x00ebebeb, 0xffebebeb, 0x00ebebeb, 0x00ebebeb, 0x00ebebeb,
  0x00ebebeb, 0x00ebebeb, 0xffebebeb, 0xffebebeb, 0x00ebebeb, 0x00ebebeb, 0x00ebebeb, 0x00ebebeb, 0xffebebeb, 0xffebebeb, 0x00ebebeb, 0x00ebebeb,
  0x00ebebeb, 0xffebebeb, 0xffebebeb, 0xffebebeb, 0x00ebebeb, 0x00ebebeb, 0x00ebebeb, 0x00ebebeb, 0x00ebebeb, 0xffebebeb, 0xffebebeb, 0x00ebebeb,
  0x00ebebeb, 0xffebebeb, 0x00ebebeb, 0x00ebebeb, 0xffebebeb, 0x00ebebeb, 0x00ebebeb, 0xffebebeb, 0xffebebeb, 0x00ebebeb, 0x00ebebeb, 0x00ebebeb,
  0x00ebebeb, 0x00ebebeb, 0x00ebebeb, 0x00ebebeb, 0xffebebeb, 0xffebebeb, 0xffebebeb, 0xffebebeb, 0x00ebebeb, 0x00ebebeb, 0x00ebebeb, 0x00ebebeb,
  0x00ebebeb, 0x00ebebeb, 0x00ebebeb, 0x00ebebeb, 0x00ebebeb, 0xffebebeb, 0xffebebeb, 0x00ebebeb, 0x00ebebeb, 0x00ebebeb, 0x00ebebeb, 0x00ebebeb,
  0x00ebebeb, 0x00ebebeb, 0x00ebebeb, 0x00ebebeb, 0xffebebeb, 0xffebebeb, 0xffebebeb, 0xffebebeb, 0x00ebebeb, 0x00ebebeb, 0x00ebebeb, 0x00ebebeb,
  0x00ebebeb, 0xffebebeb, 0xffebebeb, 0xffebebeb, 0xffebebeb, 0x00ebebeb, 0x00ebebeb, 0xffebebeb, 0xffebebeb, 0xffebebeb, 0xffebebeb, 0x00ebebeb,
  0x00ebebeb, 0xffebebeb, 0xffebebeb, 0x00ebebeb, 0x00ebebeb, 0x00ebebeb, 0x00ebebeb, 0x00ebebeb, 0x00ebebeb, 0xffebebeb, 0xffebebeb, 0x00ebebeb,
  0x00ebebeb, 0x00ebebeb, 0x00ebebeb, 0x00ebebeb, 0x00ebebeb, 0x00ebebeb, 0x00ebebeb, 0x00ebebeb, 0x00ebebeb, 0x00ebebeb, 0x00ebebeb, 0x00ebebeb,
  0x00ebebeb, 0x00ebebeb, 0x00ebebeb, 0xffebebeb, 0x00ebebeb, 0x00ebebeb, 0x00ebebeb, 0x00ebebeb, 0x00ebebeb, 0xffebebeb, 0x00ebebeb, 0x00ebebeb,
  0x00ebebeb, 0x00ebebeb, 0x00ebebeb, 0xffebebeb, 0xffebebeb, 0xffebebeb, 0xffebebeb, 0xffebebeb, 0xffebebeb, 0xffebebeb, 0xffebebeb, 0x00ebebeb,
  0x00ebebeb, 0x00ebebeb, 0xffebebeb, 0xffebebeb, 0xffebebeb, 0xffebebeb, 0xffebebeb, 0xffebebeb, 0xffebebeb, 0x00ebebeb, 0x00ebebeb, 0x00ebebeb,
  0x00ebebeb, 0xffebebeb, 0xffebebeb, 0x00ebebeb, 0x00ebebeb, 0x00ebebeb, 0x00ebebeb, 0xffebebeb, 0xffebebeb, 0x00ebebeb, 0x00ebebeb, 0x00ebebeb,
  0x00ebebeb, 0xffebebeb, 0xffebebeb, 0x00ebebeb, 0x00ebebeb, 0x00ebebeb, 0x00ebebeb, 0xffebebeb, 0xffebebeb, 0x00ebebeb, 0x00ebebeb, 0x00ebebeb,
  0xffebebeb, 0xffebebeb, 0xffebebeb, 0x00ebebeb, 0x00ebebeb, 0x00ebebeb, 0x00ebebeb, 0xffebebeb, 0xffebebeb, 0x00ebebeb, 0x00ebebeb, 0x00ebebeb,
  0x00ebebeb, 0x00ebebeb, 0xffebebeb, 0xffebebeb, 0xffebebeb, 0xffebebeb, 0xffebebeb, 0xffebebeb, 0xffebebeb, 0xffebebeb, 0xffebebeb, 0xffebebeb,
  0x00ebebeb, 0x00ebebeb, 0xffebebeb, 0x00ebebeb, 0x00ebebeb, 0x00ebebeb, 0x00ebebeb, 0xffebebeb, 0xffebebeb, 0x00ebebeb, 0x00ebebeb, 0x00ebebeb,
  0x00ebebeb, 0x00ebebeb, 0xffebebeb, 0x00ebebeb, 0x00ebebeb, 0x00ebebeb, 0x00ebebeb, 0xffebebeb, 0xffebebeb, 0x00ebebeb, 0x00ebebeb, 0x00ebebeb,
  0x00ebebeb, 0x00ebebeb, 0xffebebeb, 0x00ebebeb, 0x00ebebeb, 0x00ebebeb, 0x00ebebeb, 0xffebebeb, 0xffebebeb, 0x00ebebeb, 0x00ebebeb, 0x00ebebeb,
  0x00ebebeb, 0x00ebebeb, 0xffebebeb, 0x00ebebeb, 0xffebebeb, 0xffebebeb, 0xffebebeb, 0xffebebeb, 0xffebebeb, 0xffebebeb, 0xffebebeb, 0x00ebebeb,
  0x00ebebeb, 0x00ebebeb, 0xffebebeb, 0x00ebebeb, 0x00ebebeb, 0x00ebebeb, 0x00ebebeb, 0x00ebebeb, 0x00ebebeb, 0x00ebebeb, 0x00ebebeb, 0x00ebebeb,
  0x00ebebeb, 0x00ebebeb, 0xffebebeb, 0xffebebeb, 0x00ebebeb, 0xffebebeb, 0xffebebeb, 0xffebebeb, 0xffebebeb, 0xffebebeb, 0xffebebeb, 0x00ebebeb,
  0x00ebebeb, 0x00ebebeb, 0xffebebeb, 0xffebebeb, 0x00ebebeb, 0xffebebeb, 0x00ebebeb, 0x00ebebeb, 0x00ebebeb, 0x00ebebeb, 0xffebebeb, 0x00ebebeb,
  0x00ebebeb, 0xffebebeb, 0xffebebeb, 0x00ebebeb, 0x00ebebeb, 0xffebebeb, 0x00ebebeb, 0x00ebebeb, 0x00ebebeb, 0xffebebeb, 0xffebebeb, 0x00ebebeb,
  0xffebebeb, 0xffebebeb, 0xffebebeb, 0x00ebebeb, 0x00ebebeb, 0xffebebeb, 0xffebebeb, 0xffebebeb, 0xffebebeb, 0xffebebeb, 0xffebebeb, 0x00ebebeb,
  0x00ebebeb, 0xffebebeb, 0xffebebeb, 0x00ebebeb, 0x00ebebeb, 0x00ebebeb, 0x00ebebeb, 0xffebebeb, 0x00ebebeb, 0x00ebebeb, 0x00ebebeb, 0x00ebebeb,
  0x00ebebeb, 0x00ebebeb, 0xffebebeb, 0x00ebebeb, 0xffebebeb, 0xffebebeb, 0xffebebeb, 0xffebebeb, 0xffebebeb, 0xffebebeb, 0xffebebeb, 0xffebebeb,
  0x00ebebeb, 0x00ebebeb, 0xffebebeb, 0x00ebebeb, 0x00ebebeb, 0x00ebebeb, 0xffebebeb, 0xffebebeb, 0xffebebeb, 0xffebebeb, 0x00ebebeb, 0x00ebebeb,
  0x00ebebeb, 0x00ebebeb, 0xffebebeb, 0x00ebebeb, 0x00ebebeb, 0xffebebeb, 0xffebebeb, 0xffebebeb, 0xffebebeb, 0xffebebeb, 0x00ebebeb, 0x00ebebeb,
  0x00ebebeb, 0x00ebebeb, 0xffebebeb, 0x00ebebeb, 0xffebebeb, 0xffebebeb, 0x00ebebeb, 0xffebebeb, 0x00ebebeb, 0xffebebeb, 0xffebebeb, 0x00ebebeb,
  0x00ebebeb, 0x00ebebeb, 0xffebebeb, 0xffebebeb, 0xffebebeb, 0xffebebeb, 0x00ebebeb, 0xffebebeb, 0x00ebebeb, 0x00ebebeb, 0xffebebeb, 0xffebebeb,
  0x00ebebeb, 0x00ebebeb, 0xffebebeb, 0x00ebebeb, 0x00ebebeb, 0x00ebebeb, 0x00ebebeb, 0xffebebeb, 0x00ebebeb, 0x00ebebeb, 0x00ebebeb, 0x00ebebeb,
  0x00ebebeb, 0x00ebebeb, 0x00ebebeb, 0x00ebebeb, 0x00ebebeb, 0x00ebebeb, 0x00ebebeb, 0x00ebebeb, 0x00ebebeb, 0x00ebebeb, 0x00ebebeb, 0x00ebebeb,
  0x00ebebeb, 0x00ebebeb, 0xffebebeb, 0xffebebeb, 0x00ebebeb, 0xffebebeb, 0xffebebeb, 0x00ebebeb, 0x00ebebeb, 0x00ebebeb, 0x00ebebeb, 0x00ebebeb,
  0x00ebebeb, 0x00ebebeb, 0xffebebeb, 0x00ebebeb, 0x00ebebeb, 0xffebebeb, 0xffebebeb, 0xffebebeb, 0xffebebeb, 0x00ebebeb, 0x00ebebeb, 0x00ebebeb,
  0x00ebebeb, 0x00ebebeb, 0xffebebeb, 0x00ebebeb, 0xffebebeb, 0xffebebeb, 0x00ebebeb, 0xffebebeb, 0xffebebeb, 0x00ebebeb, 0x00ebebeb, 0x00ebebeb,
  0x00ebebeb, 0xffebebeb, 0xffebebeb, 0xffebebeb, 0xffebebeb, 0xffebebeb, 0xffebebeb, 0xffebebeb, 0xffebebeb, 0xffebebeb, 0xffebebeb, 0x00ebebeb,
  0xffebebeb, 0xffebebeb, 0xffebebeb, 0x00ebebeb, 0xffebebeb, 0x00ebebeb, 0x00ebebeb, 0xffebebeb, 0x00ebebeb, 0x00ebebeb, 0xffebebeb, 0x00ebebeb,
  0xffebebeb, 0xffebebeb, 0xffebebeb, 0x00ebebeb, 0xffebebeb, 0xffebebeb, 0xffebebeb, 0xffebebeb, 0xffebebeb, 0xffebebeb, 0xffebebeb, 0x00ebebeb,
  0x00ebebeb, 0xffebebeb, 0xffebebeb, 0x00ebebeb, 0x00ebebeb, 0xffebebeb, 0xffebebeb, 0x00ebebeb, 0xffebebeb, 0x00ebebeb, 0xffebebeb, 0x00ebebeb,
  0x00ebebeb, 0x00ebebeb, 0xffebebeb, 0x00ebebeb, 0xffebebeb, 0xffebebeb, 0xffebebeb, 0xffebebeb, 0xffebebeb, 0xffebebeb, 0xffebebeb, 0x00ebebeb,
  0x00ebebeb, 0x00ebebeb, 0xffebebeb, 0x00ebebeb, 0xffebebeb, 0xffebebeb, 0x00ebebeb, 0xffebebeb, 0xffebebeb, 0xffebebeb, 0x00ebebeb, 0x00ebebeb,
  0x00ebebeb, 0x00ebebeb, 0xffebebeb, 0x00ebebeb, 0x00ebebeb, 0x00ebebeb, 0xffebebeb, 0xffebebeb, 0xffebebeb, 0xffebebeb, 0xffebebeb, 0x00ebebeb,
  0x00ebebeb, 0x00ebebeb, 0xffebebeb, 0x00ebebeb, 0xffebebeb, 0xffebebeb, 0x00ebebeb, 0xffebebeb, 0x00ebebeb, 0x00ebebeb, 0xffebebeb, 0xffebebeb,
  0x00ebebeb, 0x00ebebeb, 0xffebebeb, 0x00ebebeb, 0x00ebebeb, 0x00ebebeb, 0xffebebeb, 0xffebebeb, 0x00ebebeb, 0x00ebebeb, 0x00ebebeb, 0x00ebebeb,
  0x00ebebeb, 0x00ebebeb, 0x00ebebeb, 0xffebebeb, 0xffebebeb, 0xffebebeb, 0xffebebeb, 0x00ebebeb, 0x00ebebeb, 0x00ebebeb, 0x00ebebeb, 0x00ebebeb,
  0x00ebebeb, 0x00ebebeb, 0x00ebebeb, 0x00ebebeb, 0x00ebebeb, 0x00ebebeb, 0xffebebeb, 0x00ebebeb, 0x00ebebeb, 0x00ebebeb, 0x00ebebeb, 0x00ebebeb,
  0x00ebebeb, 0x00ebebeb, 0x00ebebeb, 0x00ebebeb, 0x00ebebeb, 0xffebebeb, 0xffebebeb, 0x00ebebeb, 0x00ebebeb, 0x00ebebeb, 0x00ebebeb, 0x00ebebeb,
  0x00ebebeb, 0x00ebebeb, 0x00ebebeb, 0x00ebebeb, 0x00ebebeb, 0xffebebeb, 0xffebebeb, 0x00ebebeb, 0x00ebebeb, 0x00ebebeb, 0x00ebebeb, 0x00ebebeb,
  0x00ebebeb, 0x00ebebeb, 0x00ebebeb, 0x00ebebeb, 0xffebebeb, 0xffebebeb, 0xffebebeb, 0xffebebeb, 0x00ebebeb, 0x00ebebeb, 0x00ebebeb, 0x00ebebeb,
  0x00ebebeb, 0x00ebebeb, 0x00ebebeb, 0x00ebebeb, 0xffebebeb, 0xffebebeb, 0xffebebeb, 0xffebebeb, 0x00ebebeb, 0x00ebebeb, 0x00ebebeb, 0x00ebebeb,
  0x00ebebeb, 0x00ebebeb, 0x00ebebeb, 0xffebebeb, 0xffebebeb, 0x00ebebeb, 0x00ebebeb, 0xffebebeb, 0xffebebeb, 0x00ebebeb, 0x00ebebeb, 0x00ebebeb,
  0x00ebebeb, 0x00ebebeb, 0x00ebebeb, 0xffebebeb, 0xffebebeb, 0x00ebebeb, 0x00ebebeb, 0xffebebeb, 0xffebebeb, 0x00ebebeb, 0x00ebebeb, 0x00ebebeb,
  0x00ebebeb, 0x00ebebeb, 0xffebebeb, 0xffebebeb, 0x00ebebeb, 0x00ebebeb, 0x00ebebeb, 0x00ebebeb, 0xffebebeb, 0xffebebeb, 0x00ebebeb, 0x00ebebeb,
  0x00ebebeb, 0xffebebeb, 0xffebebeb, 0x00ebebeb, 0x00ebebeb, 0x00ebebeb, 0x00ebebeb, 0x00ebebeb, 0x00ebebeb, 0xffebebeb, 0xffebebeb, 0x00ebebeb,
  0x00ebebeb, 0xffebebeb, 0x00ebebeb, 0x00ebebeb, 0x00ebebeb, 0x00ebebeb, 0x00ebebeb, 0x00ebebeb, 0x00ebebeb, 0x00ebebeb, 0xffebebeb, 0x00ebebeb,
  0x00ebebeb, 0x00ebebeb, 0x00ebebeb, 0x00ebebeb, 0x00ebebeb, 0x00ebebeb, 0x00ebebeb, 0x00ebebeb, 0x00ebebeb, 0x00ebebeb, 0x00ebebeb, 0x00ebebeb,
  0x00ebebeb, 0xffebebeb, 0xffebebeb, 0xffebebeb, 0xffebebeb, 0xffebebeb, 0xffebebeb, 0xffebebeb, 0xffebebeb, 0xffebebeb, 0xffebebeb, 0x00ebebeb,
  0x00ebebeb, 0xffebebeb, 0x00ebebeb, 0x00ebebeb, 0xffebebeb, 0x00ebebeb, 0x00ebebeb, 0x00ebebeb, 0x00ebebeb, 0x00ebebeb, 0xffebebeb, 0x00ebebeb,
  0x00ebebeb, 0x00ebebeb, 0xffebebeb, 0xffebebeb, 0xffebebeb, 0xffebebeb, 0xffebebeb, 0xffebebeb, 0xffebebeb, 0xffebebeb, 0x00ebebeb, 0x00ebebeb,
  0x00ebebeb, 0x00ebebeb, 0x00ebebeb, 0xffebebeb, 0xffebebeb, 0x00ebebeb, 0x00ebebeb, 0x00ebebeb, 0x00ebebeb, 0x00ebebeb, 0x00ebebeb, 0x00ebebeb,
  0x00ebebeb, 0x00ebebeb, 0x00ebebeb, 0xffebebeb, 0x00ebebeb, 0x00ebebeb, 0xffebebeb, 0x00ebebeb, 0x00ebebeb, 0x00ebebeb, 0x00ebebeb, 0x00ebebeb,
  0x00ebebeb, 0x00ebebeb, 0xffebebeb, 0xffebebeb, 0xffebebeb, 0xffebebeb, 0xffebebeb, 0xffebebeb, 0xffebebeb, 0xffebebeb, 0x00ebebeb, 0x00ebebeb,
  0x00ebebeb, 0x00ebebeb, 0x00ebebeb, 0x00ebebeb, 0x00ebebeb, 0x00ebebeb, 0xffebebeb, 0x00ebebeb, 0x00ebebeb, 0x00ebebeb, 0x00ebebeb, 0x00ebebeb,
  0x00ebebeb, 0x00ebebeb, 0x00ebebeb, 0x00ebebeb, 0x00ebebeb, 0x00ebebeb, 0xffebebeb, 0x00ebebeb, 0x00ebebeb, 0x00ebebeb, 0x00ebebeb, 0x00ebebeb,
  0x00ebebeb, 0xffebebeb, 0xffebebeb, 0xffebebeb, 0xffebebeb, 0xffebebeb, 0xffebebeb, 0xffebebeb, 0xffebebeb, 0xffebebeb, 0xffebebeb, 0x00ebebeb,
  0x00ebebeb, 0x00ebebeb, 0x00ebebeb, 0x00ebebeb, 0x00ebebeb, 0xffebebeb, 0xffebebeb, 0x00ebebeb, 0x00ebebeb, 0x00ebebeb, 0x00ebebeb, 0x00ebebeb,
  0x00ebebeb, 0x00ebebeb, 0x00ebebeb, 0x00ebebeb, 0x00ebebeb, 0x00ebebeb, 0xffebebeb, 0x00ebebeb, 0x00ebebeb, 0x00ebebeb, 0x00ebebeb, 0x00ebebeb,
  0x00ebebeb, 0x00ebebeb, 0x00ebebeb, 0x00ebebeb, 0x00ebebeb, 0x00ebebeb, 0x00ebebeb, 0x00ebebeb, 0x00ebebeb, 0x00ebebeb, 0x00ebebeb, 0x00ebebeb,
  0x00ebebeb, 0x00ebebeb, 0x00ebebeb, 0x00ebebeb, 0xffebebeb, 0x00ebebeb, 0x00ebebeb, 0x00ebebeb, 0x00ebebeb, 0x00ebebeb, 0x00ebebeb, 0x00ebebeb,
  0x00ebebeb, 0x00ebebeb, 0x00ebebeb, 0xffebebeb, 0xffebebeb, 0xffebebeb, 0xffebebeb, 0xffebebeb, 0xffebebeb, 0xffebebeb, 0x00ebebeb, 0x00ebebeb,
  0x00ebebeb, 0xffebebeb, 0xffebebeb, 0xffebebeb, 0x00ebebeb, 0x00ebebeb, 0x00ebebeb, 0x00ebebeb, 0xffebebeb, 0xffebebeb, 0x00ebebeb, 0x00ebebeb,
  0x00ebebeb, 0xffebebeb, 0xffebebeb, 0xffebebeb, 0xffebebeb, 0x00ebebeb, 0xffebebeb, 0xffebebeb, 0xffebebeb, 0x00ebebeb, 0x00ebebeb, 0x00ebebeb,
  0x00ebebeb, 0x00ebebeb, 0x00ebebeb, 0x00ebebeb, 0xffebebeb, 0xffebebeb, 0xffebebeb, 0xffebebeb, 0x00ebebeb, 0x00ebebeb, 0x00ebebeb, 0x00ebebeb,
  0x00ebebeb, 0xffebebeb, 0xffebebeb, 0xffebebeb, 0xffebebeb, 0x00ebebeb, 0x00ebebeb, 0xffebebeb, 0xffebebeb, 0xffebebeb, 0xffebebeb, 0x00ebebeb,
  0x00ebebeb, 0x00ebebeb, 0x00ebebeb, 0x00ebebeb, 0x00ebebeb, 0xffebebeb, 0x00ebebeb, 0x00ebebeb, 0x00ebebeb, 0x00ebebeb, 0x00ebebeb, 0x00ebebeb,
  0x00ebebeb, 0xffebebeb, 0xffebebeb, 0xffebebeb, 0xffebebeb, 0xffebebeb, 0xffebebeb, 0xffebebeb, 0xffebebeb, 0xffebebeb, 0xffebebeb, 0x00ebebeb,
  0x00ebebeb, 0x00ebebeb, 0x00ebebeb, 0x00ebebeb, 0xffebebeb, 0xffebebeb, 0x00ebebeb, 0x00ebebeb, 0x00ebebeb, 0xffebebeb, 0x00ebebeb, 0x00ebebeb,
  0x00ebebeb, 0x00ebebeb, 0x00ebebeb, 0xffebebeb, 0xffebebeb, 0x00ebebeb, 0x00ebebeb, 0x00ebebeb, 0x00ebebeb, 0xffebebeb, 0x00ebebeb, 0x00ebebeb,
  0x00ebebeb, 0x00ebebeb, 0xffebebeb, 0xffebebeb, 0x00ebebeb, 0x00ebebeb, 0x00ebebeb, 0x00ebebeb, 0xffebebeb, 0xffebebeb, 0x00ebebeb, 0x00ebebeb,
  0x00ebebeb, 0xffebebeb, 0xffebebeb, 0x00ebebeb, 0x00ebebeb, 0x00ebebeb, 0xffebebeb, 0xffebebeb, 0xffebebeb, 0xffebebeb, 0x00ebebeb, 0x00ebebeb,
  0x00ebebeb, 0xffebebeb, 0xffebebeb, 0xffebebeb, 0xffebebeb, 0xffebebeb, 0x00ebebeb, 0xffebebeb, 0xffebebeb, 0x00ebebeb, 0x00ebebeb, 0x00ebebeb,
  0x00ebebeb, 0x00ebebeb, 0x00ebebeb, 0x00ebebeb, 0x00ebebeb, 0x00ebebeb, 0x00ebebeb, 0xffebebeb, 0xffebebeb, 0x00ebebeb, 0x00ebebeb, 0x00ebebeb,
  0x00ebebeb, 0x00ebebeb, 0x00ebebeb, 0x00ebebeb, 0x00ebebeb, 0x00ebebeb, 0xffebebeb, 0xffebebeb, 0xffebebeb, 0xffebebeb, 0xffebebeb, 0x00ebebeb,
  0x00ebebeb, 0xffebebeb, 0xffebebeb, 0xffebebeb, 0xffebebeb, 0xffebebeb, 0x00ebebeb, 0xffebebeb, 0xffebebeb, 0x00ebebeb, 0xffebebeb, 0x00ebebeb,
  0x00ebebeb, 0x00ebebeb, 0xffebebeb, 0xffebebeb, 0x00ebebeb, 0x00ebebeb, 0x00ebebeb, 0xffebebeb, 0xffebebeb, 0x00ebebeb, 0xffebebeb, 0x00ebebeb,
  0x00ebebeb, 0x00ebebeb, 0xffebebeb, 0x00ebebeb, 0xffebebeb, 0x00ebebeb, 0x00ebebeb, 0xffebebeb, 0xffebebeb, 0x00ebebeb, 0xffebebeb, 0x00ebebeb,
  0x00ebebeb, 0x00ebebeb, 0xffebebeb, 0x00ebebeb, 0xffebebeb, 0xffebebeb, 0x00ebebeb, 0xffebebeb, 0x00ebebeb, 0x00ebebeb, 0xffebebeb, 0x00ebebeb,
  0x00ebebeb, 0xffebebeb, 0xffebebeb, 0xffebebeb, 0xffebebeb, 0xffebebeb, 0x00ebebeb, 0xffebebeb, 0x00ebebeb, 0x00ebebeb, 0xffebebeb, 0x00ebebeb,
  0x00ebebeb, 0xffebebeb, 0xffebebeb, 0xffebebeb, 0xffebebeb, 0xffebebeb, 0xffebebeb, 0xffebebeb, 0x00ebebeb, 0x00ebebeb, 0xffebebeb, 0x00ebebeb,
  0x00ebebeb, 0xffebebeb, 0x00ebebeb, 0x00ebebeb, 0x00ebebeb, 0x00ebebeb, 0xffebebeb, 0xffebebeb, 0x00ebebeb, 0xffebebeb, 0xffebebeb, 0x00ebebeb,
  0x00ebebeb, 0x00ebebeb, 0x00ebebeb, 0x00ebebeb, 0x00ebebeb, 0x00ebebeb, 0xffebebeb, 0x00ebebeb, 0xffebebeb, 0xffebebeb, 0xffebebeb, 0x00ebebeb,
  0x00ebebeb, 0x00ebebeb, 0x00ebebeb, 0x00ebebeb, 0x00ebebeb, 0x00ebebeb, 0x00ebebeb, 0x00ebebeb, 0x00ebebeb, 0x00ebebeb, 0x00ebebeb, 0x00ebebeb,
  0x00ebebeb, 0xffebebeb, 0xffebebeb, 0xffebebeb, 0xffebebeb, 0xffebebeb, 0xffebebeb, 0xffebebeb, 0xffebebeb, 0xffebebeb, 0xffebebeb, 0x00ebebeb,
  0x00ebebeb, 0xffebebeb, 0x00ebebeb, 0x00ebebeb, 0x00ebebeb, 0x00ebebeb, 0x00ebebeb, 0x00ebebeb, 0xffebebeb, 0x00ebebeb, 0x00ebebeb, 0x00ebebeb,
  0x00ebebeb, 0xffebebeb, 0x00ebebeb, 0x00ebebeb, 0xffebebeb, 0x00ebebeb, 0x00ebebeb, 0xffebebeb, 0xffebebeb, 0x00ebebeb, 0x00ebebeb, 0x00ebebeb,
  0x00ebebeb, 0xffebebeb, 0x00ebebeb, 0x00ebebeb, 0xffebebeb, 0xffebebeb, 0x00ebebeb, 0xffebebeb, 0xffebebeb, 0x00ebebeb, 0x00ebebeb, 0x00ebebeb,
  0x00ebebeb, 0xffebebeb, 0x00ebebeb, 0x00ebebeb, 0x00ebebeb, 0xffebebeb, 0xffebebeb, 0xffebebeb, 0x00ebebeb, 0x00ebebeb, 0x00ebebeb, 0x00ebebeb,
  0x00ebebeb, 0xffebebeb, 0x00ebebeb, 0x00ebebeb, 0x00ebebeb, 0xffebebeb, 0xffebebeb, 0xffebebeb, 0xffebebeb, 0x00ebebeb, 0x00ebebeb, 0x00ebebeb,
  0x00ebebeb, 0xffebebeb, 0x00ebebeb, 0x00ebebeb, 0xffebebeb, 0xffebebeb, 0x00ebebeb, 0xffebebeb, 0xffebebeb, 0xffebebeb, 0x00ebebeb, 0x00ebebeb,
  0x00ebebeb, 0xffebebeb, 0x00ebebeb, 0xffebebeb, 0xffebebeb, 0x00ebebeb, 0x00ebebeb, 0x00ebebeb, 0xffebebeb, 0xffebebeb, 0x00ebebeb, 0x00ebebeb,
  0x00ebebeb, 0xffebebeb, 0x00ebebeb, 0x00ebebeb, 0x00ebebeb, 0x00ebebeb, 0x00ebebeb, 0x00ebebeb, 0x00ebebeb, 0x00ebebeb, 0x00ebebeb, 0x00ebebeb,
  0x00ebebeb, 0xffebebeb, 0xffebebeb, 0xffebebeb, 0xffebebeb, 0xffebebeb, 0xffebebeb, 0xffebebeb, 0xffebebeb, 0xffebebeb, 0xffebebeb, 0xffebebeb,
  0x00ebebeb, 0xffebebeb, 0xffebebeb, 0x00ebebeb, 0x00ebebeb, 0x00ebebeb, 0x00ebebeb, 0x00ebebeb, 0x00ebebeb, 0x00ebebeb, 0x00ebebeb, 0x00ebebeb,
  0x00ebebeb, 0x00ebebeb, 0x00ebebeb, 0x00ebebeb, 0x00ebebeb, 0x00ebebeb, 0x00ebebeb, 0x00ebebeb, 0x00ebebeb, 0x00ebebeb, 0x00ebebeb, 0x00ebebeb,
  0x00ebebeb, 0x00ebebeb, 0x00ebebeb, 0x00ebebeb, 0x00ebebeb, 0xffebebeb, 0xffebebeb, 0x00ebebeb, 0x00ebebeb, 0x00ebebeb, 0x00ebebeb, 0x00ebebeb,
  0x00ebebeb, 0xffebebeb, 0xffebebeb, 0xffebebeb, 0xffebebeb, 0xffebebeb, 0xffebebeb, 0xffebebeb, 0xffebebeb, 0xffebebeb, 0xffebebeb, 0x00ebebeb,
  0x00ebebeb, 0x00ebebeb, 0x00ebebeb, 0x00ebebeb, 0x00ebebeb, 0xffebebeb, 0xffebebeb, 0x00ebebeb, 0x00ebebeb, 0x00ebebeb, 0x00ebebeb, 0x00ebebeb,
  0x00ebebeb, 0x00ebebeb, 0x00ebebeb, 0x00ebebeb, 0x00ebebeb, 0xffebebeb, 0xffebebeb, 0x00ebebeb, 0x00ebebeb, 0x00ebebeb, 0x00ebebeb, 0x00ebebeb,
  0x00ebebeb, 0xffebebeb, 0xffebebeb, 0xffebebeb, 0xffebebeb, 0xffebebeb, 0xffebebeb, 0xffebebeb, 0xffebebeb, 0xffebebeb, 0xffebebeb, 0x00ebebeb,
  0x00ebebeb, 0xffebebeb, 0xffebebeb, 0x00ebebeb, 0xffebebeb, 0x00ebebeb, 0x00ebebeb, 0xffebebeb, 0x00ebebeb, 0xffebebeb, 0xffebebeb, 0x00ebebeb,
  0x00ebebeb, 0xffebebeb, 0xffebebeb, 0x00ebebeb, 0xffebebeb, 0x00ebebeb, 0x00ebebeb, 0xffebebeb, 0x00ebebeb, 0xffebebeb, 0xffebebeb, 0x00ebebeb,
  0x00ebebeb, 0xffebebeb, 0xffebebeb, 0xffebebeb, 0xffebebeb, 0xffebebeb, 0xffebebeb, 0xffebebeb, 0xffebebeb, 0xffebebeb, 0xffebebeb, 0x00ebebeb,
  0x00ebebeb, 0xffebebeb, 0xffebebeb, 0x00ebebeb, 0x00ebebeb, 0xffebebeb, 0xffebebeb, 0x00ebebeb, 0x00ebebeb, 0xffebebeb, 0xffebebeb, 0x00ebebeb,
  0x00ebebeb, 0xffebebeb, 0xffebebeb, 0xffebebeb, 0xffebebeb, 0xffebebeb, 0xffebebeb, 0xffebebeb, 0xffebebeb, 0xffebebeb, 0xffebebeb, 0x00ebebeb,
  0x00ebebeb, 0xffebebeb, 0xffebebeb, 0x00ebebeb, 0x00ebebeb, 0xffebebeb, 0xffebebeb, 0x00ebebeb, 0x00ebebeb, 0xffebebeb, 0xffebebeb, 0x00ebebeb,
  0x00ebebeb, 0xffebebeb, 0xffebebeb, 0x00ebebeb, 0x00ebebeb, 0xffebebeb, 0xffebebeb, 0x00ebebeb, 0xffebebeb, 0xffebebeb, 0x00ebebeb, 0x00ebebeb,
  0x00ebebeb, 0x00ebebeb, 0x00ebebeb, 0x00ebebeb, 0xffebebeb, 0x00ebebeb, 0x00ebebeb, 0x00ebebeb, 0x00ebebeb, 0x00ebebeb, 0x00ebebeb, 0x00ebebeb,
  0x00ebebeb, 0xffebebeb, 0xffebebeb, 0xffebebeb, 0xffebebeb, 0x00ebebeb, 0xffebebeb, 0xffebebeb, 0xffebebeb, 0xffebebeb, 0xffebebeb, 0x00ebebeb,
  0x00ebebeb, 0xffebebeb, 0xffebebeb, 0x00ebebeb, 0x00ebebeb, 0x00ebebeb, 0xffebebeb, 0xffebebeb, 0x00ebebeb, 0xffebebeb, 0xffebebeb, 0x00ebebeb,
  0x00ebebeb, 0xffebebeb, 0xffebebeb, 0x00ebebeb, 0x00ebebeb, 0x00ebebeb, 0xffebebeb, 0xffebebeb, 0x00ebebeb, 0x00ebebeb, 0xffebebeb, 0x00ebebeb,
  0x00ebebeb, 0xffebebeb, 0xffebebeb, 0x00ebebeb, 0x00ebebeb, 0x00ebebeb, 0xffebebeb, 0xffebebeb, 0x00ebebeb, 0x00ebebeb, 0xffebebeb, 0x00ebebeb,
  0x00ebebeb, 0xffebebeb, 0xffebebeb, 0xffebebeb, 0xffebebeb, 0xffebebeb, 0xffebebeb, 0xffebebeb, 0x00ebebeb, 0x00ebebeb, 0xffebebeb, 0x00ebebeb,
  0x00ebebeb, 0xffebebeb, 0xffebebeb, 0x00ebebeb, 0x00ebebeb, 0x00ebebeb, 0xffebebeb, 0xffebebeb, 0x00ebebeb, 0x00ebebeb, 0xffebebeb, 0x00ebebeb,
  0x00ebebeb, 0xffebebeb, 0xffebebeb, 0x00ebebeb, 0x00ebebeb, 0x00ebebeb, 0xffebebeb, 0xffebebeb, 0x00ebebeb, 0x00ebebeb, 0xffebebeb, 0x00ebebeb,
  0x00ebebeb, 0xffebebeb, 0xffebebeb, 0x00ebebeb, 0x00ebebeb, 0x00ebebeb, 0xffebebeb, 0xffebebeb, 0x00ebebeb, 0xffebebeb, 0xffebebeb, 0x00ebebeb,
  0x00ebebeb, 0xffebebeb, 0xffebebeb, 0xffebebeb, 0xffebebeb, 0xffebebeb, 0xffebebeb, 0xffebebeb, 0x00ebebeb, 0xffebebeb, 0xffebebeb, 0x00ebebeb,
  0x00ebebeb, 0xffebebeb, 0xffebebeb, 0x00ebebeb, 0x00ebebeb, 0x00ebebeb, 0xffebebeb, 0xffebebeb, 0x00ebebeb, 0x00ebebeb, 0x00ebebeb, 0x00ebebeb,
  0x00ebebeb, 0x00ebebeb, 0x00ebebeb, 0x00ebebeb, 0x00ebebeb, 0x00ebebeb, 0xffebebeb, 0xffebebeb, 0x00ebebeb, 0x00ebebeb, 0x00ebebeb, 0x00ebebeb,
  0x00ebebeb, 0xffebebeb, 0xffebebeb, 0xffebebeb, 0xffebebeb, 0xffebebeb, 0xffebebeb, 0x00ebebeb, 0x00ebebeb, 0x00ebebeb, 0x00ebebeb, 0x00ebebeb,
  0x00ebebeb, 0xffebebeb, 0xffebebeb, 0x00ebebeb, 0xffebebeb, 0xffebebeb, 0xffebebeb, 0xffebebeb, 0xffebebeb, 0xffebebeb, 0xffebebeb, 0x00ebebeb,
  0x00ebebeb, 0xffebebeb, 0xffebebeb, 0x00ebebeb, 0xffebebeb, 0xffebebeb, 0x00ebebeb, 0x00ebebeb, 0x00ebebeb, 0x00ebebeb, 0xffebebeb, 0x00ebebeb,
  0x00ebebeb, 0xffebebeb, 0xffebebeb, 0xffebebeb, 0xffebebeb, 0xffebebeb, 0xffebebeb, 0xffebebeb, 0x00ebebeb, 0x00ebebeb, 0xffebebeb, 0x00ebebeb,
  0x00ebebeb, 0xffebebeb, 0xffebebeb, 0x00ebebeb, 0xffebebeb, 0xffebebeb, 0x00ebebeb, 0xffebebeb, 0x00ebebeb, 0xffebebeb, 0xffebebeb, 0x00ebebeb,
  0x00ebebeb, 0xffebebeb, 0xffebebeb, 0xffebebeb, 0xffebebeb, 0xffebebeb, 0x00ebebeb, 0xffebebeb, 0xffebebeb, 0xffebebeb, 0x00ebebeb, 0x00ebebeb,
  0x00ebebeb, 0xffebebeb, 0xffebebeb, 0x00ebebeb, 0xffebebeb, 0xffebebeb, 0x00ebebeb, 0xffebebeb, 0xffebebeb, 0xffebebeb, 0x00ebebeb, 0x00ebebeb,
  0x00ebebeb, 0xffebebeb, 0xffebebeb, 0x00ebebeb, 0xffebebeb, 0xffebebeb, 0x00ebebeb, 0x00ebebeb, 0xffebebeb, 0xffebebeb, 0x00ebebeb, 0x00ebebeb,
  0xffebebeb, 0xffebebeb, 0xffebebeb, 0xffebebeb, 0xffebebeb, 0xffebebeb, 0x00ebebeb, 0xffebebeb, 0xffebebeb, 0xffebebeb, 0x00ebebeb, 0x00ebebeb,
  0x00ebebeb, 0x00ebebeb, 0x00ebebeb, 0x00ebebeb, 0xffebebeb, 0xffebebeb, 0xffebebeb, 0xffebebeb, 0x00ebebeb, 0xffebebeb, 0xffebebeb, 0x00ebebeb,
  0x00ebebeb, 0x00ebebeb, 0x00ebebeb, 0x00ebebeb, 0xffebebeb, 0xffebebeb, 0xffebebeb, 0x00ebebeb, 0x00ebebeb, 0x00ebebeb, 0xffebebeb, 0x00ebebeb,
  0x00ebebeb, 0x00ebebeb, 0x00ebebeb, 0x00ebebeb, 0x00ebebeb, 0x00ebebeb, 0x00ebebeb, 0x00ebebeb, 0x00ebebeb, 0x00ebebeb, 0x00ebebeb, 0x00ebebeb,
  0x00ebebeb, 0x00ebebeb, 0x00ebebeb, 0x00ebebeb, 0x00ebebeb, 0xffebebeb, 0xffebebeb, 0x00ebebeb, 0x00ebebeb, 0x00ebebeb, 0x00ebebeb, 0x00ebebeb,
  0x00ebebeb, 0xffebebeb, 0xffebebeb, 0xffebebeb, 0xffebebeb, 0xffebebeb, 0xffebebeb, 0xffebebeb, 0xffebebeb, 0xffebebeb, 0xffebebeb, 0x00ebebeb,
  0x00ebebeb, 0x00ebebeb, 0x00ebebeb, 0x00ebebeb, 0xffebebeb, 0x00ebebeb, 0x00ebebeb, 0xffebebeb, 0x00ebebeb, 0x00ebebeb, 0x00ebebeb, 0x00ebebeb,
  0x00ebebeb, 0x00ebebeb, 0xffebebeb, 0xffebebeb, 0xffebebeb, 0x00ebebeb, 0x00ebebeb, 0xffebebeb, 0xffebebeb, 0xffebebeb, 0x00ebebeb, 0x00ebebeb,
  0x00ebebeb, 0xffebebeb, 0xffebebeb, 0x00ebebeb, 0xffebebeb, 0x00ebebeb, 0x00ebebeb, 0xffebebeb, 0x00ebebeb, 0xffebebeb, 0xffebebeb, 0x00ebebeb,
  0x00ebebeb, 0xffebebeb, 0x00ebebeb, 0x00ebebeb, 0xffebebeb, 0x00ebebeb, 0x00ebebeb, 0xffebebeb, 0x00ebebeb, 0x00ebebeb, 0xffebebeb, 0x00ebebeb,
  0x00ebebeb, 0x00ebebeb, 0x00ebebeb, 0x00ebebeb, 0xffebebeb, 0x00ebebeb, 0x00ebebeb, 0xffebebeb, 0x00ebebeb, 0x00ebebeb, 0x00ebebeb, 0x00ebebeb,
  0x00ebebeb, 0xffebebeb, 0xffebebeb, 0xffebebeb, 0xffebebeb, 0xffebebeb, 0xffebebeb, 0xffebebeb, 0xffebebeb, 0xffebebeb, 0x00ebebeb, 0x00ebebeb,
  0x00ebebeb, 0x00ebebeb, 0x00ebebeb, 0xffebebeb, 0xffebebeb, 0x00ebebeb, 0x00ebebeb, 0xffebebeb, 0xffebebeb, 0x00ebebeb, 0x00ebebeb, 0x00ebebeb,
  0x00ebebeb, 0x00ebebeb, 0x00ebebeb, 0x00ebebeb, 0xffebebeb, 0xffebebeb, 0xffebebeb, 0xffebebeb, 0x00ebebeb, 0x00ebebeb, 0x00ebebeb, 0x00ebebeb,
  0x00ebebeb, 0x00ebebeb, 0xffebebeb, 0xffebebeb, 0xffebebeb, 0xffebebeb, 0xffebebeb, 0xffebebeb, 0xffebebeb, 0xffebebeb, 0x00ebebeb, 0x00ebebeb,
  0x00ebebeb, 0xffebebeb, 0xffebebeb, 0xffebebeb, 0x00ebebeb, 0x00ebebeb, 0x00ebebeb, 0x00ebebeb, 0xffebebeb, 0xffebebeb, 0xffebebeb, 0x00ebebeb,
  0x00ebebeb, 0x00ebebeb, 0x00ebebeb, 0x00ebebeb, 0xffebebeb, 0x00ebebeb, 0x00ebebeb, 0x00ebebeb, 0x00ebebeb, 0x00ebebeb, 0x00ebebeb, 0x00ebebeb,
  0x00ebebeb, 0x00ebebeb, 0x00ebebeb, 0xffebebeb, 0xffebebeb, 0x00ebebeb, 0x00ebebeb, 0x00ebebeb, 0xffebebeb, 0x00ebebeb, 0x00ebebeb, 0x00ebebeb,
  0x00ebebeb, 0x00ebebeb, 0xffebebeb, 0xffebebeb, 0xffebebeb, 0xffebebeb, 0xffebebeb, 0xffebebeb, 0xffebebeb, 0xffebebeb, 0x00ebebeb, 0x00ebebeb,
  0x00ebebeb, 0x00ebebeb, 0xffebebeb, 0x00ebebeb, 0x00ebebeb, 0x00ebebeb, 0x00ebebeb, 0xffebebeb, 0x00ebebeb, 0xffebebeb, 0x00ebebeb, 0x00ebebeb,
  0x00ebebeb, 0xffebebeb, 0xffebebeb, 0x00ebebeb, 0xffebebeb, 0x00ebebeb, 0x00ebebeb, 0xffebebeb, 0x00ebebeb, 0xffebebeb, 0xffebebeb, 0x00ebebeb,
  0x00ebebeb, 0xffebebeb, 0xffebebeb, 0xffebebeb, 0xffebebeb, 0xffebebeb, 0xffebebeb, 0xffebebeb, 0xffebebeb, 0xffebebeb, 0xffebebeb, 0x00ebebeb,
  0x00ebebeb, 0x00ebebeb, 0x00ebebeb, 0x00ebebeb, 0x00ebebeb, 0xffebebeb, 0x00ebebeb, 0x00ebebeb, 0x00ebebeb, 0x00ebebeb, 0x00ebebeb, 0x00ebebeb,
  0x00ebebeb, 0x00ebebeb, 0x00ebebeb, 0x00ebebeb, 0x00ebebeb, 0xffebebeb, 0xffebebeb, 0x00ebebeb, 0x00ebebeb, 0x00ebebeb, 0x00ebebeb, 0x00ebebeb,
  0x00ebebeb, 0x00ebebeb, 0xffebebeb, 0xffebebeb, 0xffebebeb, 0xffebebeb, 0xffebebeb, 0xffebebeb, 0xffebebeb, 0xffebebeb, 0x00ebebeb, 0x00ebebeb,
  0x00ebebeb, 0x00ebebeb, 0x00ebebeb, 0x00ebebeb, 0x00ebebeb, 0xffebebeb, 0xffebebeb, 0x00ebebeb, 0x00ebebeb, 0x00ebebeb, 0x00ebebeb, 0x00ebebeb,
  0x00ebebeb, 0xffebebeb, 0xffebebeb, 0xffebebeb, 0xffebebeb, 0xffebebeb, 0xffebebeb, 0xffebebeb, 0xffebebeb, 0xffebebeb, 0xffebebeb, 0x00ebebeb,
  0x00ebebeb, 0x00ebebeb, 0x00ebebeb, 0x00ebebeb, 0x00ebebeb, 0x00ebebeb, 0x00ebebeb, 0x00ebebeb, 0x00ebebeb, 0x00ebebeb, 0x00ebebeb, 0x00ebebeb,
  0x00ebebeb, 0x00ebebeb, 0xffebebeb, 0x00ebebeb, 0x00ebebeb, 0x00ebebeb, 0x00ebebeb, 0x00ebebeb, 0xffebebeb, 0x00ebebeb, 0xffebebeb, 0x00ebebeb,
  0x00ebebeb, 0xffebebeb, 0xffebebeb, 0x00ebebeb, 0x00ebebeb, 0x00ebebeb, 0x00ebebeb, 0x00ebebeb, 0xffebebeb, 0x00ebebeb, 0xffebebeb, 0x00ebebeb,
  0x00ebebeb, 0xffebebeb, 0xffebebeb, 0x00ebebeb, 0xffebebeb, 0xffebebeb, 0xffebebeb, 0xffebebeb, 0xffebebeb, 0xffebebeb, 0xffebebeb, 0x00ebebeb,
  0xffebebeb, 0xffebebeb, 0xffebebeb, 0xffebebeb, 0x00ebebeb, 0x00ebebeb, 0x00ebebeb, 0x00ebebeb, 0xffebebeb, 0x00ebebeb, 0x00ebebeb, 0x00ebebeb,
  0x00ebebeb, 0xffebebeb, 0xffebebeb, 0x00ebebeb, 0xffebebeb, 0xffebebeb, 0xffebebeb, 0x00ebebeb, 0xffebebeb, 0x00ebebeb, 0xffebebeb, 0x00ebebeb,
  0x00ebebeb, 0xffebebeb, 0xffebebeb, 0x00ebebeb, 0xffebebeb, 0x00ebebeb, 0xffebebeb, 0x00ebebeb, 0xffebebeb, 0xffebebeb, 0xffebebeb, 0x00ebebeb,
  0x00ebebeb, 0xffebebeb, 0xffebebeb, 0x00ebebeb, 0xffebebeb, 0x00ebebeb, 0xffebebeb, 0x00ebebeb, 0xffebebeb, 0xffebebeb, 0xffebebeb, 0x00ebebeb,
  0x00ebebeb, 0xffebebeb, 0xffebebeb, 0x00ebebeb, 0xffebebeb, 0xffebebeb, 0xffebebeb, 0x00ebebeb, 0xffebebeb, 0xffebebeb, 0x00ebebeb, 0x00ebebeb,
  0x00ebebeb, 0xffebebeb, 0xffebebeb, 0xffebebeb, 0x00ebebeb, 0x00ebebeb, 0x00ebebeb, 0x00ebebeb, 0xffebebeb, 0xffebebeb, 0x00ebebeb, 0x00ebebeb,
  0xffebebeb, 0xffebebeb, 0xffebebeb, 0x00ebebeb, 0xffebebeb, 0xffebebeb, 0xffebebeb, 0xffebebeb, 0xffebebeb, 0xffebebeb, 0x00ebebeb, 0x00ebebeb,
  0x00ebebeb, 0x00ebebeb, 0x00ebebeb, 0x00ebebeb, 0xffebebeb, 0x00ebebeb, 0x00ebebeb, 0xffebebeb, 0xffebebeb, 0xffebebeb, 0xffebebeb, 0xffebebeb,
  0x00ebebeb, 0x00ebebeb, 0x00ebebeb, 0x00ebebeb, 0x00ebebeb, 0x00ebebeb, 0x00ebebeb, 0xffebebeb, 0x00ebebeb, 0xffebebeb, 0xffebebeb, 0x00ebebeb,
  0x00ebebeb, 0x00ebebeb, 0x00ebebeb, 0x00ebebeb, 0x00ebebeb, 0xffebebeb, 0xffebebeb, 0x00ebebeb, 0x00ebebeb, 0x00ebebeb, 0x00ebebeb, 0x00ebebeb,
  0x00ebebeb, 0x00ebebeb, 0x00ebebeb, 0x00ebebeb, 0x00ebebeb, 0xffebebeb, 0xffebebeb, 0x00ebebeb, 0x00ebebeb, 0x00ebebeb, 0x00ebebeb, 0x00ebebeb,
  0x00ebebeb, 0x00ebebeb, 0x00ebebeb, 0x00ebebeb, 0x00ebebeb, 0xffebebeb, 0xffebebeb, 0x00ebebeb, 0x00ebebeb, 0x00ebebeb, 0x00ebebeb, 0x00ebebeb,
  0x00ebebeb, 0x00ebebeb, 0x00ebebeb, 0x00ebebeb, 0x00ebebeb, 0xffebebeb, 0xffebebeb, 0x00ebebeb, 0x00ebebeb, 0x00ebebeb, 0x00ebebeb, 0x00ebebeb,
  0x00ebebeb, 0xffebebeb, 0xffebebeb, 0xffebebeb, 0xffebebeb, 0xffebebeb, 0xffebebeb, 0xffebebeb, 0xffebebeb, 0xffebebeb, 0xffebebeb, 0x00ebebeb,
  0x00ebebeb, 0x00ebebeb, 0x00ebebeb, 0x00ebebeb, 0x00ebebeb, 0xffebebeb, 0xffebebeb, 0x00ebebeb, 0x00ebebeb, 0x00ebebeb, 0x00ebebeb, 0x00ebebeb,
  0x00ebebeb, 0x00ebebeb, 0x00ebebeb, 0x00ebebeb, 0xffebebeb, 0xffebebeb, 0xffebebeb, 0xffebebeb, 0x00ebebeb, 0x00ebebeb, 0x00ebebeb, 0x00ebebeb,
  0x00ebebeb, 0x00ebebeb, 0x00ebebeb, 0x00ebebeb, 0xffebebeb, 0xffebebeb, 0xffebebeb, 0xffebebeb, 0x00ebebeb, 0x00ebebeb, 0x00ebebeb, 0x00ebebeb,
  0x00ebebeb, 0x00ebebeb, 0x00ebebeb, 0xffebebeb, 0xffebebeb, 0x00ebebeb, 0x00ebebeb, 0xffebebeb, 0xffebebeb, 0x00ebebeb, 0x00ebebeb, 0x00ebebeb,
  0x00ebebeb, 0x00ebebeb, 0xffebebeb, 0xffebebeb, 0xffebebeb, 0x00ebebeb, 0x00ebebeb, 0x00ebebeb, 0xffebebeb, 0xffebebeb, 0x00ebebeb, 0x00ebebeb,
  0x00ebebeb, 0xffebebeb, 0xffebebeb, 0xffebebeb, 0x00ebebeb, 0x00ebebeb, 0x00ebebeb, 0x00ebebeb, 0xffebebeb, 0xffebebeb, 0xffebebeb, 0x00ebebeb,
  0x00ebebeb, 0xffebebeb, 0x00ebebeb, 0x00ebebeb, 0x00ebebeb, 0x00ebebeb, 0x00ebebeb, 0x00ebebeb, 0x00ebebeb, 0x00ebebeb, 0xffebebeb, 0x00ebebeb,
  0x00ebebeb, 0x00ebebeb, 0xffebebeb, 0x00ebebeb, 0x00ebebeb, 0x00ebebeb, 0x00ebebeb, 0x00ebebeb, 0x00ebebeb, 0x00ebebeb, 0x00ebebeb, 0x00ebebeb,
  0x00ebebeb, 0x00ebebeb, 0xffebebeb, 0x00ebebeb, 0x00ebebeb, 0xffebebeb, 0xffebebeb, 0xffebebeb, 0xffebebeb, 0xffebebeb, 0x00ebebeb, 0x00ebebeb,
  0x00ebebeb, 0xffebebeb, 0xffebebeb, 0x00ebebeb, 0x00ebebeb, 0x00ebebeb, 0xffebebeb, 0xffebebeb, 0x00ebebeb, 0xffebebeb, 0x00ebebeb, 0x00ebebeb,
  0xffebebeb, 0xffebebeb, 0xffebebeb, 0xffebebeb, 0xffebebeb, 0x00ebebeb, 0xffebebeb, 0x00ebebeb, 0x00ebebeb, 0xffebebeb, 0x00ebebeb, 0x00ebebeb,
  0x00ebebeb, 0xffebebeb, 0xffebebeb, 0x00ebebeb, 0xffebebeb, 0x00ebebeb, 0xffebebeb, 0x00ebebeb, 0xffebebeb, 0xffebebeb, 0x00ebebeb, 0x00ebebeb,
  0x00ebebeb, 0xffebebeb, 0x00ebebeb, 0x00ebebeb, 0xffebebeb, 0x00ebebeb, 0xffebebeb, 0x00ebebeb, 0xffebebeb, 0xffebebeb, 0xffebebeb, 0xffebebeb,
  0x00ebebeb, 0xffebebeb, 0x00ebebeb, 0xffebebeb, 0xffebebeb, 0x00ebebeb, 0xffebebeb, 0x00ebebeb, 0x00ebebeb, 0x00ebebeb, 0xffebebeb, 0x00ebebeb,
  0x00ebebeb, 0xffebebeb, 0xffebebeb, 0xffebebeb, 0x00ebebeb, 0x00ebebeb, 0xffebebeb, 0x00ebebeb, 0x00ebebeb, 0x00ebebeb, 0xffebebeb, 0x00ebebeb,
  0x00ebebeb, 0xffebebeb, 0xffebebeb, 0xffebebeb, 0x00ebebeb, 0x00ebebeb, 0xffebebeb, 0x00ebebeb, 0x00ebebeb, 0x00ebebeb, 0xffebebeb, 0x00ebebeb,
  0x00ebebeb, 0x00ebebeb, 0xffebebeb, 0xffebebeb, 0xffebebeb, 0xffebebeb, 0xffebebeb, 0x00ebebeb, 0x00ebebeb, 0x00ebebeb, 0xffebebeb, 0x00ebebeb,
  0x00ebebeb, 0xffebebeb, 0xffebebeb, 0x00ebebeb, 0xffebebeb, 0xffebebeb, 0x00ebebeb, 0x00ebebeb, 0x00ebebeb, 0xffebebeb, 0xffebebeb, 0x00ebebeb,
  0x00ebebeb, 0xffebebeb, 0x00ebebeb, 0x00ebebeb, 0x00ebebeb, 0xffebebeb, 0x00ebebeb, 0x00ebebeb, 0xffebebeb, 0xffebebeb, 0xffebebeb, 0x00ebebeb,
  0x00ebebeb, 0x00ebebeb, 0x00ebebeb, 0x00ebebeb, 0x00ebebeb, 0xffebebeb, 0xffebebeb, 0x00ebebeb, 0x00ebebeb, 0x00ebebeb, 0x00ebebeb, 0x00ebebeb,
  0x00ebebeb, 0xffebebeb, 0xffebebeb, 0xffebebeb, 0xffebebeb, 0xffebebeb, 0xffebebeb, 0xffebebeb, 0xffebebeb, 0xffebebeb, 0xffebebeb, 0x00ebebeb,
  0x00ebebeb, 0xffebebeb, 0xffebebeb, 0x00ebebeb, 0x00ebebeb, 0x00ebebeb, 0x00ebebeb, 0x00ebebeb, 0x00ebebeb, 0xffebebeb, 0xffebebeb, 0x00ebebeb,
  0x00ebebeb, 0xffebebeb, 0x00ebebeb, 0x00ebebeb, 0x00ebebeb, 0x00ebebeb, 0x00ebebeb, 0x00ebebeb, 0x00ebebeb, 0x00ebebeb, 0xffebebeb, 0x00ebebeb,
  0x00ebebeb, 0x00ebebeb, 0xffebebeb, 0xffebebeb, 0xffebebeb, 0xffebebeb, 0xffebebeb, 0xffebebeb, 0xffebebeb, 0xffebebeb, 0x00ebebeb, 0x00ebebeb,
  0x00ebebeb, 0x00ebebeb, 0xffebebeb, 0xffebebeb, 0x00ebebeb, 0x00ebebeb, 0x00ebebeb, 0x00ebebeb, 0xffebebeb, 0xffebebeb, 0x00ebebeb, 0x00ebebeb,
  0x00ebebeb, 0x00ebebeb, 0xffebebeb, 0xffebebeb, 0xffebebeb, 0xffebebeb, 0xffebebeb, 0xffebebeb, 0xffebebeb, 0xffebebeb, 0x00ebebeb, 0x00ebebeb,
  0x00ebebeb, 0x00ebebeb, 0x00ebebeb, 0x00ebebeb, 0x00ebebeb, 0x00ebebeb, 0x00ebebeb, 0x00ebebeb, 0x00ebebeb, 0x00ebebeb, 0x00ebebeb, 0x00ebebeb,
  0x00ebebeb, 0x00ebebeb, 0xffebebeb, 0xffebebeb, 0xffebebeb, 0xffebebeb, 0xffebebeb, 0xffebebeb, 0xffebebeb, 0xffebebeb, 0x00ebebeb, 0x00ebebeb,
  0x00ebebeb, 0x00ebebeb, 0xffebebeb, 0x00ebebeb, 0x00ebebeb, 0x00ebebeb, 0x00ebebeb, 0x00ebebeb, 0x00ebebeb, 0xffebebeb, 0x00ebebeb, 0x00ebebeb,
  0x00ebebeb, 0x00ebebeb, 0xffebebeb, 0x00ebebeb, 0x00ebebeb, 0x00ebebeb, 0x00ebebeb, 0x00ebebeb, 0x00ebebeb, 0xffebebeb, 0x00ebebeb, 0x00ebebeb,
  0x00ebebeb, 0x00ebebeb, 0xffebebeb, 0xffebebeb, 0xffebebeb, 0xffebebeb, 0xffebebeb, 0xffebebeb, 0xffebebeb, 0xffebebeb, 0x00ebebeb, 0x00ebebeb,
  0x00ebebeb, 0x00ebebeb, 0x00ebebeb, 0x00ebebeb, 0x00ebebeb, 0xffebebeb, 0xffebebeb, 0x00ebebeb, 0x00ebebeb, 0x00ebebeb, 0x00ebebeb, 0x00ebebeb,
  0x00ebebeb, 0x00ebebeb, 0x00ebebeb, 0x00ebebeb, 0x00ebebeb, 0xffebebeb, 0xffebebeb, 0x00ebebeb, 0x00ebebeb, 0x00ebebeb, 0x00ebebeb, 0x00ebebeb,
  0x00ebebeb, 0x00ebebeb, 0xffebebeb, 0x00ebebeb, 0x00ebebeb, 0xffebebeb, 0xffebebeb, 0x00ebebeb, 0xffebebeb, 0xffebebeb, 0x00ebebeb, 0x00ebebeb,
  0x00ebebeb, 0x00ebebeb, 0xffebebeb, 0x00ebebeb, 0x00ebebeb, 0xffebebeb, 0xffebebeb, 0x00ebebeb, 0x00ebebeb, 0xffebebeb, 0x00ebebeb, 0x00ebebeb,
  0x00ebebeb, 0x00ebebeb, 0xffebebeb, 0x00ebebeb, 0x00ebebeb, 0xffebebeb, 0xffebebeb, 0x00ebebeb, 0x00ebebeb, 0xffebebeb, 0xffebebeb, 0x00ebebeb,
  0x00ebebeb, 0xffebebeb, 0xffebebeb, 0x00ebebeb, 0x00ebebeb, 0xffebebeb, 0xffebebeb, 0x00ebebeb, 0x00ebebeb, 0xffebebeb, 0xffebebeb, 0x00ebebeb,
  0x00ebebeb, 0xffebebeb, 0xffebebeb, 0x00ebebeb, 0x00ebebeb, 0xffebebeb, 0xffebebeb, 0x00ebebeb, 0x00ebebeb, 0x00ebebeb, 0xffebebeb, 0x00ebebeb,
  0x00ebebeb, 0xffebebeb, 0x00ebebeb, 0x00ebebeb, 0x00ebebeb, 0xffebebeb, 0xffebebeb, 0x00ebebeb, 0x00ebebeb, 0x00ebebeb, 0xffebebeb, 0xffebebeb,
  0x00ebebeb, 0x00ebebeb, 0x00ebebeb, 0x00ebebeb, 0x00ebebeb, 0xffebebeb, 0xffebebeb, 0x00ebebeb, 0x00ebebeb, 0x00ebebeb, 0x00ebebeb, 0x00ebebeb,
  0x00ebebeb, 0x00ebebeb, 0x00ebebeb, 0x00ebebeb, 0x00ebebeb, 0xffebebeb, 0xffebebeb, 0x00ebebeb, 0x00ebebeb, 0x00ebebeb, 0x00ebebeb, 0x00ebebeb,
  0x00ebebeb, 0x00ebebeb, 0x00ebebeb, 0xffebebeb, 0xffebebeb, 0xffebebeb, 0x00ebebeb, 0x00ebebeb, 0x00ebebeb, 0x00ebebeb, 0x00ebebeb, 0x00ebebeb,
  0x00ebebeb, 0x00ebebeb, 0x00ebebeb, 0x00ebebeb, 0x00ebebeb, 0x00ebebeb, 0x00ebebeb, 0x00ebebeb, 0x00ebebeb, 0x00ebebeb, 0x00ebebeb, 0x00ebebeb,
  0x00ebebeb, 0xffebebeb, 0xffebebeb, 0xffebebeb, 0xffebebeb, 0xffebebeb, 0xffebebeb, 0xffebebeb, 0xffebebeb, 0xffebebeb, 0xffebebeb, 0x00ebebeb,
  0x00ebebeb, 0xffebebeb, 0xffebebeb, 0x00ebebeb, 0x00ebebeb, 0x00ebebeb, 0x00ebebeb, 0x00ebebeb, 0x00ebebeb, 0xffebebeb, 0xffebebeb, 0x00ebebeb,
  0x00ebebeb, 0xffebebeb, 0xffebebeb, 0xffebebeb, 0xffebebeb, 0xffebebeb, 0xffebebeb, 0xffebebeb, 0xffebebeb, 0xffebebeb, 0xffebebeb, 0x00ebebeb,
  0x00ebebeb, 0xffebebeb, 0xffebebeb, 0x00ebebeb, 0x00ebebeb, 0x00ebebeb, 0x00ebebeb, 0x00ebebeb, 0x00ebebeb, 0x00ebebeb, 0x00ebebeb, 0x00ebebeb,
  0x00ebebeb, 0xffebebeb, 0xffebebeb, 0x00ebebeb, 0xffebebeb, 0xffebebeb, 0xffebebeb, 0xffebebeb, 0xffebebeb, 0xffebebeb, 0xffebebeb, 0x00ebebeb,
  0x00ebebeb, 0xffebebeb, 0xffebebeb, 0x00ebebeb, 0x00ebebeb, 0x00ebebeb, 0x00ebebeb, 0x00ebebeb, 0x00ebebeb, 0x00ebebeb, 0x00ebebeb, 0x00ebebeb,
  0x00ebebeb, 0xffebebeb, 0xffebebeb, 0xffebebeb, 0xffebebeb, 0xffebebeb, 0xffebebeb, 0xffebebeb, 0xffebebeb, 0xffebebeb, 0xffebebeb, 0x00ebebeb,
  0x00ebebeb, 0xffebebeb, 0xffebebeb, 0x00ebebeb, 0xffebebeb, 0xffebebeb, 0x00ebebeb, 0x00ebebeb, 0xffebebeb, 0xffebebeb, 0x00ebebeb, 0x00ebebeb,
  0x00ebebeb, 0xffebebeb, 0x00ebebeb, 0x00ebebeb, 0xffebebeb, 0xffebebeb, 0x00ebebeb, 0x00ebebeb, 0xffebebeb, 0xffebebeb, 0x00ebebeb, 0x00ebebeb,
  0xffebebeb, 0xffebebeb, 0x00ebebeb, 0xffebebeb, 0xffebebeb, 0xffebebeb, 0xffebebeb, 0xffebebeb, 0xffebebeb, 0xffebebeb, 0xffebebeb, 0x00ebebeb,
  0x00ebebeb, 0xffebebeb, 0x00ebebeb, 0x00ebebeb, 0xffebebeb, 0xffebebeb, 0xffebebeb, 0xffebebeb, 0x00ebebeb, 0xffebebeb, 0xffebebeb, 0x00ebebeb,
  0x00ebebeb, 0x00ebebeb, 0x00ebebeb, 0x00ebebeb, 0x00ebebeb, 0x00ebebeb, 0x00ebebeb, 0x00ebebeb, 0x00ebebeb, 0x00ebebeb, 0x00ebebeb, 0x00ebebeb,
  0xffebebeb, 0xffebebeb, 0xffebebeb, 0xffebebeb, 0xffebebeb, 0xffebebeb, 0x00ebebeb, 0x00ebebeb, 0x00ebebeb, 0xffebebeb, 0xffebebeb, 0x00ebebeb,
  0x00ebebeb, 0x00ebebeb, 0x00ebebeb, 0xffebebeb, 0x00ebebeb, 0x00ebebeb, 0x00ebebeb, 0xffebebeb, 0xffebebeb, 0xffebebeb, 0x00ebebeb, 0x00ebebeb,
  0x00ebebeb, 0xffebebeb, 0x00ebebeb, 0xffebebeb, 0x00ebebeb, 0xffebebeb, 0xffebebeb, 0x00ebebeb, 0xffebebeb, 0x00ebebeb, 0x00ebebeb, 0x00ebebeb,
  0x00ebebeb, 0xffebebeb, 0xffebebeb, 0xffebebeb, 0x00ebebeb, 0xffebebeb, 0x00ebebeb, 0x00ebebeb, 0x00ebebeb, 0xffebebeb, 0xffebebeb, 0x00ebebeb,
  0x00ebebeb, 0x00ebebeb, 0x00ebebeb, 0xffebebeb, 0xffebebeb, 0x00ebebeb, 0x00ebebeb, 0x00ebebeb, 0xffebebeb, 0xffebebeb, 0xffebebeb, 0x00ebebeb,
  0x00ebebeb, 0xffebebeb, 0xffebebeb, 0xffebebeb, 0xffebebeb, 0xffebebeb, 0xffebebeb, 0xffebebeb, 0xffebebeb, 0xffebebeb, 0x00ebebeb, 0x00ebebeb,
  0x00ebebeb, 0x00ebebeb, 0xffebebeb, 0xffebebeb, 0xffebebeb, 0xffebebeb, 0x00ebebeb, 0x00ebebeb, 0x00ebebeb, 0x00ebebeb, 0x00ebebeb, 0x00ebebeb,
  0x00ebebeb, 0x00ebebeb, 0xffebebeb, 0xffebebeb, 0xffebebeb, 0xffebebeb, 0x00ebebeb, 0x00ebebeb, 0x00ebebeb, 0xffebebeb, 0xffebebeb, 0x00ebebeb,
  0x00ebebeb, 0xffebebeb, 0xffebebeb, 0xffebebeb, 0xffebebeb, 0xffebebeb, 0xffebebeb, 0x00ebebeb, 0xffebebeb, 0xffebebeb, 0xffebebeb, 0x00ebebeb,
  0x00ebebeb, 0xffebebeb, 0x00ebebeb, 0xffebebeb, 0xffebebeb, 0x00ebebeb, 0x00ebebeb, 0xffebebeb, 0xffebebeb, 0xffebebeb, 0x00ebebeb, 0x00ebebeb,
  0x00ebebeb, 0x00ebebeb, 0x00ebebeb, 0xffebebeb, 0xffebebeb, 0x00ebebeb, 0x00ebebeb, 0xffebebeb, 0x00ebebeb, 0x00ebebeb, 0x00ebebeb, 0x00ebebeb,
  0x00ebebeb, 0x00ebebeb, 0x00ebebeb, 0x00ebebeb, 0x00ebebeb, 0x00ebebeb, 0x00ebebeb, 0x00ebebeb, 0x00ebebeb, 0x00ebebeb, 0x00ebebeb, 0x00ebebeb,
  0x00ebebeb, 0x00ebebeb, 0x00ebebeb, 0x00ebebeb, 0x00ebebeb, 0xffebebeb, 0xffebebeb, 0x00ebebeb, 0x00ebebeb, 0x00ebebeb, 0x00ebebeb, 0x00ebebeb,
  0x00ebebeb, 0x00ebebeb, 0x00ebebeb, 0x00ebebeb, 0x00ebebeb, 0xffebebeb, 0xffebebeb, 0x00ebebeb, 0x00ebebeb, 0x00ebebeb, 0x00ebebeb, 0x00ebebeb,
  0x00ebebeb, 0xffebebeb, 0xffebebeb, 0xffebebeb, 0xffebebeb, 0xffebebeb, 0xffebebeb, 0xffebebeb, 0xffebebeb, 0xffebebeb, 0xffebebeb, 0x00ebebeb,
  0x00ebebeb, 0x00ebebeb, 0x00ebebeb, 0x00ebebeb, 0xffebebeb, 0xffebebeb, 0xffebebeb, 0xffebebeb, 0x00ebebeb, 0x00ebebeb, 0x00ebebeb, 0x00ebebeb,
  0x00ebebeb, 0x00ebebeb, 0x00ebebeb, 0x00ebebeb, 0xffebebeb, 0xffebebeb, 0x00ebebeb, 0xffebebeb, 0xffebebeb, 0x00ebebeb, 0x00ebebeb, 0x00ebebeb,
  0x00ebebeb, 0x00ebebeb, 0xffebebeb, 0xffebebeb, 0xffebebeb, 0xffebebeb, 0xffebebeb, 0x00ebebeb, 0xffebebeb, 0xffebebeb, 0xffebebeb, 0x00ebebeb,
  0x00ebebeb, 0xffebebeb, 0xffebebeb, 0x00ebebeb, 0x00ebebeb, 0xffebebeb, 0xffebebeb, 0x00ebebeb, 0x00ebebeb, 0xffebebeb, 0xffebebeb, 0x00ebebeb,
  0x00ebebeb, 0x00ebebeb, 0x00ebebeb, 0x00ebebeb, 0x00ebebeb, 0xffebebeb, 0xffebebeb, 0x00ebebeb, 0x00ebebeb, 0x00ebebeb, 0x00ebebeb, 0x00ebebeb,
  0x00ebebeb, 0xffebebeb, 0xffebebeb, 0xffebebeb, 0xffebebeb, 0x00ebebeb, 0xffebebeb, 0x00ebebeb, 0x00ebebeb, 0xffebebeb, 0xffebebeb, 0x00ebebeb,
  0x00ebebeb, 0xffebebeb, 0xffebebeb, 0xffebebeb, 0xffebebeb, 0x00ebebeb, 0xffebebeb, 0x00ebebeb, 0xffebebeb, 0xffebebeb, 0xffebebeb, 0x00ebebeb,
  0x00ebebeb, 0xffebebeb, 0x00ebebeb, 0xffebebeb, 0xffebebeb, 0x00ebebeb, 0x00ebebeb, 0x00ebebeb, 0xffebebeb, 0xffebebeb, 0xffebebeb, 0x00ebebeb,
  0x00ebebeb, 0xffebebeb, 0x00ebebeb, 0x00ebebeb, 0xffebebeb, 0xffebebeb, 0xffebebeb, 0xffebebeb, 0xffebebeb, 0x00ebebeb, 0xffebebeb, 0x00ebebeb,
  0x00ebebeb, 0x00ebebeb, 0x00ebebeb, 0x00ebebeb, 0x00ebebeb, 0x00ebebeb, 0xffebebeb, 0xffebebeb, 0x00ebebeb, 0xffebebeb, 0x00ebebeb, 0x00ebebeb,
  0x00ebebeb, 0xffebebeb, 0xffebebeb, 0xffebebeb, 0xffebebeb, 0x00ebebeb, 0xffebebeb, 0xffebebeb, 0x00ebebeb, 0xffebebeb, 0xffebebeb, 0x00ebebeb,
  0x00ebebeb, 0x00ebebeb, 0x00ebebeb, 0xffebebeb, 0xffebebeb, 0x00ebebeb, 0xffebebeb, 0xffebebeb, 0x00ebebeb, 0x00ebebeb, 0xffebebeb, 0x00ebebeb,
  0x00ebebeb, 0xffebebeb, 0x00ebebeb, 0xffebebeb, 0xffebebeb, 0xffebebeb, 0xffebebeb, 0xffebebeb, 0xffebebeb, 0xffebebeb, 0xffebebeb, 0x00ebebeb,
  0x00ebebeb, 0xffebebeb, 0xffebebeb, 0xffebebeb, 0xffebebeb, 0x00ebebeb, 0xffebebeb, 0xffebebeb, 0x00ebebeb, 0x00ebebeb, 0x00ebebeb, 0x00ebebeb,
  0x00ebebeb, 0x00ebebeb, 0xffebebeb, 0xffebebeb, 0x00ebebeb, 0x00ebebeb, 0x00ebebeb, 0xffebebeb, 0x00ebebeb, 0xffebebeb, 0xffebebeb, 0x00ebebeb,
  0x00ebebeb, 0x00ebebeb, 0xffebebeb, 0xffebebeb, 0x00ebebeb, 0x00ebebeb, 0x00ebebeb, 0xffebebeb, 0xffebebeb, 0xffebebeb, 0x00ebebeb, 0x00ebebeb,
  0x00ebebeb, 0x00ebebeb, 0xffebebeb, 0xffebebeb, 0xffebebeb, 0x00ebebeb, 0x00ebebeb, 0xffebebeb, 0xffebebeb, 0xffebebeb, 0x00ebebeb, 0x00ebebeb,
  0x00ebebeb, 0xffebebeb, 0xffebebeb, 0xffebebeb, 0xffebebeb, 0x00ebebeb, 0x00ebebeb, 0xffebebeb, 0xffebebeb, 0x00ebebeb, 0xffebebeb, 0x00ebebeb,
  0x00ebebeb, 0xffebebeb, 0xffebebeb, 0x00ebebeb, 0xffebebeb, 0x00ebebeb, 0xffebebeb, 0xffebebeb, 0xffebebeb, 0x00ebebeb, 0xffebebeb, 0xffebebeb,
  0x00ebebeb, 0xffebebeb, 0x00ebebeb, 0x00ebebeb, 0x00ebebeb, 0xffebebeb, 0xffebebeb, 0xffebebeb, 0xffebebeb, 0xffebebeb, 0xffebebeb, 0x00ebebeb,
  0x00ebebeb, 0x00ebebeb, 0x00ebebeb, 0x00ebebeb, 0x00ebebeb, 0x00ebebeb, 0x00ebebeb, 0x00ebebeb, 0x00ebebeb, 0xffebebeb, 0xffebebeb, 0x00ebebeb,
  0x00ebebeb, 0x00ebebeb, 0x00ebebeb, 0x00ebebeb, 0x00ebebeb, 0x00ebebeb, 0xffebebeb, 0xffebebeb, 0xffebebeb, 0xffebebeb, 0x00ebebeb, 0x00ebebeb,
  0x00ebebeb, 0x00ebebeb, 0x00ebebeb, 0x00ebebeb, 0x00ebebeb, 0x00ebebeb, 0xffebebeb, 0xffebebeb, 0x00ebebeb, 0xffebebeb, 0xffebebeb, 0x00ebebeb,
  0x00ebebeb, 0xffebebeb, 0xffebebeb, 0xffebebeb, 0xffebebeb, 0xffebebeb, 0xffebebeb, 0xffebebeb, 0xffebebeb, 0xffebebeb, 0xffebebeb, 0x00ebebeb,
  0x00ebebeb, 0xffebebeb, 0xffebebeb, 0x00ebebeb, 0x00ebebeb, 0x00ebebeb, 0xffebebeb, 0xffebebeb, 0x00ebebeb, 0x00ebebeb, 0x00ebebeb, 0x00ebebeb,
  0x00ebebeb, 0xffebebeb, 0xffebebeb, 0x00ebebeb, 0x00ebebeb, 0x00ebebeb, 0xffebebeb, 0xffebebeb, 0x00ebebeb, 0xffebebeb, 0xffebebeb, 0x00ebebeb,
  0x00ebebeb, 0xffebebeb, 0xffebebeb, 0xffebebeb, 0xffebebeb, 0xffebebeb, 0x00ebebeb, 0xffebebeb, 0x00ebebeb, 0xffebebeb, 0x00ebebeb, 0x00ebebeb,
  0x00ebebeb, 0xffebebeb, 0xffebebeb, 0x00ebebeb, 0xffebebeb, 0xffebebeb, 0x00ebebeb, 0xffebebeb, 0xffebebeb, 0xffebebeb, 0x00ebebeb, 0x00ebebeb,
  0x00ebebeb, 0xffebebeb, 0xffebebeb, 0x00ebebeb, 0xffebebeb, 0xffebebeb, 0x00ebebeb, 0xffebebeb, 0xffebebeb, 0xffebebeb, 0x00ebebeb, 0x00ebebeb,
  0x00ebebeb, 0xffebebeb, 0xffebebeb, 0x00ebebeb, 0xffebebeb, 0xffebebeb, 0x00ebebeb, 0xffebebeb, 0xffebebeb, 0x00ebebeb, 0x00ebebeb, 0x00ebebeb,
  0x00ebebeb, 0xffebebeb, 0xffebebeb, 0xffebebeb, 0xffebebeb, 0x00ebebeb, 0xffebebeb, 0xffebebeb, 0xffebebeb, 0x00ebebeb, 0xffebebeb, 0xffebebeb,
  0x00ebebeb, 0xffebebeb, 0x00ebebeb, 0x00ebebeb, 0x00ebebeb, 0xffebebeb, 0xffebebeb, 0xffebebeb, 0xffebebeb, 0xffebebeb, 0xffebebeb, 0x00ebebeb,
  0x00ebebeb, 0xffebebeb, 0x00ebebeb, 0x00ebebeb, 0x00ebebeb, 0xffebebeb, 0x00ebebeb, 0x00ebebeb, 0x00ebebeb, 0xffebebeb, 0xffebebeb, 0x00ebebeb,
  0x00ebebeb, 0x00ebebeb, 0xffebebeb, 0x00ebebeb, 0x00ebebeb, 0x00ebebeb, 0x00ebebeb, 0x00ebebeb, 0x00ebebeb, 0xffebebeb, 0x00ebebeb, 0x00ebebeb,
  0x00ebebeb, 0x00ebebeb, 0xffebebeb, 0x00ebebeb, 0x00ebebeb, 0xffebebeb, 0xffebebeb, 0xffebebeb, 0xffebebeb, 0xffebebeb, 0xffebebeb, 0x00ebebeb,
  0x00ebebeb, 0x00ebebeb, 0xffebebeb, 0x00ebebeb, 0x00ebebeb, 0xffebebeb, 0xffebebeb, 0xffebebeb, 0x00ebebeb, 0xffebebeb, 0x00ebebeb, 0x00ebebeb,
  0xffebebeb, 0xffebebeb, 0xffebebeb, 0xffebebeb, 0xffebebeb, 0xffebebeb, 0x00ebebeb, 0xffebebeb, 0x00ebebeb, 0xffebebeb, 0xffebebeb, 0x00ebebeb,
  0x00ebebeb, 0x00ebebeb, 0xffebebeb, 0x00ebebeb, 0x00ebebeb, 0xffebebeb, 0x00ebebeb, 0xffebebeb, 0x00ebebeb, 0xffebebeb, 0xffebebeb, 0x00ebebeb,
  0x00ebebeb, 0x00ebebeb, 0xffebebeb, 0x00ebebeb, 0x00ebebeb, 0xffebebeb, 0x00ebebeb, 0xffebebeb, 0x00ebebeb, 0xffebebeb, 0xffebebeb, 0x00ebebeb,
  0x00ebebeb, 0xffebebeb, 0xffebebeb, 0xffebebeb, 0xffebebeb, 0xffebebeb, 0x00ebebeb, 0xffebebeb, 0x00ebebeb, 0xffebebeb, 0xffebebeb, 0x00ebebeb,
  0xffebebeb, 0xffebebeb, 0xffebebeb, 0x00ebebeb, 0x00ebebeb, 0xffebebeb, 0x00ebebeb, 0xffebebeb, 0x00ebebeb, 0xffebebeb, 0xffebebeb, 0x00ebebeb,
  0x00ebebeb, 0x00ebebeb, 0xffebebeb, 0x00ebebeb, 0xffebebeb, 0xffebebeb, 0x00ebebeb, 0xffebebeb, 0x00ebebeb, 0x00ebebeb, 0xffebebeb, 0x00ebebeb,
  0x00ebebeb, 0x00ebebeb, 0xffebebeb, 0x00ebebeb, 0xffebebeb, 0xffebebeb, 0x00ebebeb, 0xffebebeb, 0x00ebebeb, 0x00ebebeb, 0xffebebeb, 0x00ebebeb,
  0x00ebebeb, 0x00ebebeb, 0xffebebeb, 0x00ebebeb, 0xffebebeb, 0x00ebebeb, 0x00ebebeb, 0xffebebeb, 0x00ebebeb, 0x00ebebeb, 0xffebebeb, 0xffebebeb,
  0x00ebebeb, 0xffebebeb, 0xffebebeb, 0x00ebebeb, 0xffebebeb, 0x00ebebeb, 0x00ebebeb, 0xffebebeb, 0x00ebebeb, 0x00ebebeb, 0x00ebebeb, 0x00ebebeb,
  0x00ebebeb, 0x00ebebeb, 0xffebebeb, 0x00ebebeb, 0x00ebebeb, 0x00ebebeb, 0xffebebeb, 0xffebebeb, 0xffebebeb, 0xffebebeb, 0x00ebebeb, 0x00ebebeb,
  0x00ebebeb, 0x00ebebeb, 0xffebebeb, 0xffebebeb, 0x00ebebeb, 0xffebebeb, 0xffebebeb, 0x00ebebeb, 0xffebebeb, 0xffebebeb, 0x00ebebeb, 0x00ebebeb,
  0xffebebeb, 0xffebebeb, 0xffebebeb, 0xffebebeb, 0xffebebeb, 0xffebebeb, 0xffebebeb, 0x00ebebeb, 0xffebebeb, 0xffebebeb, 0xffebebeb, 0xffebebeb,
  0x00ebebeb, 0x00ebebeb, 0xffebebeb, 0x00ebebeb, 0x00ebebeb, 0xffebebeb, 0x00ebebeb, 0x00ebebeb, 0x00ebebeb, 0xffebebeb, 0xffebebeb, 0x00ebebeb,
  0x00ebebeb, 0x00ebebeb, 0xffebebeb, 0x00ebebeb, 0x00ebebeb, 0xffebebeb, 0x00ebebeb, 0x00ebebeb, 0x00ebebeb, 0x00ebebeb, 0x00ebebeb, 0x00ebebeb,
  0x00ebebeb, 0xffebebeb, 0xffebebeb, 0xffebebeb, 0xffebebeb, 0xffebebeb, 0xffebebeb, 0xffebebeb, 0xffebebeb, 0xffebebeb, 0xffebebeb, 0x00ebebeb,
  0xffebebeb, 0xffebebeb, 0xffebebeb, 0xffebebeb, 0x00ebebeb, 0x00ebebeb, 0xffebebeb, 0x00ebebeb, 0x00ebebeb, 0xffebebeb, 0x00ebebeb, 0x00ebebeb,
  0x00ebebeb, 0x00ebebeb, 0xffebebeb, 0x00ebebeb, 0x00ebebeb, 0x00ebebeb, 0xffebebeb, 0xffebebeb, 0xffebebeb, 0xffebebeb, 0x00ebebeb, 0x00ebebeb,
  0x00ebebeb, 0x00ebebeb, 0xffebebeb, 0x00ebebeb, 0x00ebebeb, 0x00ebebeb, 0xffebebeb, 0xffebebeb, 0xffebebeb, 0x00ebebeb, 0x00ebebeb, 0x00ebebeb,
  0x00ebebeb, 0x00ebebeb, 0xffebebeb, 0x00ebebeb, 0xffebebeb, 0xffebebeb, 0xffebebeb, 0xffebebeb, 0xffebebeb, 0xffebebeb, 0xffebebeb, 0x00ebebeb,
  0x00ebebeb, 0xffebebeb, 0xffebebeb, 0x00ebebeb, 0xffebebeb, 0xffebebeb, 0x00ebebeb, 0x00ebebeb, 0x00ebebeb, 0xffebebeb, 0xffebebeb, 0x00ebebeb,
  0x00ebebeb, 0x00ebebeb, 0x00ebebeb, 0x00ebebeb, 0x00ebebeb, 0x00ebebeb, 0x00ebebeb, 0x00ebebeb, 0x00ebebeb, 0x00ebebeb, 0x00ebebeb, 0x00ebebeb,
  0x00ebebeb, 0x00ebebeb, 0xffebebeb, 0x00ebebeb, 0x00ebebeb, 0x00ebebeb, 0xffebebeb, 0x00ebebeb, 0x00ebebeb, 0x00ebebeb, 0x00ebebeb, 0x00ebebeb,
  0x00ebebeb, 0x00ebebeb, 0xffebebeb, 0x00ebebeb, 0x00ebebeb, 0x00ebebeb, 0xffebebeb, 0xffebebeb, 0xffebebeb, 0xffebebeb, 0x00ebebeb, 0x00ebebeb,
  0x00ebebeb, 0xffebebeb, 0xffebebeb, 0x00ebebeb, 0x00ebebeb, 0xffebebeb, 0x00ebebeb, 0x00ebebeb, 0xffebebeb, 0xffebebeb, 0x00ebebeb, 0x00ebebeb,
  0xffebebeb, 0xffebebeb, 0xffebebeb, 0xffebebeb, 0xffebebeb, 0xffebebeb, 0xffebebeb, 0xffebebeb, 0xffebebeb, 0xffebebeb, 0xffebebeb, 0x00ebebeb,
  0x00ebebeb, 0x00ebebeb, 0xffebebeb, 0x00ebebeb, 0x00ebebeb, 0xffebebeb, 0x00ebebeb, 0xffebebeb, 0xffebebeb, 0xffebebeb, 0xffebebeb, 0x00ebebeb,
  0x00ebebeb, 0x00ebebeb, 0xffebebeb, 0x00ebebeb, 0x00ebebeb, 0xffebebeb, 0x00ebebeb, 0xffebebeb, 0xffebebeb, 0xffebebeb, 0xffebebeb, 0x00ebebeb,
  0x00ebebeb, 0xffebebeb, 0xffebebeb, 0xffebebeb, 0x00ebebeb, 0xffebebeb, 0x00ebebeb, 0xffebebeb, 0xffebebeb, 0xffebebeb, 0xffebebeb, 0x00ebebeb,
  0x00ebebeb, 0xffebebeb, 0xffebebeb, 0x00ebebeb, 0xffebebeb, 0xffebebeb, 0xffebebeb, 0xffebebeb, 0xffebebeb, 0xffebebeb, 0xffebebeb, 0xffebebeb,
  0x00ebebeb, 0x00ebebeb, 0xffebebeb, 0x00ebebeb, 0x00ebebeb, 0x00ebebeb, 0xffebebeb, 0xffebebeb, 0xffebebeb, 0x00ebebeb, 0x00ebebeb, 0x00ebebeb,
  0x00ebebeb, 0x00ebebeb, 0xffebebeb, 0x00ebebeb, 0x00ebebeb, 0x00ebebeb, 0xffebebeb, 0xffebebeb, 0xffebebeb, 0xffebebeb, 0x00ebebeb, 0x00ebebeb,
  0x00ebebeb, 0xffebebeb, 0xffebebeb, 0x00ebebeb, 0x00ebebeb, 0xffebebeb, 0xffebebeb, 0x00ebebeb, 0x00ebebeb, 0xffebebeb, 0xffebebeb, 0x00ebebeb,
  0x00ebebeb, 0xffebebeb, 0xffebebeb, 0x00ebebeb, 0xffebebeb, 0x00ebebeb, 0x00ebebeb, 0x00ebebeb, 0x00ebebeb, 0x00ebebeb, 0xffebebeb, 0x00ebebeb,
  0x00ebebeb, 0x00ebebeb, 0xffebebeb, 0x00ebebeb, 0x00ebebeb, 0x00ebebeb, 0xffebebeb, 0x00ebebeb, 0xffebebeb, 0xffebebeb, 0x00ebebeb, 0x00ebebeb,
  0x00ebebeb, 0x00ebebeb, 0xffebebeb, 0x00ebebeb, 0x00ebebeb, 0xffebebeb, 0xffebebeb, 0x00ebebeb, 0xffebebeb, 0xffebebeb, 0x00ebebeb, 0x00ebebeb,
  0x00ebebeb, 0x00ebebeb, 0xffebebeb, 0x00ebebeb, 0x00ebebeb, 0xffebebeb, 0xffebebeb, 0xffebebeb, 0xffebebeb, 0xffebebeb, 0xffebebeb, 0x00ebebeb,
  0xffebebeb, 0xffebebeb, 0xffebebeb, 0xffebebeb, 0xffebebeb, 0xffebebeb, 0xffebebeb, 0x00ebebeb, 0xffebebeb, 0x00ebebeb, 0x00ebebeb, 0x00ebebeb,
  0x00ebebeb, 0x00ebebeb, 0xffebebeb, 0x00ebebeb, 0xffebebeb, 0xffebebeb, 0x00ebebeb, 0x00ebebeb, 0xffebebeb, 0x00ebebeb, 0x00ebebeb, 0x00ebebeb,
  0x00ebebeb, 0x00ebebeb, 0xffebebeb, 0x00ebebeb, 0xffebebeb, 0xffebebeb, 0xffebebeb, 0xffebebeb, 0xffebebeb, 0xffebebeb, 0xffebebeb, 0x00ebebeb,
  0x00ebebeb, 0xffebebeb, 0xffebebeb, 0xffebebeb, 0x00ebebeb, 0xffebebeb, 0xffebebeb, 0x00ebebeb, 0xffebebeb, 0x00ebebeb, 0x00ebebeb, 0x00ebebeb,
  0xffebebeb, 0xffebebeb, 0xffebebeb, 0xffebebeb, 0x00ebebeb, 0xffebebeb, 0xffebebeb, 0x00ebebeb, 0xffebebeb, 0x00ebebeb, 0x00ebebeb, 0x00ebebeb,
  0x00ebebeb, 0x00ebebeb, 0xffebebeb, 0x00ebebeb, 0x00ebebeb, 0xffebebeb, 0xffebebeb, 0xffebebeb, 0xffebebeb, 0xffebebeb, 0xffebebeb, 0x00ebebeb,
  0x00ebebeb, 0x00ebebeb, 0xffebebeb, 0x00ebebeb, 0x00ebebeb, 0xffebebeb, 0x00ebebeb, 0x00ebebeb, 0xffebebeb, 0x00ebebeb, 0x00ebebeb, 0x00ebebeb,
  0x00ebebeb, 0x00ebebeb, 0xffebebeb, 0x00ebebeb, 0x00ebebeb, 0xffebebeb, 0xffebebeb, 0xffebebeb, 0xffebebeb, 0xffebebeb, 0xffebebeb, 0xffebebeb,
  0x00ebebeb, 0xffebebeb, 0xffebebeb, 0x00ebebeb, 0x00ebebeb, 0xffebebeb, 0xffebebeb, 0x00ebebeb, 0x00ebebeb, 0x00ebebeb, 0x00ebebeb, 0x00ebebeb,
  0x00ebebeb, 0x00ebebeb, 0xffebebeb, 0x00ebebeb, 0xffebebeb, 0xffebebeb, 0xffebebeb, 0x00ebebeb, 0xffebebeb, 0xffebebeb, 0xffebebeb, 0xffebebeb,
  0x00ebebeb, 0xffebebeb, 0xffebebeb, 0x00ebebeb, 0xffebebeb, 0x00ebebeb, 0xffebebeb, 0x00ebebeb, 0xffebebeb, 0x00ebebeb, 0xffebebeb, 0x00ebebeb,
  0xffebebeb, 0xffebebeb, 0xffebebeb, 0xffebebeb, 0xffebebeb, 0xffebebeb, 0xffebebeb, 0xffebebeb, 0xffebebeb, 0x00ebebeb, 0xffebebeb, 0x00ebebeb,
  0x00ebebeb, 0x00ebebeb, 0xffebebeb, 0x00ebebeb, 0x00ebebeb, 0xffebebeb, 0x00ebebeb, 0x00ebebeb, 0xffebebeb, 0xffebebeb, 0xffebebeb, 0x00ebebeb,
  0x00ebebeb, 0x00ebebeb, 0xffebebeb, 0x00ebebeb, 0x00ebebeb, 0xffebebeb, 0xffebebeb, 0x00ebebeb, 0xffebebeb, 0xffebebeb, 0xffebebeb, 0x00ebebeb,
  0x00ebebeb, 0xffebebeb, 0xffebebeb, 0xffebebeb, 0xffebebeb, 0xffebebeb, 0xffebebeb, 0xffebebeb, 0xffebebeb, 0x00ebebeb, 0xffebebeb, 0x00ebebeb,
  0x00ebebeb, 0xffebebeb, 0xffebebeb, 0x00ebebeb, 0x00ebebeb, 0xffebebeb, 0x00ebebeb, 0x00ebebeb, 0xffebebeb, 0x00ebebeb, 0xffebebeb, 0x00ebebeb,
  0x00ebebeb, 0x00ebebeb, 0xffebebeb, 0x00ebebeb, 0x00ebebeb, 0xffebebeb, 0xffebebeb, 0x00ebebeb, 0xffebebeb, 0x00ebebeb, 0xffebebeb, 0x00ebebeb,
  0x00ebebeb, 0x00ebebeb, 0xffebebeb, 0x00ebebeb, 0xffebebeb, 0xffebebeb, 0xffebebeb, 0xffebebeb, 0xffebebeb, 0xffebebeb, 0xffebebeb, 0x00ebebeb,
  0x00ebebeb, 0xffebebeb, 0xffebebeb, 0xffebebeb, 0xffebebeb, 0x00ebebeb, 0x00ebebeb, 0xffebebeb, 0xffebebeb, 0xffebebeb, 0x00ebebeb, 0x00ebebeb,
  0x00ebebeb, 0xffebebeb, 0x00ebebeb, 0x00ebebeb, 0x00ebebeb, 0x00ebebeb, 0x00ebebeb, 0x00ebebeb, 0xffebebeb, 0x00ebebeb, 0x00ebebeb, 0x00ebebeb,
  0x00ebebeb, 0x00ebebeb, 0x00ebebeb, 0x00ebebeb, 0x00ebebeb, 0x00ebebeb, 0x00ebebeb, 0x00ebebeb, 0x00ebebeb, 0x00ebebeb, 0x00ebebeb, 0x00ebebeb,
  0x00ebebeb, 0x00ebebeb, 0xffebebeb, 0xffebebeb, 0xffebebeb, 0xffebebeb, 0xffebebeb, 0xffebebeb, 0x00ebebeb, 0x00ebebeb, 0x00ebebeb, 0x00ebebeb,
  0x00ebebeb, 0x00ebebeb, 0xffebebeb, 0x00ebebeb, 0x00ebebeb, 0x00ebebeb, 0xffebebeb, 0xffebebeb, 0x00ebebeb, 0x00ebebeb, 0x00ebebeb, 0x00ebebeb,
  0x00ebebeb, 0x00ebebeb, 0xffebebeb, 0xffebebeb, 0xffebebeb, 0xffebebeb, 0xffebebeb, 0xffebebeb, 0xffebebeb, 0xffebebeb, 0xffebebeb, 0x00ebebeb,
  0x00ebebeb, 0x00ebebeb, 0xffebebeb, 0x00ebebeb, 0x00ebebeb, 0x00ebebeb, 0x00ebebeb, 0xffebebeb, 0x00ebebeb, 0x00ebebeb, 0x00ebebeb, 0x00ebebeb,
  0x00ebebeb, 0xffebebeb, 0xffebebeb, 0xffebebeb, 0xffebebeb, 0xffebebeb, 0xffebebeb, 0xffebebeb, 0xffebebeb, 0xffebebeb, 0xffebebeb, 0xffebebeb,
  0x00ebebeb, 0x00ebebeb, 0x00ebebeb, 0x00ebebeb, 0x00ebebeb, 0x00ebebeb, 0x00ebebeb, 0x00ebebeb, 0xffebebeb, 0xffebebeb, 0xffebebeb, 0x00ebebeb,
  0x00ebebeb, 0x00ebebeb, 0xffebebeb, 0xffebebeb, 0xffebebeb, 0xffebebeb, 0xffebebeb, 0xffebebeb, 0xffebebeb, 0xffebebeb, 0x00ebebeb, 0x00ebebeb,
  0x00ebebeb, 0x00ebebeb, 0xffebebeb, 0xffebebeb, 0x00ebebeb, 0x00ebebeb, 0x00ebebeb, 0x00ebebeb, 0xffebebeb, 0xffebebeb, 0x00ebebeb, 0x00ebebeb,
  0x00ebebeb, 0x00ebebeb, 0xffebebeb, 0xffebebeb, 0xffebebeb, 0xffebebeb, 0xffebebeb, 0xffebebeb, 0xffebebeb, 0xffebebeb, 0x00ebebeb, 0x00ebebeb,
  0x00ebebeb, 0x00ebebeb, 0xffebebeb, 0xffebebeb, 0x00ebebeb, 0x00ebebeb, 0x00ebebeb, 0x00ebebeb, 0xffebebeb, 0xffebebeb, 0x00ebebeb, 0x00ebebeb,
  0x00ebebeb, 0x00ebebeb, 0xffebebeb, 0xffebebeb, 0xffebebeb, 0xffebebeb, 0xffebebeb, 0xffebebeb, 0xffebebeb, 0xffebebeb, 0x00ebebeb, 0x00ebebeb,
  0x00ebebeb, 0x00ebebeb, 0x00ebebeb, 0x00ebebeb, 0x00ebebeb, 0x00ebebeb, 0x00ebebeb, 0x00ebebeb, 0x00ebebeb, 0x00ebebeb, 0x00ebebeb, 0x00ebebeb,
  0x00ebebeb, 0x00ebebeb, 0xffebebeb, 0xffebebeb, 0xffebebeb, 0xffebebeb, 0xffebebeb, 0xffebebeb, 0xffebebeb, 0xffebebeb, 0x00ebebeb, 0x00ebebeb,
  0x00ebebeb, 0x00ebebeb, 0xffebebeb, 0x00ebebeb, 0x00ebebeb, 0x00ebebeb, 0x00ebebeb, 0x00ebebeb, 0xffebebeb, 0xffebebeb, 0x00ebebeb, 0x00ebebeb,
  0x00ebebeb, 0x00ebebeb, 0xffebebeb, 0xffebebeb, 0xffebebeb, 0xffebebeb, 0xffebebeb, 0xffebebeb, 0xffebebeb, 0xffebebeb, 0x00ebebeb, 0x00ebebeb,
  0x00ebebeb, 0x00ebebeb, 0xffebebeb, 0xffebebeb, 0xffebebeb, 0xffebebeb, 0xffebebeb, 0xffebebeb, 0xffebebeb, 0xffebebeb, 0x00ebebeb, 0x00ebebeb,
  0x00ebebeb, 0x00ebebeb, 0x00ebebeb, 0x00ebebeb, 0x00ebebeb, 0xffebebeb, 0xffebebeb, 0x00ebebeb, 0x00ebebeb, 0x00ebebeb, 0x00ebebeb, 0x00ebebeb,
  0x00ebebeb, 0xffebebeb, 0xffebebeb, 0xffebebeb, 0xffebebeb, 0xffebebeb, 0xffebebeb, 0xffebebeb, 0xffebebeb, 0xffebebeb, 0xffebebeb, 0x00ebebeb,
  0x00ebebeb, 0x00ebebeb, 0x00ebebeb, 0xffebebeb, 0xffebebeb, 0xffebebeb, 0xffebebeb, 0xffebebeb, 0xffebebeb, 0x00ebebeb, 0x00ebebeb, 0x00ebebeb,
  0x00ebebeb, 0x00ebebeb, 0xffebebeb, 0xffebebeb, 0x00ebebeb, 0x00ebebeb, 0x00ebebeb, 0x00ebebeb, 0xffebebeb, 0xffebebeb, 0x00ebebeb, 0x00ebebeb,
  0x00ebebeb, 0x00ebebeb, 0xffebebeb, 0xffebebeb, 0xffebebeb, 0xffebebeb, 0xffebebeb, 0xffebebeb, 0xffebebeb, 0xffebebeb, 0x00ebebeb, 0x00ebebeb,
  0x00ebebeb, 0x00ebebeb, 0x00ebebeb, 0xffebebeb, 0x00ebebeb, 0xffebebeb, 0xffebebeb, 0x00ebebeb, 0xffebebeb, 0x00ebebeb, 0x00ebebeb, 0x00ebebeb,
  0x00ebebeb, 0xffebebeb, 0xffebebeb, 0xffebebeb, 0x00ebebeb, 0xffebebeb, 0xffebebeb, 0x00ebebeb, 0xffebebeb, 0xffebebeb, 0xffebebeb, 0x00ebebeb,
  0x00ebebeb, 0xffebebeb, 0x00ebebeb, 0x00ebebeb, 0xffebebeb, 0xffebebeb, 0x00ebebeb, 0x00ebebeb, 0x00ebebeb, 0x00ebebeb, 0xffebebeb, 0x00ebebeb,
  0x00ebebeb, 0x00ebebeb, 0xffebebeb, 0x00ebebeb, 0x00ebebeb, 0x00ebebeb, 0x00ebebeb, 0x00ebebeb, 0x00ebebeb, 0x00ebebeb, 0x00ebebeb, 0x00ebebeb,
  0x00ebebeb, 0x00ebebeb, 0xffebebeb, 0x00ebebeb, 0x00ebebeb, 0xffebebeb, 0xffebebeb, 0xffebebeb, 0xffebebeb, 0xffebebeb, 0xffebebeb, 0x00ebebeb,
  0x00ebebeb, 0x00ebebeb, 0xffebebeb, 0xffebebeb, 0x00ebebeb, 0xffebebeb, 0xffebebeb, 0x00ebebeb, 0x00ebebeb, 0x00ebebeb, 0x00ebebeb, 0x00ebebeb,
  0x00ebebeb, 0xffebebeb, 0xffebebeb, 0xffebebeb, 0xffebebeb, 0xffebebeb, 0xffebebeb, 0x00ebebeb, 0x00ebebeb, 0x00ebebeb, 0x00ebebeb, 0x00ebebeb,
  0x00ebebeb, 0x00ebebeb, 0xffebebeb, 0x00ebebeb, 0x00ebebeb, 0xffebebeb, 0xffebebeb, 0xffebebeb, 0xffebebeb, 0xffebebeb, 0xffebebeb, 0x00ebebeb,
  0x00ebebeb, 0x00ebebeb, 0xffebebeb, 0xffebebeb, 0x00ebebeb, 0xffebebeb, 0xffebebeb, 0xffebebeb, 0x00ebebeb, 0xffebebeb, 0xffebebeb, 0x00ebebeb,
  0x00ebebeb, 0xffebebeb, 0xffebebeb, 0xffebebeb, 0xffebebeb, 0xffebebeb, 0xffebebeb, 0xffebebeb, 0x00ebebeb, 0xffebebeb, 0xffebebeb, 0x00ebebeb,
  0x00ebebeb, 0xffebebeb, 0xffebebeb, 0xffebebeb, 0xffebebeb, 0xffebebeb, 0x00ebebeb, 0xffebebeb, 0xffebebeb, 0xffebebeb, 0x00ebebeb, 0x00ebebeb,
  0xffebebeb, 0xffebebeb, 0xffebebeb, 0x00ebebeb, 0x00ebebeb, 0xffebebeb, 0x00ebebeb, 0x00ebebeb, 0xffebebeb, 0xffebebeb, 0x00ebebeb, 0x00ebebeb,
  0x00ebebeb, 0x00ebebeb, 0xffebebeb, 0x00ebebeb, 0x00ebebeb, 0xffebebeb, 0x00ebebeb, 0x00ebebeb, 0xffebebeb, 0xffebebeb, 0x00ebebeb, 0x00ebebeb,
  0x00ebebeb, 0x00ebebeb, 0xffebebeb, 0x00ebebeb, 0xffebebeb, 0xffebebeb, 0xffebebeb, 0xffebebeb, 0xffebebeb, 0xffebebeb, 0xffebebeb, 0x00ebebeb,
  0x00ebebeb, 0x00ebebeb, 0xffebebeb, 0x00ebebeb, 0xffebebeb, 0x00ebebeb, 0xffebebeb, 0xffebebeb, 0x00ebebeb, 0x00ebebeb, 0xffebebeb, 0x00ebebeb,
  0x00ebebeb, 0x00ebebeb, 0xffebebeb, 0xffebebeb, 0x00ebebeb, 0x00ebebeb, 0x00ebebeb, 0x00ebebeb, 0xffebebeb, 0x00ebebeb, 0x00ebebeb, 0x00ebebeb,
  0x00ebebeb, 0x00ebebeb, 0xffebebeb, 0xffebebeb, 0x00ebebeb, 0x00ebebeb, 0x00ebebeb, 0x00ebebeb, 0xffebebeb, 0x00ebebeb, 0x00ebebeb, 0x00ebebeb,
  0x00ebebeb, 0x00ebebeb, 0xffebebeb, 0xffebebeb, 0x00ebebeb, 0x00ebebeb, 0x00ebebeb, 0x00ebebeb, 0xffebebeb, 0xffebebeb, 0x00ebebeb, 0x00ebebeb,
  0x00ebebeb, 0xffebebeb, 0xffebebeb, 0xffebebeb, 0xffebebeb, 0xffebebeb, 0xffebebeb, 0xffebebeb, 0xffebebeb, 0xffebebeb, 0xffebebeb, 0x00ebebeb,
  0x00ebebeb, 0x00ebebeb, 0xffebebeb, 0xffebebeb, 0x00ebebeb, 0x00ebebeb, 0x00ebebeb, 0xffebebeb, 0xffebebeb, 0xffebebeb, 0x00ebebeb, 0x00ebebeb,
  0x00ebebeb, 0x00ebebeb, 0xffebebeb, 0xffebebeb, 0xffebebeb, 0x00ebebeb, 0x00ebebeb, 0xffebebeb, 0xffebebeb, 0xffebebeb, 0x00ebebeb, 0x00ebebeb,
  0x00ebebeb, 0xffebebeb, 0xffebebeb, 0xffebebeb, 0xffebebeb, 0xffebebeb, 0x00ebebeb, 0xffebebeb, 0xffebebeb, 0xffebebeb, 0x00ebebeb, 0x00ebebeb,
  0x00ebebeb, 0xffebebeb, 0xffebebeb, 0xffebebeb, 0x00ebebeb, 0x00ebebeb, 0xffebebeb, 0xffebebeb, 0xffebebeb, 0xffebebeb, 0xffebebeb, 0x00ebebeb,
  0xffebebeb, 0xffebebeb, 0xffebebeb, 0xffebebeb, 0x00ebebeb, 0xffebebeb, 0xffebebeb, 0x00ebebeb, 0xffebebeb, 0x00ebebeb, 0xffebebeb, 0xffebebeb,
  0x00ebebeb, 0x00ebebeb, 0xffebebeb, 0xffebebeb, 0x00ebebeb, 0xffebebeb, 0x00ebebeb, 0x00ebebeb, 0xffebebeb, 0x00ebebeb, 0x00ebebeb, 0x00ebebeb,
  0x00ebebeb, 0x00ebebeb, 0xffebebeb, 0xffebebeb, 0x00ebebeb, 0x00ebebeb, 0x00ebebeb, 0x00ebebeb, 0xffebebeb, 0x00ebebeb, 0x00ebebeb, 0x00ebebeb,
  0x00ebebeb, 0x00ebebeb, 0xffebebeb, 0xffebebeb, 0x00ebebeb, 0x00ebebeb, 0x00ebebeb, 0x00ebebeb, 0xffebebeb, 0x00ebebeb, 0x00ebebeb, 0x00ebebeb,
  0x00ebebeb, 0x00ebebeb, 0x00ebebeb, 0x00ebebeb, 0x00ebebeb, 0xffebebeb, 0xffebebeb, 0x00ebebeb, 0x00ebebeb, 0x00ebebeb, 0x00ebebeb, 0x00ebebeb,
  0x00ebebeb, 0x00ebebeb, 0x00ebebeb, 0x00ebebeb, 0x00ebebeb, 0xffebebeb, 0xffebebeb, 0x00ebebeb, 0x00ebebeb, 0x00ebebeb, 0x00ebebeb, 0x00ebebeb,
  0x00ebebeb, 0xffebebeb, 0xffebebeb, 0xffebebeb, 0xffebebeb, 0xffebebeb, 0xffebebeb, 0xffebebeb, 0xffebebeb, 0xffebebeb, 0xffebebeb, 0x00ebebeb,
  0x00ebebeb, 0x00ebebeb, 0x00ebebeb, 0xffebebeb, 0xffebebeb, 0xffebebeb, 0xffebebeb, 0xffebebeb, 0xffebebeb, 0x00ebebeb, 0x00ebebeb, 0x00ebebeb,
  0x00ebebeb, 0x00ebebeb, 0xffebebeb, 0xffebebeb, 0x00ebebeb, 0xffebebeb, 0xffebebeb, 0x00ebebeb, 0xffebebeb, 0xffebebeb, 0xffebebeb, 0x00ebebeb,
  0x00ebebeb, 0xffebebeb, 0xffebebeb, 0xffebebeb, 0xffebebeb, 0xffebebeb, 0xffebebeb, 0xffebebeb, 0xffebebeb, 0xffebebeb, 0xffebebeb, 0x00ebebeb,
  0x00ebebeb, 0x00ebebeb, 0xffebebeb, 0xffebebeb, 0x00ebebeb, 0x00ebebeb, 0x00ebebeb, 0x00ebebeb, 0xffebebeb, 0x00ebebeb, 0x00ebebeb, 0x00ebebeb,
  0x00ebebeb, 0x00ebebeb, 0xffebebeb, 0xffebebeb, 0xffebebeb, 0xffebebeb, 0xffebebeb, 0xffebebeb, 0xffebebeb, 0x00ebebeb, 0x00ebebeb, 0x00ebebeb,
  0x00ebebeb, 0x00ebebeb, 0xffebebeb, 0xffebebeb, 0x00ebebeb, 0x00ebebeb, 0x00ebebeb, 0x00ebebeb, 0xffebebeb, 0x00ebebeb, 0x00ebebeb, 0x00ebebeb,
  0x00ebebeb, 0x00ebebeb, 0xffebebeb, 0xffebebeb, 0xffebebeb, 0xffebebeb, 0xffebebeb, 0xffebebeb, 0xffebebeb, 0x00ebebeb, 0x00ebebeb, 0x00ebebeb,
  0x00ebebeb, 0x00ebebeb, 0x00ebebeb, 0x00ebebeb, 0x00ebebeb, 0x00ebebeb, 0x00ebebeb, 0x00ebebeb, 0x00ebebeb, 0x00ebebeb, 0x00ebebeb, 0x00ebebeb,
  0x00ebebeb, 0xffebebeb, 0xffebebeb, 0xffebebeb, 0xffebebeb, 0xffebebeb, 0xffebebeb, 0xffebebeb, 0xffebebeb, 0xffebebeb, 0xffebebeb, 0x00ebebeb,
  0x00ebebeb, 0x00ebebeb, 0xffebebeb, 0x00ebebeb, 0x00ebebeb, 0x00ebebeb, 0x00ebebeb, 0xffebebeb, 0xffebebeb, 0x00ebebeb, 0x00ebebeb, 0x00ebebeb,
  0x00ebebeb, 0x00ebebeb, 0xffebebeb, 0x00ebebeb, 0x00ebebeb, 0x00ebebeb, 0x00ebebeb, 0xffebebeb, 0xffebebeb, 0x00ebebeb, 0x00ebebeb, 0x00ebebeb,
  0x00ebebeb, 0x00ebebeb, 0xffebebeb, 0xffebebeb, 0xffebebeb, 0xffebebeb, 0xffebebeb, 0xffebebeb, 0xffebebeb, 0xffebebeb, 0xffebebeb, 0x00ebebeb,
  0x00ebebeb, 0xffebebeb, 0xffebebeb, 0xffebebeb, 0xffebebeb, 0x00ebebeb, 0xffebebeb, 0x00ebebeb, 0x00ebebeb, 0xffebebeb, 0x00ebebeb, 0x00ebebeb,
  0x00ebebeb, 0x00ebebeb, 0xffebebeb, 0x00ebebeb, 0x00ebebeb, 0xffebebeb, 0xffebebeb, 0x00ebebeb, 0x00ebebeb, 0xffebebeb, 0xffebebeb, 0x00ebebeb,
  0x00ebebeb, 0x00ebebeb, 0xffebebeb, 0xffebebeb, 0x00ebebeb, 0xffebebeb, 0xffebebeb, 0x00ebebeb, 0x00ebebeb, 0x00ebebeb, 0xffebebeb, 0x00ebebeb,
  0x00ebebeb, 0xffebebeb, 0xffebebeb, 0xffebebeb, 0xffebebeb, 0x00ebebeb, 0xffebebeb, 0xffebebeb, 0xffebebeb, 0xffebebeb, 0x00ebebeb, 0x00ebebeb,
  0x00ebebeb, 0xffebebeb, 0xffebebeb, 0xffebebeb, 0xffebebeb, 0x00ebebeb, 0x00ebebeb, 0xffebebeb, 0xffebebeb, 0xffebebeb, 0x00ebebeb, 0x00ebebeb,
  0xffebebeb, 0xffebebeb, 0xffebebeb, 0x00ebebeb, 0x00ebebeb, 0x00ebebeb, 0x00ebebeb, 0xffebebeb, 0xffebebeb, 0x00ebebeb, 0x00ebebeb, 0x00ebebeb,
  0x00ebebeb, 0x00ebebeb, 0xffebebeb, 0x00ebebeb, 0x00ebebeb, 0x00ebebeb, 0x00ebebeb, 0xffebebeb, 0xffebebeb, 0xffebebeb, 0x00ebebeb, 0x00ebebeb,
  0x00ebebeb, 0x00ebebeb, 0xffebebeb, 0x00ebebeb, 0x00ebebeb, 0xffebebeb, 0xffebebeb, 0xffebebeb, 0xffebebeb, 0xffebebeb, 0xffebebeb, 0x00ebebeb,
  0x00ebebeb, 0x00ebebeb, 0xffebebeb, 0x00ebebeb, 0x00ebebeb, 0xffebebeb, 0x00ebebeb, 0x00ebebeb, 0x00ebebeb, 0x00ebebeb, 0xffebebeb, 0x00ebebeb,
  0x00ebebeb, 0x00ebebeb, 0x00ebebeb, 0x00ebebeb, 0x00ebebeb, 0xffebebeb, 0xffebebeb, 0x00ebebeb, 0x00ebebeb, 0x00ebebeb, 0x00ebebeb, 0x00ebebeb,
  0x00ebebeb, 0xffebebeb, 0xffebebeb, 0xffebebeb, 0xffebebeb, 0xffebebeb, 0xffebebeb, 0xffebebeb, 0xffebebeb, 0xffebebeb, 0xffebebeb, 0x00ebebeb,
  0x00ebebeb, 0xffebebeb, 0x00ebebeb, 0x00ebebeb, 0xffebebeb, 0xffebebeb, 0x00ebebeb, 0x00ebebeb, 0x00ebebeb, 0x00ebebeb, 0xffebebeb, 0x00ebebeb,
  0x00ebebeb, 0xffebebeb, 0xffebebeb, 0xffebebeb, 0xffebebeb, 0xffebebeb, 0xffebebeb, 0xffebebeb, 0xffebebeb, 0xffebebeb, 0xffebebeb, 0x00ebebeb,
  0x00ebebeb, 0x00ebebeb, 0x00ebebeb, 0xffebebeb, 0xffebebeb, 0x00ebebeb, 0x00ebebeb, 0xffebebeb, 0xffebebeb, 0x00ebebeb, 0x00ebebeb, 0x00ebebeb,
  0x00ebebeb, 0x00ebebeb, 0x00ebebeb, 0xffebebeb, 0xffebebeb, 0xffebebeb, 0xffebebeb, 0xffebebeb, 0xffebebeb, 0x00ebebeb, 0x00ebebeb, 0x00ebebeb,
  0x00ebebeb, 0xffebebeb, 0xffebebeb, 0xffebebeb, 0xffebebeb, 0xffebebeb, 0xffebebeb, 0xffebebeb, 0xffebebeb, 0xffebebeb, 0x00ebebeb, 0x00ebebeb,
  0x00ebebeb, 0x00ebebeb, 0x00ebebeb, 0x00ebebeb, 0x00ebebeb, 0xffebebeb, 0xffebebeb, 0x00ebebeb, 0x00ebebeb, 0xffebebeb, 0x00ebebeb, 0x00ebebeb,
  0x00ebebeb, 0xffebebeb, 0xffebebeb, 0xffebebeb, 0xffebebeb, 0xffebebeb, 0xffebebeb, 0xffebebeb, 0xffebebeb, 0xffebebeb, 0xffebebeb, 0x00ebebeb,
  0x00ebebeb, 0x00ebebeb, 0x00ebebeb, 0xffebebeb, 0xffebebeb, 0xffebebeb, 0xffebebeb, 0xffebebeb, 0xffebebeb, 0x00ebebeb, 0x00ebebeb, 0x00ebebeb,
  0x00ebebeb, 0xffebebeb, 0xffebebeb, 0xffebebeb, 0x00ebebeb, 0xffebebeb, 0xffebebeb, 0x00ebebeb, 0xffebebeb, 0xffebebeb, 0xffebebeb, 0x00ebebeb,
  0x00ebebeb, 0xffebebeb, 0x00ebebeb, 0x00ebebeb, 0x00ebebeb, 0xffebebeb, 0xffebebeb, 0x00ebebeb, 0x00ebebeb, 0x00ebebeb, 0xffebebeb, 0x00ebebeb,
  0x00ebebeb, 0x00ebebeb, 0xffebebeb, 0x00ebebeb, 0x00ebebeb, 0x00ebebeb, 0x00ebebeb, 0xffebebeb, 0x00ebebeb, 0x00ebebeb, 0x00ebebeb, 0x00ebebeb,
  0x00ebebeb, 0x00ebebeb, 0xffebebeb, 0x00ebebeb, 0x00ebebeb, 0x00ebebeb, 0xffebebeb, 0xffebebeb, 0xffebebeb, 0x00ebebeb, 0x00ebebeb, 0x00ebebeb,
  0xffebebeb, 0xffebebeb, 0xffebebeb, 0xffebebeb, 0x00ebebeb, 0xffebebeb, 0xffebebeb, 0x00ebebeb, 0xffebebeb, 0xffebebeb, 0x00ebebeb, 0x00ebebeb,
  0x00ebebeb, 0xffebebeb, 0xffebebeb, 0xffebebeb, 0xffebebeb, 0xffebebeb, 0x00ebebeb, 0x00ebebeb, 0x00ebebeb, 0xffebebeb, 0xffebebeb, 0xffebebeb,
  0x00ebebeb, 0xffebebeb, 0xffebebeb, 0xffebebeb, 0xffebebeb, 0xffebebeb, 0xffebebeb, 0xffebebeb, 0xffebebeb, 0xffebebeb, 0x00ebebeb, 0x00ebebeb,
  0x00ebebeb, 0xffebebeb, 0xffebebeb, 0xffebebeb, 0x00ebebeb, 0x00ebebeb, 0x00ebebeb, 0x00ebebeb, 0x00ebebeb, 0x00ebebeb, 0x00ebebeb, 0x00ebebeb,
  0x00ebebeb, 0xffebebeb, 0xffebebeb, 0xffebebeb, 0x00ebebeb, 0xffebebeb, 0x00ebebeb, 0xffebebeb, 0x00ebebeb, 0x00ebebeb, 0xffebebeb, 0x00ebebeb,
  0xffebebeb, 0xffebebeb, 0xffebebeb, 0x00ebebeb, 0x00ebebeb, 0xffebebeb, 0x00ebebeb, 0xffebebeb, 0x00ebebeb, 0xffebebeb, 0xffebebeb, 0x00ebebeb,
  0x00ebebeb, 0x00ebebeb, 0xffebebeb, 0x00ebebeb, 0x00ebebeb, 0xffebebeb, 0x00ebebeb, 0xffebebeb, 0xffebebeb, 0xffebebeb, 0x00ebebeb, 0x00ebebeb,
  0x00ebebeb, 0x00ebebeb, 0xffebebeb, 0x00ebebeb, 0x00ebebeb, 0x00ebebeb, 0x00ebebeb, 0x00ebebeb, 0x00ebebeb, 0xffebebeb, 0x00ebebeb, 0x00ebebeb,
  0x00ebebeb, 0x00ebebeb, 0xffebebeb, 0x00ebebeb, 0xffebebeb, 0xffebebeb, 0xffebebeb, 0xffebebeb, 0xffebebeb, 0xffebebeb, 0xffebebeb, 0x00ebebeb,
  0x00ebebeb, 0x00ebebeb, 0xffebebeb, 0x00ebebeb, 0x00ebebeb, 0x00ebebeb, 0x00ebebeb, 0x00ebebeb, 0x00ebebeb, 0x00ebebeb, 0x00ebebeb, 0x00ebebeb,
  0x00ebebeb, 0x00ebebeb, 0x00ebebeb, 0x00ebebeb, 0x00ebebeb, 0x00ebebeb, 0x00ebebeb, 0x00ebebeb, 0x00ebebeb, 0x00ebebeb, 0x00ebebeb, 0x00ebebeb,
  0x00ebebeb, 0xffebebeb, 0xffebebeb, 0xffebebeb, 0xffebebeb, 0xffebebeb, 0xffebebeb, 0xffebebeb, 0xffebebeb, 0xffebebeb, 0xffebebeb, 0x00ebebeb,
  0x00ebebeb, 0x00ebebeb, 0x00ebebeb, 0x00ebebeb, 0x00ebebeb, 0x00ebebeb, 0xffebebeb, 0x00ebebeb, 0x00ebebeb, 0x00ebebeb, 0x00ebebeb, 0x00ebebeb,
  0x00ebebeb, 0x00ebebeb, 0x00ebebeb, 0x00ebebeb, 0x00ebebeb, 0x00ebebeb, 0xffebebeb, 0x00ebebeb, 0x00ebebeb, 0x00ebebeb, 0x00ebebeb, 0x00ebebeb,
  0x00ebebeb, 0x00ebebeb, 0xffebebeb, 0x00ebebeb, 0x00ebebeb, 0x00ebebeb, 0xffebebeb, 0x00ebebeb, 0x00ebebeb, 0x00ebebeb, 0x00ebebeb, 0x00ebebeb,
  0x00ebebeb, 0x00ebebeb, 0xffebebeb, 0x00ebebeb, 0x00ebebeb, 0x00ebebeb, 0xffebebeb, 0xffebebeb, 0xffebebeb, 0xffebebeb, 0xffebebeb, 0x00ebebeb,
  0x00ebebeb, 0x00ebebeb, 0xffebebeb, 0x00ebebeb, 0x00ebebeb, 0x00ebebeb, 0xffebebeb, 0x00ebebeb, 0x00ebebeb, 0x00ebebeb, 0x00ebebeb, 0x00ebebeb,
  0x00ebebeb, 0x00ebebeb, 0xffebebeb, 0x00ebebeb, 0x00ebebeb, 0x00ebebeb, 0xffebebeb, 0x00ebebeb, 0x00ebebeb, 0x00ebebeb, 0x00ebebeb, 0x00ebebeb,
  0x00ebebeb, 0x00ebebeb, 0xffebebeb, 0x00ebebeb, 0x00ebebeb, 0x00ebebeb, 0xffebebeb, 0x00ebebeb, 0x00ebebeb, 0x00ebebeb, 0x00ebebeb, 0x00ebebeb,
  0x00ebebeb, 0x00ebebeb, 0xffebebeb, 0x00ebebeb, 0x00ebebeb, 0x00ebebeb, 0xffebebeb, 0x00ebebeb, 0x00ebebeb, 0x00ebebeb, 0x00ebebeb, 0x00ebebeb,
  0x00ebebeb, 0xffebebeb, 0xffebebeb, 0xffebebeb, 0xffebebeb, 0xffebebeb, 0xffebebeb, 0xffebebeb, 0xffebebeb, 0xffebebeb, 0xffebebeb, 0x00ebebeb,
  0x00ebebeb, 0x00ebebeb, 0x00ebebeb, 0x00ebebeb, 0x00ebebeb, 0x00ebebeb, 0x00ebebeb, 0x00ebebeb, 0x00ebebeb, 0x00ebebeb, 0x00ebebeb, 0x00ebebeb,
  0x00ebebeb, 0x00ebebeb, 0xffebebeb, 0x00ebebeb, 0x00ebebeb, 0x00ebebeb, 0x00ebebeb, 0xffebebeb, 0x00ebebeb, 0x00ebebeb, 0x00ebebeb, 0x00ebebeb,
  0x00ebebeb, 0x00ebebeb, 0xffebebeb, 0x00ebebeb, 0x00ebebeb, 0x00ebebeb, 0xffebebeb, 0xffebebeb, 0x00ebebeb, 0x00ebebeb, 0x00ebebeb, 0x00ebebeb,
  0x00ebebeb, 0x00ebebeb, 0xffebebeb, 0x00ebebeb, 0x00ebebeb, 0x00ebebeb, 0xffebebeb, 0xffebebeb, 0x00ebebeb, 0x00ebebeb, 0x00ebebeb, 0x00ebebeb,
  0x00ebebeb, 0x00ebebeb, 0xffebebeb, 0x00ebebeb, 0x00ebebeb, 0x00ebebeb, 0xffebebeb, 0xffebebeb, 0x00ebebeb, 0x00ebebeb, 0xffebebeb, 0x00ebebeb,
  0x00ebebeb, 0x00ebebeb, 0xffebebeb, 0xffebebeb, 0xffebebeb, 0xffebebeb, 0xffebebeb, 0xffebebeb, 0xffebebeb, 0xffebebeb, 0xffebebeb, 0x00ebebeb,
  0x00ebebeb, 0x00ebebeb, 0xffebebeb, 0xffebebeb, 0x00ebebeb, 0x00ebebeb, 0xffebebeb, 0xffebebeb, 0xffebebeb, 0x00ebebeb, 0x00ebebeb, 0x00ebebeb,
  0x00ebebeb, 0x00ebebeb, 0xffebebeb, 0x00ebebeb, 0x00ebebeb, 0x00ebebeb, 0xffebebeb, 0xffebebeb, 0x00ebebeb, 0x00ebebeb, 0x00ebebeb, 0x00ebebeb,
  0x00ebebeb, 0x00ebebeb, 0xffebebeb, 0x00ebebeb, 0x00ebebeb, 0x00ebebeb, 0xffebebeb, 0xffebebeb, 0x00ebebeb, 0x00ebebeb, 0x00ebebeb, 0x00ebebeb,
  0x00ebebeb, 0x00ebebeb, 0xffebebeb, 0x00ebebeb, 0x00ebebeb, 0x00ebebeb, 0xffebebeb, 0xffebebeb, 0x00ebebeb, 0x00ebebeb, 0x00ebebeb, 0x00ebebeb,
  0x00ebebeb, 0x00ebebeb, 0xffebebeb, 0xffebebeb, 0x00ebebeb, 0xffebebeb, 0xffebebeb, 0xffebebeb, 0x00ebebeb, 0x00ebebeb, 0xffebebeb, 0xffebebeb,
  0x00ebebeb, 0xffebebeb, 0xffebebeb, 0xffebebeb, 0xffebebeb, 0xffebebeb, 0x00ebebeb, 0xffebebeb, 0x00ebebeb, 0x00ebebeb, 0xffebebeb, 0xffebebeb,
  0x00ebebeb, 0xffebebeb, 0xffebebeb, 0x00ebebeb, 0x00ebebeb, 0x00ebebeb, 0x00ebebeb, 0xffebebeb, 0xffebebeb, 0xffebebeb, 0xffebebeb, 0x00ebebeb,
  0x00ebebeb, 0x00ebebeb, 0xffebebeb, 0x00ebebeb, 0x00ebebeb, 0x00ebebeb, 0x00ebebeb, 0xffebebeb, 0x00ebebeb, 0x00ebebeb, 0x00ebebeb, 0x00ebebeb,
  0x00ebebeb, 0x00ebebeb, 0xffebebeb, 0xffebebeb, 0x00ebebeb, 0x00ebebeb, 0x00ebebeb, 0xffebebeb, 0x00ebebeb, 0x00ebebeb, 0x00ebebeb, 0x00ebebeb,
  0x00ebebeb, 0x00ebebeb, 0x00ebebeb, 0x00ebebeb, 0x00ebebeb, 0x00ebebeb, 0x00ebebeb, 0xffebebeb, 0xffebebeb, 0x00ebebeb, 0x00ebebeb, 0x00ebebeb,
  0x00ebebeb, 0x00ebebeb, 0x00ebebeb, 0x00ebebeb, 0xffebebeb, 0xffebebeb, 0xffebebeb, 0xffebebeb, 0xffebebeb, 0xffebebeb, 0xffebebeb, 0x00ebebeb,
  0x00ebebeb, 0xffebebeb, 0xffebebeb, 0x00ebebeb, 0xffebebeb, 0xffebebeb, 0x00ebebeb, 0xffebebeb, 0x00ebebeb, 0x00ebebeb, 0xffebebeb, 0x00ebebeb,
  0x00ebebeb, 0x00ebebeb, 0xffebebeb, 0x00ebebeb, 0xffebebeb, 0xffebebeb, 0x00ebebeb, 0xffebebeb, 0x00ebebeb, 0x00ebebeb, 0xffebebeb, 0x00ebebeb,
  0x00ebebeb, 0x00ebebeb, 0x00ebebeb, 0x00ebebeb, 0xffebebeb, 0xffebebeb, 0xffebebeb, 0xffebebeb, 0xffebebeb, 0xffebebeb, 0xffebebeb, 0x00ebebeb,
  0x00ebebeb, 0x00ebebeb, 0x00ebebeb, 0x00ebebeb, 0xffebebeb, 0xffebebeb, 0x00ebebeb, 0xffebebeb, 0xffebebeb, 0xffebebeb, 0xffebebeb, 0x00ebebeb,
  0x00ebebeb, 0x00ebebeb, 0xffebebeb, 0xffebebeb, 0xffebebeb, 0xffebebeb, 0x00ebebeb, 0xffebebeb, 0x00ebebeb, 0x00ebebeb, 0xffebebeb, 0x00ebebeb,
  0x00ebebeb, 0x00ebebeb, 0xffebebeb, 0x00ebebeb, 0xffebebeb, 0xffebebeb, 0x00ebebeb, 0xffebebeb, 0x00ebebeb, 0x00ebebeb, 0xffebebeb, 0x00ebebeb,
  0x00ebebeb, 0xffebebeb, 0xffebebeb, 0x00ebebeb, 0xffebebeb, 0xffebebeb, 0xffebebeb, 0xffebebeb, 0xffebebeb, 0xffebebeb, 0xffebebeb, 0x00ebebeb,
  0x00ebebeb, 0xffebebeb, 0x00ebebeb, 0x00ebebeb, 0xffebebeb, 0xffebebeb, 0x00ebebeb, 0x00ebebeb, 0x00ebebeb, 0xffebebeb, 0xffebebeb, 0x00ebebeb,
  0x00ebebeb, 0xffebebeb, 0xffebebeb, 0x00ebebeb, 0x00ebebeb, 0x00ebebeb, 0x00ebebeb, 0x00ebebeb, 0x00ebebeb, 0x00ebebeb, 0x00ebebeb, 0x00ebebeb,
  0x00ebebeb, 0x00ebebeb, 0xffebebeb, 0xffebebeb, 0xffebebeb, 0xffebebeb, 0xffebebeb, 0xffebebeb, 0xffebebeb, 0xffebebeb, 0xffebebeb, 0x00ebebeb,
  0x00ebebeb, 0x00ebebeb, 0x00ebebeb, 0x00ebebeb, 0xffebebeb, 0x00ebebeb, 0x00ebebeb, 0x00ebebeb, 0x00ebebeb, 0x00ebebeb, 0xffebebeb, 0x00ebebeb,
  0x00ebebeb, 0x00ebebeb, 0x00ebebeb, 0x00ebebeb, 0xffebebeb, 0x00ebebeb, 0xffebebeb, 0xffebebeb, 0xffebebeb, 0xffebebeb, 0xffebebeb, 0x00ebebeb,
  0x00ebebeb, 0xffebebeb, 0xffebebeb, 0x00ebebeb, 0xffebebeb, 0x00ebebeb, 0x00ebebeb, 0x00ebebeb, 0x00ebebeb, 0x00ebebeb, 0xffebebeb, 0x00ebebeb,
  0x00ebebeb, 0x00ebebeb, 0xffebebeb, 0x00ebebeb, 0xffebebeb, 0x00ebebeb, 0xffebebeb, 0xffebebeb, 0xffebebeb, 0x00ebebeb, 0xffebebeb, 0x00ebebeb,
  0x00ebebeb, 0x00ebebeb, 0x00ebebeb, 0x00ebebeb, 0xffebebeb, 0x00ebebeb, 0xffebebeb, 0x00ebebeb, 0xffebebeb, 0x00ebebeb, 0xffebebeb, 0x00ebebeb,
  0x00ebebeb, 0x00ebebeb, 0xffebebeb, 0xffebebeb, 0xffebebeb, 0x00ebebeb, 0xffebebeb, 0x00ebebeb, 0xffebebeb, 0x00ebebeb, 0xffebebeb, 0x00ebebeb,
  0x00ebebeb, 0x00ebebeb, 0xffebebeb, 0xffebebeb, 0xffebebeb, 0x00ebebeb, 0xffebebeb, 0xffebebeb, 0xffebebeb, 0x00ebebeb, 0xffebebeb, 0x00ebebeb,
  0x00ebebeb, 0xffebebeb, 0xffebebeb, 0x00ebebeb, 0xffebebeb, 0x00ebebeb, 0xffebebeb, 0x00ebebeb, 0x00ebebeb, 0x00ebebeb, 0xffebebeb, 0x00ebebeb,
  0x00ebebeb, 0xffebebeb, 0x00ebebeb, 0x00ebebeb, 0xffebebeb, 0x00ebebeb, 0x00ebebeb, 0x00ebebeb, 0x00ebebeb, 0xffebebeb, 0xffebebeb, 0x00ebebeb,
  0x00ebebeb, 0xffebebeb, 0x00ebebeb, 0x00ebebeb, 0xffebebeb, 0x00ebebeb, 0x00ebebeb, 0x00ebebeb, 0x00ebebeb, 0xffebebeb, 0xffebebeb, 0x00ebebeb,
  0x00ebebeb, 0xffebebeb, 0x00ebebeb, 0x00ebebeb, 0x00ebebeb, 0x00ebebeb, 0x00ebebeb, 0xffebebeb, 0x00ebebeb, 0x00ebebeb, 0xffebebeb, 0x00ebebeb,
  0x00ebebeb, 0xffebebeb, 0xffebebeb, 0xffebebeb, 0xffebebeb, 0xffebebeb, 0x00ebebeb, 0xffebebeb, 0x00ebebeb, 0x00ebebeb, 0xffebebeb, 0x00ebebeb,
  0x00ebebeb, 0x00ebebeb, 0x00ebebeb, 0x00ebebeb, 0x00ebebeb, 0xffebebeb, 0x00ebebeb, 0xffebebeb, 0x00ebebeb, 0xffebebeb, 0xffebebeb, 0x00ebebeb,
  0x00ebebeb, 0x00ebebeb, 0x00ebebeb, 0x00ebebeb, 0x00ebebeb, 0xffebebeb, 0x00ebebeb, 0xffebebeb, 0xffebebeb, 0x00ebebeb, 0x00ebebeb, 0x00ebebeb,
  0x00ebebeb, 0xffebebeb, 0xffebebeb, 0x00ebebeb, 0xffebebeb, 0xffebebeb, 0xffebebeb, 0xffebebeb, 0xffebebeb, 0xffebebeb, 0xffebebeb, 0x00ebebeb,
  0x00ebebeb, 0x00ebebeb, 0xffebebeb, 0x00ebebeb, 0xffebebeb, 0xffebebeb, 0x00ebebeb, 0x00ebebeb, 0x00ebebeb, 0x00ebebeb, 0xffebebeb, 0x00ebebeb,
  0x00ebebeb, 0x00ebebeb, 0x00ebebeb, 0x00ebebeb, 0xffebebeb, 0xffebebeb, 0xffebebeb, 0xffebebeb, 0xffebebeb, 0xffebebeb, 0xffebebeb, 0x00ebebeb,
  0x00ebebeb, 0x00ebebeb, 0xffebebeb, 0x00ebebeb, 0xffebebeb, 0xffebebeb, 0x00ebebeb, 0x00ebebeb, 0x00ebebeb, 0xffebebeb, 0xffebebeb, 0x00ebebeb,
  0x00ebebeb, 0x00ebebeb, 0xffebebeb, 0x00ebebeb, 0xffebebeb, 0xffebebeb, 0xffebebeb, 0xffebebeb, 0xffebebeb, 0xffebebeb, 0xffebebeb, 0x00ebebeb,
  0x00ebebeb, 0xffebebeb, 0xffebebeb, 0x00ebebeb, 0xffebebeb, 0xffebebeb, 0x00ebebeb, 0x00ebebeb, 0x00ebebeb, 0xffebebeb, 0xffebebeb, 0x00ebebeb,
  0x00ebebeb, 0xffebebeb, 0xffebebeb, 0x00ebebeb, 0xffebebeb, 0xffebebeb, 0x00ebebeb, 0x00ebebeb, 0x00ebebeb, 0xffebebeb, 0xffebebeb, 0x00ebebeb,
  0x00ebebeb, 0xffebebeb, 0x00ebebeb, 0x00ebebeb, 0xffebebeb, 0xffebebeb, 0x00ebebeb, 0x00ebebeb, 0xffebebeb, 0xffebebeb, 0xffebebeb, 0x00ebebeb,
  0x00ebebeb, 0xffebebeb, 0x00ebebeb, 0x00ebebeb, 0x00ebebeb, 0xffebebeb, 0x00ebebeb, 0x00ebebeb, 0xffebebeb, 0x00ebebeb, 0x00ebebeb, 0x00ebebeb,
  0x00ebebeb, 0xffebebeb, 0xffebebeb, 0x00ebebeb, 0x00ebebeb, 0xffebebeb, 0x00ebebeb, 0x00ebebeb, 0xffebebeb, 0x00ebebeb, 0x00ebebeb, 0x00ebebeb,
  0x00ebebeb, 0x00ebebeb, 0x00ebebeb, 0xffebebeb, 0xffebebeb, 0xffebebeb, 0xffebebeb, 0xffebebeb, 0xffebebeb, 0xffebebeb, 0xffebebeb, 0xffebebeb,
  0x00ebebeb, 0x00ebebeb, 0x00ebebeb, 0x00ebebeb, 0xffebebeb, 0xffebebeb, 0x00ebebeb, 0xffebebeb, 0xffebebeb, 0x00ebebeb, 0x00ebebeb, 0x00ebebeb,
  0x00ebebeb, 0xffebebeb, 0xffebebeb, 0x00ebebeb, 0xffebebeb, 0xffebebeb, 0xffebebeb, 0xffebebeb, 0xffebebeb, 0xffebebeb, 0xffebebeb, 0x00ebebeb,
  0x00ebebeb, 0x00ebebeb, 0x00ebebeb, 0x00ebebeb, 0xffebebeb, 0xffebebeb, 0xffebebeb, 0x00ebebeb, 0x00ebebeb, 0xffebebeb, 0xffebebeb, 0x00ebebeb,
  0x00ebebeb, 0x00ebebeb, 0x00ebebeb, 0x00ebebeb, 0xffebebeb, 0x00ebebeb, 0xffebebeb, 0x00ebebeb, 0x00ebebeb, 0xffebebeb, 0x00ebebeb, 0x00ebebeb,
  0x00ebebeb, 0x00ebebeb, 0xffebebeb, 0x00ebebeb, 0xffebebeb, 0x00ebebeb, 0xffebebeb, 0xffebebeb, 0xffebebeb, 0xffebebeb, 0xffebebeb, 0xffebebeb,
  0x00ebebeb, 0xffebebeb, 0xffebebeb, 0xffebebeb, 0xffebebeb, 0x00ebebeb, 0xffebebeb, 0x00ebebeb, 0x00ebebeb, 0xffebebeb, 0x00ebebeb, 0x00ebebeb,
  0x00ebebeb, 0xffebebeb, 0xffebebeb, 0xffebebeb, 0xffebebeb, 0x00ebebeb, 0xffebebeb, 0x00ebebeb, 0x00ebebeb, 0xffebebeb, 0x00ebebeb, 0x00ebebeb,
  0x00ebebeb, 0xffebebeb, 0xffebebeb, 0xffebebeb, 0x00ebebeb, 0xffebebeb, 0xffebebeb, 0x00ebebeb, 0x00ebebeb, 0xffebebeb, 0x00ebebeb, 0x00ebebeb,
  0x00ebebeb, 0xffebebeb, 0x00ebebeb, 0xffebebeb, 0x00ebebeb, 0xffebebeb, 0x00ebebeb, 0x00ebebeb, 0xffebebeb, 0xffebebeb, 0x00ebebeb, 0x00ebebeb,
  0x00ebebeb, 0xffebebeb, 0x00ebebeb, 0x00ebebeb, 0x00ebebeb, 0x00ebebeb, 0x00ebebeb, 0xffebebeb, 0x00ebebeb, 0x00ebebeb, 0x00ebebeb, 0x00ebebeb,
  0x00ebebeb, 0xffebebeb, 0xffebebeb, 0xffebebeb, 0xffebebeb, 0xffebebeb, 0xffebebeb, 0xffebebeb, 0xffebebeb, 0xffebebeb, 0xffebebeb, 0x00ebebeb,
  0x00ebebeb, 0x00ebebeb, 0x00ebebeb, 0x00ebebeb, 0x00ebebeb, 0x00ebebeb, 0x00ebebeb, 0x00ebebeb, 0x00ebebeb, 0x00ebebeb, 0x00ebebeb, 0x00ebebeb,
  0x00ebebeb, 0x00ebebeb, 0x00ebebeb, 0x00ebebeb, 0x00ebebeb, 0xffebebeb, 0x00ebebeb, 0xffebebeb, 0xffebebeb, 0xffebebeb, 0x00ebebeb, 0x00ebebeb,
  0x00ebebeb, 0xffebebeb, 0xffebebeb, 0x00ebebeb, 0xffebebeb, 0x00ebebeb, 0xffebebeb, 0x00ebebeb, 0x00ebebeb, 0xffebebeb, 0xffebebeb, 0x00ebebeb,
  0x00ebebeb, 0x00ebebeb, 0x00ebebeb, 0x00ebebeb, 0x00ebebeb, 0x00ebebeb, 0xffebebeb, 0x00ebebeb, 0xffebebeb, 0xffebebeb, 0xffebebeb, 0x00ebebeb,
  0x00ebebeb, 0x00ebebeb, 0x00ebebeb, 0x00ebebeb, 0xffebebeb, 0xffebebeb, 0xffebebeb, 0xffebebeb, 0xffebebeb, 0xffebebeb, 0x00ebebeb, 0x00ebebeb,
  0x00ebebeb, 0x00ebebeb, 0xffebebeb, 0x00ebebeb, 0x00ebebeb, 0x00ebebeb, 0xffebebeb, 0xffebebeb, 0x00ebebeb, 0x00ebebeb, 0xffebebeb, 0x00ebebeb,
  0x00ebebeb, 0x00ebebeb, 0xffebebeb, 0x00ebebeb, 0xffebebeb, 0xffebebeb, 0xffebebeb, 0xffebebeb, 0xffebebeb, 0xffebebeb, 0xffebebeb, 0x00ebebeb,
  0x00ebebeb, 0xffebebeb, 0xffebebeb, 0x00ebebeb, 0xffebebeb, 0xffebebeb, 0x00ebebeb, 0x00ebebeb, 0xffebebeb, 0xffebebeb, 0x00ebebeb, 0x00ebebeb,
  0x00ebebeb, 0xffebebeb, 0x00ebebeb, 0x00ebebeb, 0x00ebebeb, 0xffebebeb, 0xffebebeb, 0xffebebeb, 0xffebebeb, 0xffebebeb, 0xffebebeb, 0x00ebebeb,
  0x00ebebeb, 0xffebebeb, 0x00ebebeb, 0x00ebebeb, 0xffebebeb, 0xffebebeb, 0xffebebeb, 0x00ebebeb, 0x00ebebeb, 0x00ebebeb, 0xffebebeb, 0x00ebebeb,
  0x00ebebeb, 0xffebebeb, 0xffebebeb, 0x00ebebeb, 0x00ebebeb, 0x00ebebeb, 0x00ebebeb, 0xffebebeb, 0x00ebebeb, 0x00ebebeb, 0x00ebebeb, 0x00ebebeb,
  0x00ebebeb, 0xffebebeb, 0xffebebeb, 0xffebebeb, 0xffebebeb, 0xffebebeb, 0xffebebeb, 0xffebebeb, 0xffebebeb, 0xffebebeb, 0xffebebeb, 0x00ebebeb,
  0x00ebebeb, 0x00ebebeb, 0x00ebebeb, 0x00ebebeb, 0x00ebebeb, 0xffebebeb, 0xffebebeb, 0x00ebebeb, 0xffebebeb, 0xffebebeb, 0x00ebebeb, 0x00ebebeb,
  0x00ebebeb, 0x00ebebeb, 0x00ebebeb, 0x00ebebeb, 0x00ebebeb, 0xffebebeb, 0xffebebeb, 0x00ebebeb, 0xffebebeb, 0xffebebeb, 0x00ebebeb, 0x00ebebeb,
  0x00ebebeb, 0xffebebeb, 0x00ebebeb, 0x00ebebeb, 0xffebebeb, 0xffebebeb, 0xffebebeb, 0xffebebeb, 0xffebebeb, 0xffebebeb, 0xffebebeb, 0x00ebebeb,
  0x00ebebeb, 0xffebebeb, 0xffebebeb, 0x00ebebeb, 0xffebebeb, 0x00ebebeb, 0x00ebebeb, 0xffebebeb, 0x00ebebeb, 0x00ebebeb, 0xffebebeb, 0x00ebebeb,
  0x00ebebeb, 0x00ebebeb, 0x00ebebeb, 0x00ebebeb, 0xffebebeb, 0xffebebeb, 0xffebebeb, 0xffebebeb, 0xffebebeb, 0xffebebeb, 0xffebebeb, 0x00ebebeb,
  0x00ebebeb, 0x00ebebeb, 0x00ebebeb, 0x00ebebeb, 0xffebebeb, 0x00ebebeb, 0x00ebebeb, 0xffebebeb, 0x00ebebeb, 0x00ebebeb, 0xffebebeb, 0x00ebebeb,
  0x00ebebeb, 0x00ebebeb, 0xffebebeb, 0xffebebeb, 0xffebebeb, 0x00ebebeb, 0xffebebeb, 0xffebebeb, 0xffebebeb, 0x00ebebeb, 0xffebebeb, 0x00ebebeb,
  0x00ebebeb, 0xffebebeb, 0xffebebeb, 0x00ebebeb, 0xffebebeb, 0x00ebebeb, 0xffebebeb, 0x00ebebeb, 0xffebebeb, 0x00ebebeb, 0xffebebeb, 0x00ebebeb,
  0x00ebebeb, 0xffebebeb, 0xffebebeb, 0x00ebebeb, 0xffebebeb, 0x00ebebeb, 0xffebebeb, 0xffebebeb, 0xffebebeb, 0xffebebeb, 0xffebebeb, 0x00ebebeb,
  0x00ebebeb, 0xffebebeb, 0x00ebebeb, 0x00ebebeb, 0xffebebeb, 0x00ebebeb, 0x00ebebeb, 0x00ebebeb, 0x00ebebeb, 0xffebebeb, 0xffebebeb, 0x00ebebeb,
  0x00ebebeb, 0x00ebebeb, 0x00ebebeb, 0x00ebebeb, 0x00ebebeb, 0x00ebebeb, 0x00ebebeb, 0x00ebebeb, 0x00ebebeb, 0x00ebebeb, 0x00ebebeb, 0x00ebebeb,
  0x00ebebeb, 0x00ebebeb, 0x00ebebeb, 0x00ebebeb, 0x00ebebeb, 0xffebebeb, 0xffebebeb, 0x00ebebeb, 0x00ebebeb, 0x00ebebeb, 0x00ebebeb, 0x00ebebeb,
  0x00ebebeb, 0x00ebebeb, 0x00ebebeb, 0x00ebebeb, 0x00ebebeb, 0xffebebeb, 0xffebebeb, 0x00ebebeb, 0x00ebebeb, 0x00ebebeb, 0x00ebebeb, 0x00ebebeb,
  0x00ebebeb, 0x00ebebeb, 0xffebebeb, 0x00ebebeb, 0x00ebebeb, 0xffebebeb, 0xffebebeb, 0x00ebebeb, 0x00ebebeb, 0xffebebeb, 0x00ebebeb, 0x00ebebeb,
  0x00ebebeb, 0x00ebebeb, 0xffebebeb, 0x00ebebeb, 0x00ebebeb, 0xffebebeb, 0xffebebeb, 0x00ebebeb, 0x00ebebeb, 0xffebebeb, 0xffebebeb, 0x00ebebeb,
  0x00ebebeb, 0xffebebeb, 0xffebebeb, 0x00ebebeb, 0x00ebebeb, 0xffebebeb, 0xffebebeb, 0x00ebebeb, 0xffebebeb, 0xffebebeb, 0x00ebebeb, 0x00ebebeb,
  0x00ebebeb, 0xffebebeb, 0x00ebebeb, 0x00ebebeb, 0x00ebebeb, 0xffebebeb, 0xffebebeb, 0x00ebebeb, 0xffebebeb, 0x00ebebeb, 0x00ebebeb, 0x00ebebeb,
  0x00ebebeb, 0x00ebebeb, 0x00ebebeb, 0x00ebebeb, 0xffebebeb, 0xffebebeb, 0xffebebeb, 0xffebebeb, 0x00ebebeb, 0x00ebebeb, 0x00ebebeb, 0x00ebebeb,
  0x00ebebeb, 0x00ebebeb, 0x00ebebeb, 0x00ebebeb, 0xffebebeb, 0x00ebebeb, 0x00ebebeb, 0xffebebeb, 0x00ebebeb, 0x00ebebeb, 0x00ebebeb, 0x00ebebeb,
  0x00ebebeb, 0x00ebebeb, 0x00ebebeb, 0xffebebeb, 0xffebebeb, 0x00ebebeb, 0x00ebebeb, 0xffebebeb, 0xffebebeb, 0x00ebebeb, 0x00ebebeb, 0x00ebebeb,
  0x00ebebeb, 0xffebebeb, 0xffebebeb, 0xffebebeb, 0x00ebebeb, 0x00ebebeb, 0x00ebebeb, 0x00ebebeb, 0xffebebeb, 0xffebebeb, 0xffebebeb, 0x00ebebeb,
  0x00ebebeb, 0xffebebeb, 0x00ebebeb, 0x00ebebeb, 0x00ebebeb, 0x00ebebeb, 0x00ebebeb, 0x00ebebeb, 0x00ebebeb, 0x00ebebeb, 0xffebebeb, 0x00ebebeb,
  0x00ebebeb, 0x00ebebeb, 0xffebebeb, 0x00ebebeb, 0x00ebebeb, 0x00ebebeb, 0xffebebeb, 0xffebebeb, 0x00ebebeb, 0x00ebebeb, 0x00ebebeb, 0x00ebebeb,
  0x00ebebeb, 0x00ebebeb, 0xffebebeb, 0x00ebebeb, 0x00ebebeb, 0x00ebebeb, 0xffebebeb, 0xffebebeb, 0xffebebeb, 0xffebebeb, 0xffebebeb, 0x00ebebeb,
  0x00ebebeb, 0x00ebebeb, 0xffebebeb, 0xffebebeb, 0xffebebeb, 0x00ebebeb, 0xffebebeb, 0x00ebebeb, 0x00ebebeb, 0xffebebeb, 0xffebebeb, 0x00ebebeb,
  0x00ebebeb, 0xffebebeb, 0xffebebeb, 0xffebebeb, 0xffebebeb, 0xffebebeb, 0xffebebeb, 0x00ebebeb, 0x00ebebeb, 0xffebebeb, 0xffebebeb, 0x00ebebeb,
  0x00ebebeb, 0xffebebeb, 0xffebebeb, 0xffebebeb, 0xffebebeb, 0xffebebeb, 0x00ebebeb, 0x00ebebeb, 0xffebebeb, 0xffebebeb, 0x00ebebeb, 0x00ebebeb,
  0xffebebeb, 0x00ebebeb, 0xffebebeb, 0x00ebebeb, 0x00ebebeb, 0x00ebebeb, 0x00ebebeb, 0xffebebeb, 0x00ebebeb, 0x00ebebeb, 0x00ebebeb, 0x00ebebeb,
  0x00ebebeb, 0x00ebebeb, 0xffebebeb, 0x00ebebeb, 0x00ebebeb, 0xffebebeb, 0xffebebeb, 0x00ebebeb, 0xffebebeb, 0xffebebeb, 0xffebebeb, 0x00ebebeb,
  0x00ebebeb, 0x00ebebeb, 0xffebebeb, 0x00ebebeb, 0x00ebebeb, 0xffebebeb, 0x00ebebeb, 0x00ebebeb, 0x00ebebeb, 0x00ebebeb, 0xffebebeb, 0x00ebebeb,
  0x00ebebeb, 0x00ebebeb, 0xffebebeb, 0xffebebeb, 0x00ebebeb, 0xffebebeb, 0xffebebeb, 0xffebebeb, 0xffebebeb, 0xffebebeb, 0xffebebeb, 0x00ebebeb,
  0x00ebebeb, 0xffebebeb, 0xffebebeb, 0xffebebeb, 0xffebebeb, 0xffebebeb, 0xffebebeb, 0x00ebebeb, 0x00ebebeb, 0x00ebebeb, 0xffebebeb, 0x00ebebeb,
  0x00ebebeb, 0xffebebeb, 0x00ebebeb, 0x00ebebeb, 0x00ebebeb, 0xffebebeb, 0xffebebeb, 0xffebebeb, 0xffebebeb, 0xffebebeb, 0xffebebeb, 0x00ebebeb,
  0x00ebebeb, 0x00ebebeb, 0x00ebebeb, 0x00ebebeb, 0x00ebebeb, 0xffebebeb, 0xffebebeb, 0x00ebebeb, 0x00ebebeb, 0x00ebebeb, 0xffebebeb, 0x00ebebeb,
  0x00ebebeb, 0x00ebebeb, 0x00ebebeb, 0xffebebeb, 0x00ebebeb, 0x00ebebeb, 0x00ebebeb, 0xffebebeb, 0x00ebebeb, 0xffebebeb, 0x00ebebeb, 0x00ebebeb,
  0x00ebebeb, 0x00ebebeb, 0x00ebebeb, 0xffebebeb, 0x00ebebeb, 0x00ebebeb, 0x00ebebeb, 0xffebebeb, 0x00ebebeb, 0xffebebeb, 0xffebebeb, 0x00ebebeb,
  0x00ebebeb, 0xffebebeb, 0x00ebebeb, 0xffebebeb, 0x00ebebeb, 0x00ebebeb, 0x00ebebeb, 0xffebebeb, 0x00ebebeb, 0x00ebebeb, 0xffebebeb, 0x00ebebeb,
  0x00ebebeb, 0xffebebeb, 0xffebebeb, 0xffebebeb, 0x00ebebeb, 0x00ebebeb, 0xffebebeb, 0xffebebeb, 0xffebebeb, 0x00ebebeb, 0x00ebebeb, 0x00ebebeb,
  0x00ebebeb, 0x00ebebeb, 0xffebebeb, 0xffebebeb, 0xffebebeb, 0xffebebeb, 0xffebebeb, 0xffebebeb, 0xffebebeb, 0xffebebeb, 0xffebebeb, 0x00ebebeb,
  0x00ebebeb, 0x00ebebeb, 0x00ebebeb, 0xffebebeb, 0x00ebebeb, 0x00ebebeb, 0x00ebebeb, 0xffebebeb, 0xffebebeb, 0x00ebebeb, 0x00ebebeb, 0x00ebebeb,
  0x00ebebeb, 0x00ebebeb, 0xffebebeb, 0xffebebeb, 0x00ebebeb, 0x00ebebeb, 0xffebebeb, 0xffebebeb, 0xffebebeb, 0x00ebebeb, 0x00ebebeb, 0x00ebebeb,
  0x00ebebeb, 0xffebebeb, 0xffebebeb, 0xffebebeb, 0x00ebebeb, 0x00ebebeb, 0xffebebeb, 0xffebebeb, 0xffebebeb, 0x00ebebeb, 0x00ebebeb, 0x00ebebeb,
  0x00ebebeb, 0xffebebeb, 0x00ebebeb, 0xffebebeb, 0x00ebebeb, 0x00ebebeb, 0xffebebeb, 0x00ebebeb, 0xffebebeb, 0xffebebeb, 0x00ebebeb, 0x00ebebeb,
  0x00ebebeb, 0x00ebebeb, 0x00ebebeb, 0xffebebeb, 0x00ebebeb, 0xffebebeb, 0xffebebeb, 0x00ebebeb, 0x00ebebeb, 0xffebebeb, 0xffebebeb, 0x00ebebeb,
  0x00ebebeb, 0x00ebebeb, 0x00ebebeb, 0xffebebeb, 0xffebebeb, 0xffebebeb, 0x00ebebeb, 0x00ebebeb, 0x00ebebeb, 0xffebebeb, 0xffebebeb, 0x00ebebeb,
  0x00ebebeb, 0x00ebebeb, 0x00ebebeb, 0xffebebeb, 0xffebebeb, 0xffebebeb, 0x00ebebeb, 0x00ebebeb, 0x00ebebeb, 0x00ebebeb, 0xffebebeb, 0x00ebebeb,
  0x00ebebeb, 0x00ebebeb, 0xffebebeb, 0xffebebeb, 0xffebebeb, 0xffebebeb, 0xffebebeb, 0xffebebeb, 0xffebebeb, 0xffebebeb, 0xffebebeb, 0x00ebebeb,
  0x00ebebeb, 0x00ebebeb, 0xffebebeb, 0x00ebebeb, 0x00ebebeb, 0xffebebeb, 0xffebebeb, 0x00ebebeb, 0x00ebebeb, 0xffebebeb, 0xffebebeb, 0x00ebebeb,
  0x00ebebeb, 0x00ebebeb, 0xffebebeb, 0x00ebebeb, 0x00ebebeb, 0xffebebeb, 0xffebebeb, 0x00ebebeb, 0x00ebebeb, 0xffebebeb, 0xffebebeb, 0x00ebebeb,
  0x00ebebeb, 0x00ebebeb, 0xffebebeb, 0xffebebeb, 0xffebebeb, 0xffebebeb, 0xffebebeb, 0xffebebeb, 0xffebebeb, 0xffebebeb, 0xffebebeb, 0x00ebebeb,
  0x00ebebeb, 0x00ebebeb, 0xffebebeb, 0x00ebebeb, 0x00ebebeb, 0xffebebeb, 0xffebebeb, 0x00ebebeb, 0x00ebebeb, 0xffebebeb, 0xffebebeb, 0x00ebebeb,
  0x00ebebeb, 0x00ebebeb, 0xffebebeb, 0x00ebebeb, 0x00ebebeb, 0xffebebeb, 0xffebebeb, 0x00ebebeb, 0x00ebebeb, 0xffebebeb, 0xffebebeb, 0x00ebebeb,
  0x00ebebeb, 0x00ebebeb, 0xffebebeb, 0xffebebeb, 0xffebebeb, 0xffebebeb, 0xffebebeb, 0xffebebeb, 0xffebebeb, 0xffebebeb, 0xffebebeb, 0x00ebebeb,
  0x00ebebeb, 0xffebebeb, 0xffebebeb, 0x00ebebeb, 0x00ebebeb, 0xffebebeb, 0xffebebeb, 0x00ebebeb, 0x00ebebeb, 0xffebebeb, 0xffebebeb, 0x00ebebeb,
  0x00ebebeb, 0xffebebeb, 0xffebebeb, 0x00ebebeb, 0x00ebebeb, 0xffebebeb, 0xffebebeb, 0x00ebebeb, 0x00ebebeb, 0xffebebeb, 0xffebebeb, 0x00ebebeb,
  0x00ebebeb, 0xffebebeb, 0x00ebebeb, 0x00ebebeb, 0x00ebebeb, 0xffebebeb, 0xffebebeb, 0x00ebebeb, 0x00ebebeb, 0xffebebeb, 0xffebebeb, 0x00ebebeb,
  0x00ebebeb, 0xffebebeb, 0x00ebebeb, 0x00ebebeb, 0x00ebebeb, 0xffebebeb, 0xffebebeb, 0x00ebebeb, 0xffebebeb, 0xffebebeb, 0x00ebebeb, 0x00ebebeb,
  0x00ebebeb, 0x00ebebeb, 0x00ebebeb, 0x00ebebeb, 0x00ebebeb, 0x00ebebeb, 0x00ebebeb, 0x00ebebeb, 0x00ebebeb, 0x00ebebeb, 0x00ebebeb, 0x00ebebeb,
  0x00ebebeb, 0xffebebeb, 0xffebebeb, 0xffebebeb, 0xffebebeb, 0xffebebeb, 0xffebebeb, 0xffebebeb, 0xffebebeb, 0xffebebeb, 0xffebebeb, 0x00ebebeb,
  0x00ebebeb, 0x00ebebeb, 0x00ebebeb, 0xffebebeb, 0xffebebeb, 0xffebebeb, 0x00ebebeb, 0x00ebebeb, 0x00ebebeb, 0x00ebebeb, 0x00ebebeb, 0x00ebebeb,
  0x00ebebeb, 0x00ebebeb, 0x00ebebeb, 0xffebebeb, 0xffebebeb, 0x00ebebeb, 0x00ebebeb, 0x00ebebeb, 0x00ebebeb, 0x00ebebeb, 0x00ebebeb, 0x00ebebeb,
  0x00ebebeb, 0x00ebebeb, 0x00ebebeb, 0xffebebeb, 0xffebebeb, 0x00ebebeb, 0x00ebebeb, 0x00ebebeb, 0x00ebebeb, 0x00ebebeb, 0x00ebebeb, 0x00ebebeb,
  0x00ebebeb, 0x00ebebeb, 0xffebebeb, 0xffebebeb, 0xffebebeb, 0xffebebeb, 0xffebebeb, 0xffebebeb, 0xffebebeb, 0xffebebeb, 0xffebebeb, 0x00ebebeb,
  0x00ebebeb, 0xffebebeb, 0xffebebeb, 0xffebebeb, 0xffebebeb, 0x00ebebeb, 0x00ebebeb, 0x00ebebeb, 0x00ebebeb, 0xffebebeb, 0xffebebeb, 0x00ebebeb,
  0xffebebeb, 0xffebebeb, 0xffebebeb, 0xffebebeb, 0x00ebebeb, 0x00ebebeb, 0x00ebebeb, 0x00ebebeb, 0x00ebebeb, 0xffebebeb, 0xffebebeb, 0x00ebebeb,
  0x00ebebeb, 0xffebebeb, 0x00ebebeb, 0xffebebeb, 0x00ebebeb, 0x00ebebeb, 0x00ebebeb, 0x00ebebeb, 0x00ebebeb, 0xffebebeb, 0xffebebeb, 0x00ebebeb,
  0x00ebebeb, 0x00ebebeb, 0x00ebebeb, 0xffebebeb, 0x00ebebeb, 0x00ebebeb, 0x00ebebeb, 0x00ebebeb, 0x00ebebeb, 0xffebebeb, 0xffebebeb, 0x00ebebeb,
  0x00ebebeb, 0x00ebebeb, 0x00ebebeb, 0xffebebeb, 0xffebebeb, 0xffebebeb, 0xffebebeb, 0xffebebeb, 0xffebebeb, 0xffebebeb, 0xffebebeb, 0x00ebebeb,
  0x00ebebeb, 0x00ebebeb, 0x00ebebeb, 0xffebebeb, 0xffebebeb, 0x00ebebeb, 0x00ebebeb, 0x00ebebeb, 0x00ebebeb, 0xffebebeb, 0xffebebeb, 0x00ebebeb,
  0x00ebebeb, 0x00ebebeb, 0x00ebebeb, 0x00ebebeb, 0x00ebebeb, 0x00ebebeb, 0x00ebebeb, 0x00ebebeb, 0x00ebebeb, 0x00ebebeb, 0x00ebebeb, 0x00ebebeb,
  0x00ebebeb, 0x00ebebeb, 0x00ebebeb, 0x00ebebeb, 0x00ebebeb, 0xffebebeb, 0xffebebeb, 0x00ebebeb, 0x00ebebeb, 0x00ebebeb, 0x00ebebeb, 0x00ebebeb,
  0x00ebebeb, 0xffebebeb, 0xffebebeb, 0xffebebeb, 0xffebebeb, 0xffebebeb, 0xffebebeb, 0xffebebeb, 0xffebebeb, 0xffebebeb, 0xffebebeb, 0x00ebebeb,
  0x00ebebeb, 0xffebebeb, 0x00ebebeb, 0xffebebeb, 0xffebebeb, 0x00ebebeb, 0xffebebeb, 0xffebebeb, 0x00ebebeb, 0x00ebebeb, 0xffebebeb, 0x00ebebeb,
  0x00ebebeb, 0xffebebeb, 0xffebebeb, 0xffebebeb, 0x00ebebeb, 0x00ebebeb, 0x00ebebeb, 0xffebebeb, 0xffebebeb, 0xffebebeb, 0x00ebebeb, 0x00ebebeb,
  0x00ebebeb, 0x00ebebeb, 0xffebebeb, 0xffebebeb, 0xffebebeb, 0xffebebeb, 0xffebebeb, 0xffebebeb, 0xffebebeb, 0xffebebeb, 0xffebebeb, 0x00ebebeb,
  0x00ebebeb, 0x00ebebeb, 0xffebebeb, 0x00ebebeb, 0x00ebebeb, 0x00ebebeb, 0x00ebebeb, 0x00ebebeb, 0x00ebebeb, 0xffebebeb, 0xffebebeb, 0x00ebebeb,
  0x00ebebeb, 0x00ebebeb, 0xffebebeb, 0xffebebeb, 0xffebebeb, 0xffebebeb, 0xffebebeb, 0xffebebeb, 0xffebebeb, 0xffebebeb, 0xffebebeb, 0x00ebebeb,
  0x00ebebeb, 0x00ebebeb, 0xffebebeb, 0x00ebebeb, 0xffebebeb, 0x00ebebeb, 0xffebebeb, 0xffebebeb, 0x00ebebeb, 0xffebebeb, 0x00ebebeb, 0x00ebebeb,
  0x00ebebeb, 0xffebebeb, 0xffebebeb, 0xffebebeb, 0xffebebeb, 0xffebebeb, 0xffebebeb, 0xffebebeb, 0xffebebeb, 0xffebebeb, 0xffebebeb, 0x00ebebeb,
  0x00ebebeb, 0xffebebeb, 0xffebebeb, 0x00ebebeb, 0x00ebebeb, 0x00ebebeb, 0xffebebeb, 0xffebebeb, 0x00ebebeb, 0x00ebebeb, 0x00ebebeb, 0x00ebebeb,
  0x00ebebeb, 0xffebebeb, 0x00ebebeb, 0xffebebeb, 0x00ebebeb, 0x00ebebeb, 0xffebebeb, 0xffebebeb, 0x00ebebeb, 0x00ebebeb, 0xffebebeb, 0x00ebebeb,
  0x00ebebeb, 0xffebebeb, 0x00ebebeb, 0xffebebeb, 0xffebebeb, 0xffebebeb, 0xffebebeb, 0xffebebeb, 0xffebebeb, 0xffebebeb, 0xffebebeb, 0x00ebebeb,
  0x00ebebeb, 0xffebebeb, 0xffebebeb, 0xffebebeb, 0xffebebeb, 0xffebebeb, 0xffebebeb, 0xffebebeb, 0xffebebeb, 0xffebebeb, 0xffebebeb, 0x00ebebeb,
  0x00ebebeb, 0x00ebebeb, 0x00ebebeb, 0x00ebebeb, 0x00ebebeb, 0xffebebeb, 0xffebebeb, 0x00ebebeb, 0x00ebebeb, 0x00ebebeb, 0x00ebebeb, 0x00ebebeb,
  0x00ebebeb, 0x00ebebeb, 0xffebebeb, 0xffebebeb, 0xffebebeb, 0xffebebeb, 0xffebebeb, 0xffebebeb, 0xffebebeb, 0xffebebeb, 0x00ebebeb, 0x00ebebeb,
  0x00ebebeb, 0x00ebebeb, 0x00ebebeb, 0x00ebebeb, 0x00ebebeb, 0xffebebeb, 0xffebebeb, 0x00ebebeb, 0x00ebebeb, 0x00ebebeb, 0x00ebebeb, 0x00ebebeb,
  0x00ebebeb, 0xffebebeb, 0xffebebeb, 0xffebebeb, 0xffebebeb, 0xffebebeb, 0xffebebeb, 0xffebebeb, 0xffebebeb, 0xffebebeb, 0xffebebeb, 0x00ebebeb,
  0x00ebebeb, 0x00ebebeb, 0x00ebebeb, 0x00ebebeb, 0xffebebeb, 0x00ebebeb, 0x00ebebeb, 0xffebebeb, 0x00ebebeb, 0x00ebebeb, 0x00ebebeb, 0x00ebebeb,
  0x00ebebeb, 0x00ebebeb, 0xffebebeb, 0xffebebeb, 0xffebebeb, 0xffebebeb, 0xffebebeb, 0x00ebebeb, 0x00ebebeb, 0x00ebebeb, 0x00ebebeb, 0x00ebebeb,
  0x00ebebeb, 0x00ebebeb, 0x00ebebeb, 0xffebebeb, 0xffebebeb, 0xffebebeb, 0x00ebebeb, 0x00ebebeb, 0xffebebeb, 0xffebebeb, 0x00ebebeb, 0x00ebebeb,
  0x00ebebeb, 0xffebebeb, 0xffebebeb, 0xffebebeb, 0xffebebeb, 0xffebebeb, 0xffebebeb, 0xffebebeb, 0xffebebeb, 0xffebebeb, 0xffebebeb, 0x00ebebeb,
  0x00ebebeb, 0x00ebebeb, 0x00ebebeb, 0xffebebeb, 0x00ebebeb, 0xffebebeb, 0xffebebeb, 0x00ebebeb, 0xffebebeb, 0x00ebebeb, 0x00ebebeb, 0x00ebebeb,
  0x00ebebeb, 0xffebebeb, 0xffebebeb, 0xffebebeb, 0x00ebebeb, 0xffebebeb, 0xffebebeb, 0x00ebebeb, 0xffebebeb, 0xffebebeb, 0xffebebeb, 0x00ebebeb,
  0x00ebebeb, 0xffebebeb, 0x00ebebeb, 0x00ebebeb, 0x00ebebeb, 0xffebebeb, 0xffebebeb, 0x00ebebeb, 0x00ebebeb, 0x00ebebeb, 0xffebebeb, 0x00ebebeb,
  0x00ebebeb, 0x00ebebeb, 0xffebebeb, 0x00ebebeb, 0x00ebebeb, 0xffebebeb, 0x00ebebeb, 0x00ebebeb, 0xffebebeb, 0x00ebebeb, 0x00ebebeb, 0x00ebebeb,
  0x00ebebeb, 0x00ebebeb, 0xffebebeb, 0x00ebebeb, 0x00ebebeb, 0xffebebeb, 0xffebebeb, 0x00ebebeb, 0xffebebeb, 0x00ebebeb, 0xffebebeb, 0x00ebebeb,
  0x00ebebeb, 0xffebebeb, 0xffebebeb, 0x00ebebeb, 0x00ebebeb, 0xffebebeb, 0x00ebebeb, 0xffebebeb, 0xffebebeb, 0xffebebeb, 0xffebebeb, 0x00ebebeb,
  0x00ebebeb, 0xffebebeb, 0x00ebebeb, 0xffebebeb, 0xffebebeb, 0xffebebeb, 0x00ebebeb, 0x00ebebeb, 0xffebebeb, 0xffebebeb, 0x00ebebeb, 0x00ebebeb,
  0xffebebeb, 0xffebebeb, 0xffebebeb, 0xffebebeb, 0x00ebebeb, 0xffebebeb, 0xffebebeb, 0xffebebeb, 0xffebebeb, 0xffebebeb, 0xffebebeb, 0x00ebebeb,
  0x00ebebeb, 0x00ebebeb, 0xffebebeb, 0x00ebebeb, 0x00ebebeb, 0xffebebeb, 0x00ebebeb, 0x00ebebeb, 0xffebebeb, 0xffebebeb, 0x00ebebeb, 0x00ebebeb,
  0x00ebebeb, 0xffebebeb, 0xffebebeb, 0x00ebebeb, 0x00ebebeb, 0xffebebeb, 0x00ebebeb, 0xffebebeb, 0xffebebeb, 0xffebebeb, 0xffebebeb, 0x00ebebeb,
  0xffebebeb, 0xffebebeb, 0xffebebeb, 0xffebebeb, 0x00ebebeb, 0xffebebeb, 0xffebebeb, 0xffebebeb, 0xffebebeb, 0x00ebebeb, 0xffebebeb, 0x00ebebeb,
  0x00ebebeb, 0x00ebebeb, 0x00ebebeb, 0x00ebebeb, 0x00ebebeb, 0xffebebeb, 0x00ebebeb, 0x00ebebeb, 0xffebebeb, 0x00ebebeb, 0x00ebebeb, 0x00ebebeb,
  0x00ebebeb, 0xffebebeb, 0xffebebeb, 0xffebebeb, 0xffebebeb, 0xffebebeb, 0x00ebebeb, 0x00ebebeb, 0xffebebeb, 0x00ebebeb, 0x00ebebeb, 0x00ebebeb,
  0x00ebebeb, 0xffebebeb, 0xffebebeb, 0x00ebebeb, 0x00ebebeb, 0xffebebeb, 0xffebebeb, 0xffebebeb, 0xffebebeb, 0xffebebeb, 0xffebebeb, 0xffebebeb,
  0x00ebebeb, 0x00ebebeb, 0x00ebebeb, 0x00ebebeb, 0x00ebebeb, 0x00ebebeb, 0x00ebebeb, 0x00ebebeb, 0x00ebebeb, 0x00ebebeb, 0x00ebebeb, 0x00ebebeb,
  0x00ebebeb, 0x00ebebeb, 0xffebebeb, 0x00ebebeb, 0x00ebebeb, 0x00ebebeb, 0x00ebebeb, 0xffebebeb, 0xffebebeb, 0x00ebebeb, 0x00ebebeb, 0x00ebebeb,
  0x00ebebeb, 0x00ebebeb, 0xffebebeb, 0x00ebebeb, 0x00ebebeb, 0xffebebeb, 0xffebebeb, 0xffebebeb, 0xffebebeb, 0xffebebeb, 0xffebebeb, 0x00ebebeb,
  0x00ebebeb, 0xffebebeb, 0xffebebeb, 0x00ebebeb, 0x00ebebeb, 0x00ebebeb, 0x00ebebeb, 0xffebebeb, 0xffebebeb, 0x00ebebeb, 0x00ebebeb, 0x00ebebeb,
  0x00ebebeb, 0xffebebeb, 0x00ebebeb, 0xffebebeb, 0xffebebeb, 0xffebebeb, 0xffebebeb, 0xffebebeb, 0xffebebeb, 0xffebebeb, 0xffebebeb, 0x00ebebeb,
  0xffebebeb, 0xffebebeb, 0xffebebeb, 0xffebebeb, 0x00ebebeb, 0x00ebebeb, 0x00ebebeb, 0x00ebebeb, 0x00ebebeb, 0x00ebebeb, 0xffebebeb, 0x00ebebeb,
  0x00ebebeb, 0x00ebebeb, 0xffebebeb, 0x00ebebeb, 0x00ebebeb, 0x00ebebeb, 0xffebebeb, 0xffebebeb, 0xffebebeb, 0x00ebebeb, 0xffebebeb, 0x00ebebeb,
  0x00ebebeb, 0xffebebeb, 0xffebebeb, 0xffebebeb, 0x00ebebeb, 0xffebebeb, 0xffebebeb, 0xffebebeb, 0xffebebeb, 0x00ebebeb, 0x00ebebeb, 0x00ebebeb,
  0x00ebebeb, 0xffebebeb, 0xffebebeb, 0x00ebebeb, 0x00ebebeb, 0xffebebeb, 0xffebebeb, 0xffebebeb, 0xffebebeb, 0x00ebebeb, 0x00ebebeb, 0x00ebebeb,
  0x00ebebeb, 0x00ebebeb, 0x00ebebeb, 0x00ebebeb, 0xffebebeb, 0xffebebeb, 0xffebebeb, 0xffebebeb, 0xffebebeb, 0xffebebeb, 0xffebebeb, 0x00ebebeb,
  0x00ebebeb, 0x00ebebeb, 0xffebebeb, 0xffebebeb, 0x00ebebeb, 0x00ebebeb, 0xffebebeb, 0xffebebeb, 0x00ebebeb, 0x00ebebeb, 0x00ebebeb, 0x00ebebeb,
  0x00ebebeb, 0xffebebeb, 0xffebebeb, 0x00ebebeb, 0x00ebebeb, 0xffebebeb, 0xffebebeb, 0x00ebebeb, 0x00ebebeb, 0xffebebeb, 0xffebebeb, 0x00ebebeb,
  0x00ebebeb, 0x00ebebeb, 0x00ebebeb, 0x00ebebeb, 0x00ebebeb, 0xffebebeb, 0x00ebebeb, 0x00ebebeb, 0x00ebebeb, 0x00ebebeb, 0xffebebeb, 0x00ebebeb,
  0x00ebebeb, 0x00ebebeb, 0x00ebebeb, 0xffebebeb, 0x00ebebeb, 0x00ebebeb, 0x00ebebeb, 0x00ebebeb, 0xffebebeb, 0x00ebebeb, 0x00ebebeb, 0x00ebebeb,
  0x00ebebeb, 0x00ebebeb, 0x00ebebeb, 0xffebebeb, 0xffebebeb, 0x00ebebeb, 0x00ebebeb, 0xffebebeb, 0xffebebeb, 0x00ebebeb, 0x00ebebeb, 0x00ebebeb,
  0x00ebebeb, 0xffebebeb, 0xffebebeb, 0xffebebeb, 0xffebebeb, 0xffebebeb, 0xffebebeb, 0xffebebeb, 0xffebebeb, 0xffebebeb, 0xffebebeb, 0x00ebebeb,
  0x00ebebeb, 0x00ebebeb, 0x00ebebeb, 0x00ebebeb, 0x00ebebeb, 0xffebebeb, 0xffebebeb, 0x00ebebeb, 0x00ebebeb, 0x00ebebeb, 0x00ebebeb, 0x00ebebeb,
  0x00ebebeb, 0x00ebebeb, 0xffebebeb, 0xffebebeb, 0xffebebeb, 0xffebebeb, 0xffebebeb, 0xffebebeb, 0xffebebeb, 0xffebebeb, 0x00ebebeb, 0x00ebebeb,
  0x00ebebeb, 0x00ebebeb, 0x00ebebeb, 0x00ebebeb, 0x00ebebeb, 0xffebebeb, 0xffebebeb, 0x00ebebeb, 0x00ebebeb, 0x00ebebeb, 0x00ebebeb, 0x00ebebeb,
  0x00ebebeb, 0xffebebeb, 0xffebebeb, 0xffebebeb, 0xffebebeb, 0xffebebeb, 0xffebebeb, 0xffebebeb, 0xffebebeb, 0xffebebeb, 0xffebebeb, 0x00ebebeb,
  0x00ebebeb, 0x00ebebeb, 0x00ebebeb, 0x00ebebeb, 0x00ebebeb, 0xffebebeb, 0xffebebeb, 0x00ebebeb, 0x00ebebeb, 0x00ebebeb, 0x00ebebeb, 0x00ebebeb,
  0x00ebebeb, 0xffebebeb, 0xffebebeb, 0xffebebeb, 0xffebebeb, 0xffebebeb, 0xffebebeb, 0xffebebeb, 0xffebebeb, 0xffebebeb, 0xffebebeb, 0x00ebebeb,
  0x00ebebeb, 0x00ebebeb, 0x00ebebeb, 0x00ebebeb, 0xffebebeb, 0xffebebeb, 0xffebebeb, 0xffebebeb, 0x00ebebeb, 0x00ebebeb, 0x00ebebeb, 0x00ebebeb,
  0x00ebebeb, 0xffebebeb, 0xffebebeb, 0xffebebeb, 0xffebebeb, 0x00ebebeb, 0x00ebebeb, 0xffebebeb, 0xffebebeb, 0xffebebeb, 0xffebebeb, 0x00ebebeb,
  0x00ebebeb, 0xffebebeb, 0xffebebeb, 0x00ebebeb, 0x00ebebeb, 0x00ebebeb, 0x00ebebeb, 0x00ebebeb, 0x00ebebeb, 0xffebebeb, 0xffebebeb, 0x00ebebeb,
  0x00ebebeb, 0xffebebeb, 0xffebebeb, 0xffebebeb, 0xffebebeb, 0x00ebebeb, 0x00ebebeb, 0x00ebebeb, 0x00ebebeb, 0x00ebebeb, 0x00ebebeb, 0x00ebebeb,
  0x00ebebeb, 0xffebebeb, 0x00ebebeb, 0xffebebeb, 0xffebebeb, 0x00ebebeb, 0xffebebeb, 0xffebebeb, 0xffebebeb, 0xffebebeb, 0xffebebeb, 0x00ebebeb,
  0x00ebebeb, 0xffebebeb, 0x00ebebeb, 0xffebebeb, 0xffebebeb, 0x00ebebeb, 0x00ebebeb, 0xffebebeb, 0xffebebeb, 0x00ebebeb, 0xffebebeb, 0x00ebebeb,
  0xffebebeb, 0xffebebeb, 0xffebebeb, 0xffebebeb, 0xffebebeb, 0xffebebeb, 0xffebebeb, 0xffebebeb, 0xffebebeb, 0xffebebeb, 0xffebebeb, 0x00ebebeb,
  0x00ebebeb, 0x00ebebeb, 0xffebebeb, 0xffebebeb, 0xffebebeb, 0x00ebebeb, 0xffebebeb, 0xffebebeb, 0xffebebeb, 0xffebebeb, 0xffebebeb, 0x00ebebeb,
  0x00ebebeb, 0xffebebeb, 0xffebebeb, 0xffebebeb, 0xffebebeb, 0xffebebeb, 0x00ebebeb, 0xffebebeb, 0xffebebeb, 0x00ebebeb, 0xffebebeb, 0x00ebebeb,
  0xffebebeb, 0xffebebeb, 0x00ebebeb, 0xffebebeb, 0x00ebebeb, 0x00ebebeb, 0x00ebebeb, 0xffebebeb, 0xffebebeb, 0x00ebebeb, 0xffebebeb, 0x00ebebeb,
  0x00ebebeb, 0xffebebeb, 0xffebebeb, 0xffebebeb, 0xffebebeb, 0xffebebeb, 0xffebebeb, 0xffebebeb, 0xffebebeb, 0xffebebeb, 0xffebebeb, 0x00ebebeb,
  0x00ebebeb, 0xffebebeb, 0x00ebebeb, 0xffebebeb, 0x00ebebeb, 0xffebebeb, 0xffebebeb, 0xffebebeb, 0xffebebeb, 0x00ebebeb, 0xffebebeb, 0x00ebebeb,
  0x00ebebeb, 0xffebebeb, 0xffebebeb, 0xffebebeb, 0xffebebeb, 0xffebebeb, 0x00ebebeb, 0xffebebeb, 0xffebebeb, 0x00ebebeb, 0xffebebeb, 0x00ebebeb,
  0x00ebebeb, 0xffebebeb, 0x00ebebeb, 0xffebebeb, 0x00ebebeb, 0xffebebeb, 0x00ebebeb, 0xffebebeb, 0xffebebeb, 0x00ebebeb, 0xffebebeb, 0x00ebebeb,
  0x00ebebeb, 0xffebebeb, 0xffebebeb, 0xffebebeb, 0xffebebeb, 0xffebebeb, 0x00ebebeb, 0xffebebeb, 0x00ebebeb, 0xffebebeb, 0xffebebeb, 0x00ebebeb,
  0x00ebebeb, 0x00ebebeb, 0x00ebebeb, 0x00ebebeb, 0xffebebeb, 0x00ebebeb, 0xffebebeb, 0xffebebeb, 0x00ebebeb, 0x00ebebeb, 0x00ebebeb, 0x00ebebeb,
  0x00ebebeb, 0xffebebeb, 0xffebebeb, 0xffebebeb, 0xffebebeb, 0x00ebebeb, 0xffebebeb, 0xffebebeb, 0xffebebeb, 0xffebebeb, 0xffebebeb, 0x00ebebeb,
  0x00ebebeb, 0x00ebebeb, 0x00ebebeb, 0xffebebeb, 0xffebebeb, 0x00ebebeb, 0xffebebeb, 0xffebebeb, 0x00ebebeb, 0x00ebebeb, 0xffebebeb, 0x00ebebeb,
  0x00ebebeb, 0xffebebeb, 0xffebebeb, 0xffebebeb, 0xffebebeb, 0x00ebebeb, 0x00ebebeb, 0xffebebeb, 0xffebebeb, 0xffebebeb, 0xffebebeb, 0x00ebebeb,
  0x00ebebeb, 0x00ebebeb, 0x00ebebeb, 0x00ebebeb, 0x00ebebeb, 0x00ebebeb, 0x00ebebeb, 0x00ebebeb, 0x00ebebeb, 0x00ebebeb, 0x00ebebeb, 0x00ebebeb,
  0x00ebebeb, 0x00ebebeb, 0xffebebeb, 0xffebebeb, 0xffebebeb, 0xffebebeb, 0xffebebeb, 0xffebebeb, 0xffebebeb, 0xffebebeb, 0x00ebebeb, 0x00ebebeb,
  0x00ebebeb, 0x00ebebeb, 0xffebebeb, 0xffebebeb, 0x00ebebeb, 0x00ebebeb, 0x00ebebeb, 0x00ebebeb, 0xffebebeb, 0xffebebeb, 0x00ebebeb, 0x00ebebeb,
  0x00ebebeb, 0x00ebebeb, 0xffebebeb, 0xffebebeb, 0xffebebeb, 0xffebebeb, 0xffebebeb, 0xffebebeb, 0xffebebeb, 0xffebebeb, 0x00ebebeb, 0x00ebebeb,
  0x00ebebeb, 0x00ebebeb, 0xffebebeb, 0xffebebeb, 0x00ebebeb, 0x00ebebeb, 0x00ebebeb, 0x00ebebeb, 0xffebebeb, 0xffebebeb, 0x00ebebeb, 0x00ebebeb,
  0x00ebebeb, 0x00ebebeb, 0xffebebeb, 0xffebebeb, 0xffebebeb, 0xffebebeb, 0xffebebeb, 0xffebebeb, 0xffebebeb, 0xffebebeb, 0x00ebebeb, 0x00ebebeb,
  0x00ebebeb, 0x00ebebeb, 0xffebebeb, 0xffebebeb, 0x00ebebeb, 0x00ebebeb, 0x00ebebeb, 0x00ebebeb, 0xffebebeb, 0xffebebeb, 0x00ebebeb, 0x00ebebeb,
  0x00ebebeb, 0x00ebebeb, 0xffebebeb, 0xffebebeb, 0x00ebebeb, 0x00ebebeb, 0x00ebebeb, 0xffebebeb, 0xffebebeb, 0xffebebeb, 0x00ebebeb, 0x00ebebeb,
  0x00ebebeb, 0x00ebebeb, 0x00ebebeb, 0x00ebebeb, 0x00ebebeb, 0xffebebeb, 0xffebebeb, 0x00ebebeb, 0x00ebebeb, 0x00ebebeb, 0x00ebebeb, 0x00ebebeb,
  0x00ebebeb, 0x00ebebeb, 0x00ebebeb, 0x00ebebeb, 0x00ebebeb, 0xffebebeb, 0xffebebeb, 0x00ebebeb, 0x00ebebeb, 0x00ebebeb, 0x00ebebeb, 0x00ebebeb,
  0x00ebebeb, 0x00ebebeb, 0xffebebeb, 0xffebebeb, 0xffebebeb, 0xffebebeb, 0xffebebeb, 0xffebebeb, 0xffebebeb, 0xffebebeb, 0x00ebebeb, 0x00ebebeb,
  0x00ebebeb, 0x00ebebeb, 0xffebebeb, 0x00ebebeb, 0x00ebebeb, 0x00ebebeb, 0x00ebebeb, 0x00ebebeb, 0x00ebebeb, 0xffebebeb, 0x00ebebeb, 0x00ebebeb,
  0x00ebebeb, 0x00ebebeb, 0xffebebeb, 0x00ebebeb, 0x00ebebeb, 0x00ebebeb, 0x00ebebeb, 0x00ebebeb, 0x00ebebeb, 0xffebebeb, 0x00ebebeb, 0x00ebebeb,
  0x00ebebeb, 0x00ebebeb, 0xffebebeb, 0xffebebeb, 0xffebebeb, 0xffebebeb, 0xffebebeb, 0xffebebeb, 0xffebebeb, 0xffebebeb, 0x00ebebeb, 0x00ebebeb,
  0x00ebebeb, 0x00ebebeb, 0xffebebeb, 0x00ebebeb, 0x00ebebeb, 0x00ebebeb, 0x00ebebeb, 0x00ebebeb, 0x00ebebeb, 0xffebebeb, 0x00ebebeb, 0x00ebebeb,
  0x00ebebeb, 0x00ebebeb, 0xffebebeb, 0xffebebeb, 0xffebebeb, 0xffebebeb, 0xffebebeb, 0xffebebeb, 0xffebebeb, 0xffebebeb, 0x00ebebeb, 0x00ebebeb,
  0x00ebebeb, 0x00ebebeb, 0xffebebeb, 0x00ebebeb, 0x00ebebeb, 0x00ebebeb, 0x00ebebeb, 0x00ebebeb, 0x00ebebeb, 0xffebebeb, 0x00ebebeb, 0x00ebebeb,
  0x00ebebeb, 0x00ebebeb, 0xffebebeb, 0x00ebebeb, 0x00ebebeb, 0x00ebebeb, 0x00ebebeb, 0x00ebebeb, 0x00ebebeb, 0xffebebeb, 0x00ebebeb, 0x00ebebeb,
  0x00ebebeb, 0x00ebebeb, 0xffebebeb, 0xffebebeb, 0xffebebeb, 0xffebebeb, 0xffebebeb, 0xffebebeb, 0xffebebeb, 0xffebebeb, 0x00ebebeb, 0x00ebebeb,
  0x00ebebeb, 0x00ebebeb, 0xffebebeb, 0x00ebebeb, 0x00ebebeb, 0x00ebebeb, 0x00ebebeb, 0x00ebebeb, 0x00ebebeb, 0xffebebeb, 0x00ebebeb, 0x00ebebeb,
  0x00ebebeb, 0x00ebebeb, 0x00ebebeb, 0xffebebeb, 0xffebebeb, 0x00ebebeb, 0x00ebebeb, 0x00ebebeb, 0x00ebebeb, 0x00ebebeb, 0x00ebebeb, 0x00ebebeb,
  0x00ebebeb, 0x00ebebeb, 0x00ebebeb, 0xffebebeb, 0xffebebeb, 0xffebebeb, 0xffebebeb, 0xffebebeb, 0x00ebebeb, 0x00ebebeb, 0x00ebebeb, 0x00ebebeb,
  0x00ebebeb, 0x00ebebeb, 0xffebebeb, 0xffebebeb, 0x00ebebeb, 0x00ebebeb, 0xffebebeb, 0xffebebeb, 0x00ebebeb, 0x00ebebeb, 0x00ebebeb, 0x00ebebeb,
  0x00ebebeb, 0xffebebeb, 0xffebebeb, 0xffebebeb, 0xffebebeb, 0xffebebeb, 0xffebebeb, 0xffebebeb, 0xffebebeb, 0xffebebeb, 0xffebebeb, 0x00ebebeb,
  0x00ebebeb, 0xffebebeb, 0xffebebeb, 0x00ebebeb, 0x00ebebeb, 0xffebebeb, 0xffebebeb, 0x00ebebeb, 0x00ebebeb, 0xffebebeb, 0xffebebeb, 0x00ebebeb,
  0x00ebebeb, 0x00ebebeb, 0xffebebeb, 0x00ebebeb, 0x00ebebeb, 0xffebebeb, 0xffebebeb, 0x00ebebeb, 0x00ebebeb, 0xffebebeb, 0xffebebeb, 0x00ebebeb,
  0x00ebebeb, 0x00ebebeb, 0xffebebeb, 0x00ebebeb, 0x00ebebeb, 0xffebebeb, 0xffebebeb, 0x00ebebeb, 0x00ebebeb, 0xffebebeb, 0xffebebeb, 0x00ebebeb,
  0x00ebebeb, 0x00ebebeb, 0xffebebeb, 0xffebebeb, 0xffebebeb, 0xffebebeb, 0xffebebeb, 0xffebebeb, 0xffebebeb, 0xffebebeb, 0xffebebeb, 0x00ebebeb,
  0x00ebebeb, 0x00ebebeb, 0xffebebeb, 0x00ebebeb, 0x00ebebeb, 0x00ebebeb, 0x00ebebeb, 0x00ebebeb, 0x00ebebeb, 0x00ebebeb, 0x00ebebeb, 0x00ebebeb,
  0x00ebebeb, 0x00ebebeb, 0xffebebeb, 0x00ebebeb, 0x00ebebeb, 0x00ebebeb, 0x00ebebeb, 0x00ebebeb, 0x00ebebeb, 0x00ebebeb, 0xffebebeb, 0x00ebebeb,
  0x00ebebeb, 0x00ebebeb, 0xffebebeb, 0xffebebeb, 0x00ebebeb, 0x00ebebeb, 0x00ebebeb, 0x00ebebeb, 0x00ebebeb, 0xffebebeb, 0xffebebeb, 0x00ebebeb,
  0x00ebebeb, 0x00ebebeb, 0xffebebeb, 0xffebebeb, 0xffebebeb, 0xffebebeb, 0xffebebeb, 0xffebebeb, 0xffebebeb, 0xffebebeb, 0xffebebeb, 0x00ebebeb,
  0x00ebebeb, 0x00ebebeb, 0x00ebebeb, 0xffebebeb, 0xffebebeb, 0x00ebebeb, 0x00ebebeb, 0xffebebeb, 0xffebebeb, 0x00ebebeb, 0x00ebebeb, 0x00ebebeb,
  0x00ebebeb, 0xffebebeb, 0xffebebeb, 0xffebebeb, 0xffebebeb, 0xffebebeb, 0xffebebeb, 0xffebebeb, 0xffebebeb, 0xffebebeb, 0xffebebeb, 0x00ebebeb,
  0x00ebebeb, 0x00ebebeb, 0x00ebebeb, 0xffebebeb, 0xffebebeb, 0x00ebebeb, 0x00ebebeb, 0xffebebeb, 0xffebebeb, 0x00ebebeb, 0x00ebebeb, 0x00ebebeb,
  0x00ebebeb, 0x00ebebeb, 0x00ebebeb, 0x00ebebeb, 0xffebebeb, 0x00ebebeb, 0x00ebebeb, 0xffebebeb, 0x00ebebeb, 0x00ebebeb, 0x00ebebeb, 0x00ebebeb,
  0x00ebebeb, 0xffebebeb, 0xffebebeb, 0x00ebebeb, 0xffebebeb, 0x00ebebeb, 0xffebebeb, 0xffebebeb, 0xffebebeb, 0xffebebeb, 0xffebebeb, 0x00ebebeb,
  0x00ebebeb, 0xffebebeb, 0xffebebeb, 0x00ebebeb, 0xffebebeb, 0x00ebebeb, 0xffebebeb, 0x00ebebeb, 0xffebebeb, 0x00ebebeb, 0x00ebebeb, 0x00ebebeb,
  0x00ebebeb, 0xffebebeb, 0xffebebeb, 0x00ebebeb, 0xffebebeb, 0x00ebebeb, 0xffebebeb, 0x00ebebeb, 0xffebebeb, 0xffebebeb, 0x00ebebeb, 0x00ebebeb,
  0x00ebebeb, 0x00ebebeb, 0x00ebebeb, 0x00ebebeb, 0xffebebeb, 0x00ebebeb, 0x00ebebeb, 0x00ebebeb, 0x00ebebeb, 0xffebebeb, 0x00ebebeb, 0x00ebebeb,
  0x00ebebeb, 0x00ebebeb, 0xffebebeb, 0xffebebeb, 0xffebebeb, 0xffebebeb, 0xffebebeb, 0xffebebeb, 0xffebebeb, 0xffebebeb, 0x00ebebeb, 0x00ebebeb,
  0x00ebebeb, 0x00ebebeb, 0xffebebeb, 0x00ebebeb, 0xffebebeb, 0x00ebebeb, 0x00ebebeb, 0xffebebeb, 0x00ebebeb, 0xffebebeb, 0x00ebebeb, 0x00ebebeb,
  0x00ebebeb, 0x00ebebeb, 0xffebebeb, 0x00ebebeb, 0xffebebeb, 0xffebebeb, 0xffebebeb, 0xffebebeb, 0x00ebebeb, 0xffebebeb, 0x00ebebeb, 0x00ebebeb,
  0x00ebebeb, 0xffebebeb, 0xffebebeb, 0xffebebeb, 0xffebebeb, 0xffebebeb, 0xffebebeb, 0xffebebeb, 0xffebebeb, 0xffebebeb, 0xffebebeb, 0x00ebebeb,
  0x00ebebeb, 0x00ebebeb, 0x00ebebeb, 0xffebebeb, 0xffebebeb, 0x00ebebeb, 0x00ebebeb, 0xffebebeb, 0xffebebeb, 0x00ebebeb, 0x00ebebeb, 0x00ebebeb,
  0x00ebebeb, 0xffebebeb, 0xffebebeb, 0xffebebeb, 0xffebebeb, 0xffebebeb, 0xffebebeb, 0xffebebeb, 0xffebebeb, 0xffebebeb, 0xffebebeb, 0x00ebebeb,
  0x00ebebeb, 0x00ebebeb, 0x00ebebeb, 0x00ebebeb, 0x00ebebeb, 0x00ebebeb, 0x00ebebeb, 0xffebebeb, 0xffebebeb, 0x00ebebeb, 0xffebebeb, 0x00ebebeb,
  0x00ebebeb, 0xffebebeb, 0x00ebebeb, 0xffebebeb, 0xffebebeb, 0xffebebeb, 0xffebebeb, 0xffebebeb, 0xffebebeb, 0xffebebeb, 0xffebebeb, 0x00ebebeb,
  0x00ebebeb, 0xffebebeb, 0x00ebebeb, 0xffebebeb, 0x00ebebeb, 0x00ebebeb, 0x00ebebeb, 0x00ebebeb, 0xffebebeb, 0x00ebebeb, 0x00ebebeb, 0x00ebebeb,
  0x00ebebeb, 0xffebebeb, 0xffebebeb, 0xffebebeb, 0xffebebeb, 0xffebebeb, 0xffebebeb, 0xffebebeb, 0xffebebeb, 0x00ebebeb, 0xffebebeb, 0x00ebebeb,
  0x00ebebeb, 0x00ebebeb, 0xffebebeb, 0xffebebeb, 0xffebebeb, 0xffebebeb, 0xffebebeb, 0x00ebebeb, 0xffebebeb, 0xffebebeb, 0xffebebeb, 0x00ebebeb,
  0xffebebeb, 0xffebebeb, 0xffebebeb, 0xffebebeb, 0xffebebeb, 0x00ebebeb, 0xffebebeb, 0xffebebeb, 0xffebebeb, 0xffebebeb, 0x00ebebeb, 0x00ebebeb,
  0x00ebebeb, 0xffebebeb, 0xffebebeb, 0xffebebeb, 0xffebebeb, 0xffebebeb, 0xffebebeb, 0xffebebeb, 0xffebebeb, 0xffebebeb, 0x00ebebeb, 0x00ebebeb,
  0x00ebebeb, 0xffebebeb, 0xffebebeb, 0xffebebeb, 0xffebebeb, 0x00ebebeb, 0xffebebeb, 0x00ebebeb, 0xffebebeb, 0xffebebeb, 0x00ebebeb, 0x00ebebeb,
  0x00ebebeb, 0xffebebeb, 0xffebebeb, 0x00ebebeb, 0xffebebeb, 0xffebebeb, 0xffebebeb, 0xffebebeb, 0xffebebeb, 0xffebebeb, 0xffebebeb, 0xffebebeb,
  0xffebebeb, 0x00ebebeb, 0xffebebeb, 0x00ebebeb, 0x00ebebeb, 0x00ebebeb, 0x00ebebeb, 0xffebebeb, 0x00ebebeb, 0xffebebeb, 0xffebebeb, 0x00ebebeb,
  0x00ebebeb, 0x00ebebeb, 0x00ebebeb, 0x00ebebeb, 0x00ebebeb, 0x00ebebeb, 0x00ebebeb, 0xffebebeb, 0x00ebebeb, 0x00ebebeb, 0x00ebebeb, 0x00ebebeb,
  0x00ebebeb, 0xffebebeb, 0xffebebeb, 0x00ebebeb, 0x00ebebeb, 0xffebebeb, 0xffebebeb, 0xffebebeb, 0xffebebeb, 0xffebebeb, 0xffebebeb, 0x00ebebeb,
  0x00ebebeb, 0x00ebebeb, 0xffebebeb, 0x00ebebeb, 0x00ebebeb, 0x00ebebeb, 0x00ebebeb, 0xffebebeb, 0xffebebeb, 0x00ebebeb, 0x00ebebeb, 0x00ebebeb,
  0x00ebebeb, 0x00ebebeb, 0x00ebebeb, 0x00ebebeb, 0xffebebeb, 0xffebebeb, 0xffebebeb, 0xffebebeb, 0xffebebeb, 0xffebebeb, 0xffebebeb, 0x00ebebeb,
  0xffebebeb, 0xffebebeb, 0xffebebeb, 0x00ebebeb, 0x00ebebeb, 0x00ebebeb, 0x00ebebeb, 0x00ebebeb, 0x00ebebeb, 0x00ebebeb, 0xffebebeb, 0x00ebebeb,
  0x00ebebeb, 0x00ebebeb, 0xffebebeb, 0x00ebebeb, 0x00ebebeb, 0xffebebeb, 0xffebebeb, 0xffebebeb, 0xffebebeb, 0x00ebebeb, 0xffebebeb, 0x00ebebeb,
  0x00ebebeb, 0x00ebebeb, 0xffebebeb, 0x00ebebeb, 0xffebebeb, 0xffebebeb, 0x00ebebeb, 0xffebebeb, 0xffebebeb, 0x00ebebeb, 0x00ebebeb, 0x00ebebeb,
  0x00ebebeb, 0x00ebebeb, 0xffebebeb, 0x00ebebeb, 0x00ebebeb, 0xffebebeb, 0xffebebeb, 0xffebebeb, 0xffebebeb, 0x00ebebeb, 0x00ebebeb, 0x00ebebeb,
  0x00ebebeb, 0x00ebebeb, 0xffebebeb, 0x00ebebeb, 0xffebebeb, 0xffebebeb, 0xffebebeb, 0xffebebeb, 0xffebebeb, 0xffebebeb, 0xffebebeb, 0x00ebebeb,
  0x00ebebeb, 0x00ebebeb, 0xffebebeb, 0xffebebeb, 0x00ebebeb, 0x00ebebeb, 0xffebebeb, 0xffebebeb, 0x00ebebeb, 0xffebebeb, 0x00ebebeb, 0x00ebebeb,
  0x00ebebeb, 0x00ebebeb, 0xffebebeb, 0xffebebeb, 0x00ebebeb, 0xffebebeb, 0xffebebeb, 0x00ebebeb, 0x00ebebeb, 0xffebebeb, 0xffebebeb, 0x00ebebeb,
  0x00ebebeb, 0x00ebebeb, 0x00ebebeb, 0x00ebebeb, 0xffebebeb, 0xffebebeb, 0x00ebebeb, 0x00ebebeb, 0x00ebebeb, 0x00ebebeb, 0xffebebeb, 0x00ebebeb,
  0x00ebebeb, 0x00ebebeb, 0x00ebebeb, 0x00ebebeb, 0x00ebebeb, 0x00ebebeb, 0x00ebebeb, 0xffebebeb, 0x00ebebeb, 0x00ebebeb, 0x00ebebeb, 0x00ebebeb,
  0x00ebebeb, 0x00ebebeb, 0xffebebeb, 0xffebebeb, 0x00ebebeb, 0xffebebeb, 0x00ebebeb, 0xffebebeb, 0x00ebebeb, 0xffebebeb, 0xffebebeb, 0x00ebebeb,
  0x00ebebeb, 0x00ebebeb, 0xffebebeb, 0x00ebebeb, 0xffebebeb, 0xffebebeb, 0x00ebebeb, 0xffebebeb, 0x00ebebeb, 0xffebebeb, 0xffebebeb, 0x00ebebeb,
  0x00ebebeb, 0x00ebebeb, 0x00ebebeb, 0x00ebebeb, 0x00ebebeb, 0x00ebebeb, 0xffebebeb, 0xffebebeb, 0xffebebeb, 0x00ebebeb, 0x00ebebeb, 0x00ebebeb,
  0xffebebeb, 0xffebebeb, 0xffebebeb, 0x00ebebeb, 0x00ebebeb, 0xffebebeb, 0xffebebeb, 0xffebebeb, 0xffebebeb, 0xffebebeb, 0xffebebeb, 0x00ebebeb,
  0x00ebebeb, 0x00ebebeb, 0xffebebeb, 0x00ebebeb, 0xffebebeb, 0xffebebeb, 0x00ebebeb, 0xffebebeb, 0x00ebebeb, 0x00ebebeb, 0xffebebeb, 0x00ebebeb,
  0x00ebebeb, 0x00ebebeb, 0xffebebeb, 0x00ebebeb, 0x00ebebeb, 0xffebebeb, 0x00ebebeb, 0xffebebeb, 0x00ebebeb, 0x00ebebeb, 0xffebebeb, 0x00ebebeb,
  0x00ebebeb, 0x00ebebeb, 0xffebebeb, 0x00ebebeb, 0x00ebebeb, 0xffebebeb, 0x00ebebeb, 0xffebebeb, 0x00ebebeb, 0xffebebeb, 0xffebebeb, 0x00ebebeb,
  0x00ebebeb, 0x00ebebeb, 0xffebebeb, 0xffebebeb, 0xffebebeb, 0xffebebeb, 0x00ebebeb, 0xffebebeb, 0xffebebeb, 0xffebebeb, 0xffebebeb, 0x00ebebeb,
  0x00ebebeb, 0x00ebebeb, 0xffebebeb, 0xffebebeb, 0x00ebebeb, 0x00ebebeb, 0xffebebeb, 0xffebebeb, 0xffebebeb, 0xffebebeb, 0x00ebebeb, 0x00ebebeb,
  0x00ebebeb, 0x00ebebeb, 0xffebebeb, 0xffebebeb, 0xffebebeb, 0xffebebeb, 0xffebebeb, 0x00ebebeb, 0x00ebebeb, 0xffebebeb, 0xffebebeb, 0x00ebebeb,
  0x00ebebeb, 0x00ebebeb, 0xffebebeb, 0x00ebebeb, 0xffebebeb, 0xffebebeb, 0x00ebebeb, 0x00ebebeb, 0x00ebebeb, 0x00ebebeb, 0xffebebeb, 0x00ebebeb,
  0x00ebebeb, 0x00ebebeb, 0x00ebebeb, 0xffebebeb, 0x00ebebeb, 0x00ebebeb, 0x00ebebeb, 0x00ebebeb, 0x00ebebeb, 0x00ebebeb, 0x00ebebeb, 0x00ebebeb,
  0x00ebebeb, 0xffebebeb, 0xffebebeb, 0xffebebeb, 0xffebebeb, 0xffebebeb, 0xffebebeb, 0xffebebeb, 0xffebebeb, 0xffebebeb, 0xffebebeb, 0x00ebebeb,
  0x00ebebeb, 0x00ebebeb, 0xffebebeb, 0xffebebeb, 0x00ebebeb, 0x00ebebeb, 0x00ebebeb, 0x00ebebeb, 0x00ebebeb, 0x00ebebeb, 0xffebebeb, 0x00ebebeb,
  0x00ebebeb, 0x00ebebeb, 0xffebebeb, 0xffebebeb, 0x00ebebeb, 0x00ebebeb, 0x00ebebeb, 0x00ebebeb, 0x00ebebeb, 0xffebebeb, 0xffebebeb, 0x00ebebeb,
  0x00ebebeb, 0xffebebeb, 0xffebebeb, 0xffebebeb, 0xffebebeb, 0xffebebeb, 0xffebebeb, 0xffebebeb, 0xffebebeb, 0xffebebeb, 0xffebebeb, 0x00ebebeb,
  0x00ebebeb, 0x00ebebeb, 0x00ebebeb, 0xffebebeb, 0x00ebebeb, 0x00ebebeb, 0x00ebebeb, 0xffebebeb, 0x00ebebeb, 0x00ebebeb, 0x00ebebeb, 0x00ebebeb,
  0x00ebebeb, 0xffebebeb, 0x00ebebeb, 0xffebebeb, 0x00ebebeb, 0x00ebebeb, 0x00ebebeb, 0xffebebeb, 0x00ebebeb, 0x00ebebeb, 0x00ebebeb, 0x00ebebeb,
  0x00ebebeb, 0xffebebeb, 0x00ebebeb, 0xffebebeb, 0xffebebeb, 0xffebebeb, 0x00ebebeb, 0xffebebeb, 0x00ebebeb, 0x00ebebeb, 0xffebebeb, 0x00ebebeb,
  0x00ebebeb, 0xffebebeb, 0x00ebebeb, 0xffebebeb, 0x00ebebeb, 0x00ebebeb, 0x00ebebeb, 0xffebebeb, 0x00ebebeb, 0x00ebebeb, 0xffebebeb, 0x00ebebeb,
  0x00ebebeb, 0xffebebeb, 0xffebebeb, 0xffebebeb, 0x00ebebeb, 0x00ebebeb, 0x00ebebeb, 0xffebebeb, 0xffebebeb, 0xffebebeb, 0xffebebeb, 0x00ebebeb,
  0x00ebebeb, 0xffebebeb, 0xffebebeb, 0xffebebeb, 0xffebebeb, 0x00ebebeb, 0x00ebebeb, 0x00ebebeb, 0x00ebebeb, 0x00ebebeb, 0x00ebebeb, 0x00ebebeb,
  0xffebebeb, 0xffebebeb, 0x00ebebeb, 0xffebebeb, 0xffebebeb, 0xffebebeb, 0xffebebeb, 0xffebebeb, 0xffebebeb, 0xffebebeb, 0xffebebeb, 0x00ebebeb,
  0x00ebebeb, 0xffebebeb, 0xffebebeb, 0x00ebebeb, 0x00ebebeb, 0x00ebebeb, 0xffebebeb, 0x00ebebeb, 0xffebebeb, 0xffebebeb, 0x00ebebeb, 0x00ebebeb,
  0x00ebebeb, 0x00ebebeb, 0xffebebeb, 0x00ebebeb, 0xffebebeb, 0xffebebeb, 0xffebebeb, 0xffebebeb, 0xffebebeb, 0xffebebeb, 0xffebebeb, 0x00ebebeb,
  0x00ebebeb, 0x00ebebeb, 0x00ebebeb, 0x00ebebeb, 0x00ebebeb, 0xffebebeb, 0xffebebeb, 0x00ebebeb, 0xffebebeb, 0xffebebeb, 0x00ebebeb, 0x00ebebeb,
  0x00ebebeb, 0x00ebebeb, 0x00ebebeb, 0x00ebebeb, 0x00ebebeb, 0x00ebebeb, 0xffebebeb, 0x00ebebeb, 0xffebebeb, 0xffebebeb, 0x00ebebeb, 0x00ebebeb,
  0x00ebebeb, 0xffebebeb, 0xffebebeb, 0x00ebebeb, 0x00ebebeb, 0xffebebeb, 0xffebebeb, 0x00ebebeb, 0xffebebeb, 0xffebebeb, 0x00ebebeb, 0x00ebebeb,
  0x00ebebeb, 0x00ebebeb, 0xffebebeb, 0x00ebebeb, 0xffebebeb, 0xffebebeb, 0xffebebeb, 0xffebebeb, 0xffebebeb, 0xffebebeb, 0xffebebeb, 0x00ebebeb,
  0x00ebebeb, 0x00ebebeb, 0xffebebeb, 0x00ebebeb, 0x00ebebeb, 0xffebebeb, 0xffebebeb, 0x00ebebeb, 0xffebebeb, 0xffebebeb, 0x00ebebeb, 0x00ebebeb,
  0x00ebebeb, 0x00ebebeb, 0xffebebeb, 0x00ebebeb, 0x00ebebeb, 0xffebebeb, 0x00ebebeb, 0x00ebebeb, 0xffebebeb, 0xffebebeb, 0x00ebebeb, 0x00ebebeb,
  0x00ebebeb, 0x00ebebeb, 0xffebebeb, 0x00ebebeb, 0xffebebeb, 0xffebebeb, 0x00ebebeb, 0x00ebebeb, 0xffebebeb, 0xffebebeb, 0x00ebebeb, 0x00ebebeb,
  0x00ebebeb, 0xffebebeb, 0xffebebeb, 0xffebebeb, 0xffebebeb, 0xffebebeb, 0x00ebebeb, 0x00ebebeb, 0x00ebebeb, 0x00ebebeb, 0xffebebeb, 0x00ebebeb,
  0x00ebebeb, 0xffebebeb, 0x00ebebeb, 0x00ebebeb, 0xffebebeb, 0xffebebeb, 0xffebebeb, 0xffebebeb, 0xffebebeb, 0xffebebeb, 0xffebebeb, 0x00ebebeb,
  0x00ebebeb, 0x00ebebeb, 0x00ebebeb, 0x00ebebeb, 0x00ebebeb, 0x00ebebeb, 0x00ebebeb, 0x00ebebeb, 0x00ebebeb, 0x00ebebeb, 0x00ebebeb, 0x00ebebeb,
  0x00ebebeb, 0x00ebebeb, 0xffebebeb, 0xffebebeb, 0xffebebeb, 0xffebebeb, 0xffebebeb, 0xffebebeb, 0xffebebeb, 0xffebebeb, 0x00ebebeb, 0x00ebebeb,
  0x00ebebeb, 0x00ebebeb, 0xffebebeb, 0xffebebeb, 0x00ebebeb, 0x00ebebeb, 0x00ebebeb, 0x00ebebeb, 0xffebebeb, 0xffebebeb, 0x00ebebeb, 0x00ebebeb,
  0x00ebebeb, 0x00ebebeb, 0xffebebeb, 0xffebebeb, 0x00ebebeb, 0x00ebebeb, 0x00ebebeb, 0x00ebebeb, 0xffebebeb, 0xffebebeb, 0x00ebebeb, 0x00ebebeb,
  0x00ebebeb, 0x00ebebeb, 0xffebebeb, 0xffebebeb, 0xffebebeb, 0xffebebeb, 0xffebebeb, 0xffebebeb, 0xffebebeb, 0xffebebeb, 0x00ebebeb, 0x00ebebeb,
  0x00ebebeb, 0xffebebeb, 0xffebebeb, 0xffebebeb, 0xffebebeb, 0xffebebeb, 0xffebebeb, 0xffebebeb, 0xffebebeb, 0xffebebeb, 0xffebebeb, 0x00ebebeb,
  0x00ebebeb, 0x00ebebeb, 0xffebebeb, 0xffebebeb, 0xffebebeb, 0xffebebeb, 0xffebebeb, 0xffebebeb, 0xffebebeb, 0xffebebeb, 0x00ebebeb, 0x00ebebeb,
  0x00ebebeb, 0x00ebebeb, 0xffebebeb, 0xffebebeb, 0xffebebeb, 0xffebebeb, 0xffebebeb, 0xffebebeb, 0xffebebeb, 0xffebebeb, 0x00ebebeb, 0x00ebebeb,
  0x00ebebeb, 0x00ebebeb, 0xffebebeb, 0x00ebebeb, 0x00ebebeb, 0xffebebeb, 0xffebebeb, 0x00ebebeb, 0x00ebebeb, 0xffebebeb, 0x00ebebeb, 0x00ebebeb,
  0x00ebebeb, 0x00ebebeb, 0xffebebeb, 0xffebebeb, 0xffebebeb, 0xffebebeb, 0xffebebeb, 0xffebebeb, 0xffebebeb, 0xffebebeb, 0x00ebebeb, 0x00ebebeb,
  0x00ebebeb, 0x00ebebeb, 0xffebebeb, 0xffebebeb, 0xffebebeb, 0xffebebeb, 0xffebebeb, 0xffebebeb, 0xffebebeb, 0xffebebeb, 0x00ebebeb, 0x00ebebeb,
  0x00ebebeb, 0x00ebebeb, 0x00ebebeb, 0x00ebebeb, 0x00ebebeb, 0xffebebeb, 0xffebebeb, 0x00ebebeb, 0x00ebebeb, 0x00ebebeb, 0x00ebebeb, 0x00ebebeb,
  0x00ebebeb, 0xffebebeb, 0xffebebeb, 0xffebebeb, 0xffebebeb, 0xffebebeb, 0xffebebeb, 0xffebebeb, 0xffebebeb, 0xffebebeb, 0xffebebeb, 0x00ebebeb,
  0x00ebebeb, 0xffebebeb, 0xffebebeb, 0x00ebebeb, 0x00ebebeb, 0x00ebebeb, 0x00ebebeb, 0x00ebebeb, 0x00ebebeb, 0x00ebebeb, 0x00ebebeb, 0x00ebebeb,
  0x00ebebeb, 0x00ebebeb, 0xffebebeb, 0x00ebebeb, 0xffebebeb, 0xffebebeb, 0xffebebeb, 0xffebebeb, 0xffebebeb, 0xffebebeb, 0xffebebeb, 0x00ebebeb,
  0x00ebebeb, 0x00ebebeb, 0xffebebeb, 0x00ebebeb, 0x00ebebeb, 0x00ebebeb, 0x00ebebeb, 0xffebebeb, 0x00ebebeb, 0x00ebebeb, 0xffebebeb, 0x00ebebeb,
  0x00ebebeb, 0xffebebeb, 0x00ebebeb, 0x00ebebeb, 0x00ebebeb, 0x00ebebeb, 0xffebebeb, 0xffebebeb, 0x00ebebeb, 0x00ebebeb, 0xffebebeb, 0x00ebebeb,
  0x00ebebeb, 0xffebebeb, 0x00ebebeb, 0xffebebeb, 0xffebebeb, 0xffebebeb, 0xffebebeb, 0xffebebeb, 0xffebebeb, 0x00ebebeb, 0xffebebeb, 0x00ebebeb,
  0x00ebebeb, 0xffebebeb, 0x00ebebeb, 0x00ebebeb, 0x00ebebeb, 0xffebebeb, 0xffebebeb, 0xffebebeb, 0x00ebebeb, 0x00ebebeb, 0xffebebeb, 0x00ebebeb,
  0x00ebebeb, 0xffebebeb, 0x00ebebeb, 0x00ebebeb, 0x00ebebeb, 0xffebebeb, 0xffebebeb, 0xffebebeb, 0x00ebebeb, 0x00ebebeb, 0xffebebeb, 0x00ebebeb,
  0x00ebebeb, 0xffebebeb, 0x00ebebeb, 0x00ebebeb, 0xffebebeb, 0xffebebeb, 0xffebebeb, 0xffebebeb, 0x00ebebeb, 0x00ebebeb, 0xffebebeb, 0x00ebebeb,
  0x00ebebeb, 0xffebebeb, 0xffebebeb, 0xffebebeb, 0xffebebeb, 0x00ebebeb, 0xffebebeb, 0xffebebeb, 0x00ebebeb, 0x00ebebeb, 0xffebebeb, 0x00ebebeb,
  0x00ebebeb, 0xffebebeb, 0x00ebebeb, 0xffebebeb, 0x00ebebeb, 0x00ebebeb, 0xffebebeb, 0xffebebeb, 0x00ebebeb, 0x00ebebeb, 0xffebebeb, 0x00ebebeb,
  0x00ebebeb, 0xffebebeb, 0x00ebebeb, 0x00ebebeb, 0x00ebebeb, 0xffebebeb, 0xffebebeb, 0xffebebeb, 0x00ebebeb, 0x00ebebeb, 0xffebebeb, 0x00ebebeb,
  0x00ebebeb, 0xffebebeb, 0x00ebebeb, 0x00ebebeb, 0x00ebebeb, 0x00ebebeb, 0x00ebebeb, 0x00ebebeb, 0x00ebebeb, 0xffebebeb, 0xffebebeb, 0x00ebebeb,
  0x00ebebeb, 0x00ebebeb, 0xffebebeb, 0x00ebebeb, 0xffebebeb, 0xffebebeb, 0xffebebeb, 0xffebebeb, 0xffebebeb, 0xffebebeb, 0xffebebeb, 0x00ebebeb,
  0x00ebebeb, 0x00ebebeb, 0x00ebebeb, 0x00ebebeb, 0x00ebebeb, 0x00ebebeb, 0x00ebebeb, 0xffebebeb, 0x00ebebeb, 0x00ebebeb, 0xffebebeb, 0x00ebebeb,
  0x00ebebeb, 0xffebebeb, 0x00ebebeb, 0x00ebebeb, 0xffebebeb, 0x00ebebeb, 0xffebebeb, 0xffebebeb, 0x00ebebeb, 0x00ebebeb, 0xffebebeb, 0x00ebebeb,
  0x00ebebeb, 0xffebebeb, 0x00ebebeb, 0xffebebeb, 0xffebebeb, 0xffebebeb, 0xffebebeb, 0xffebebeb, 0xffebebeb, 0x00ebebeb, 0xffebebeb, 0x00ebebeb,
  0x00ebebeb, 0xffebebeb, 0x00ebebeb, 0xffebebeb, 0xffebebeb, 0x00ebebeb, 0x00ebebeb, 0xffebebeb, 0xffebebeb, 0x00ebebeb, 0xffebebeb, 0x00ebebeb,
  0x00ebebeb, 0xffebebeb, 0x00ebebeb, 0xffebebeb, 0xffebebeb, 0x00ebebeb, 0x00ebebeb, 0xffebebeb, 0xffebebeb, 0x00ebebeb, 0xffebebeb, 0x00ebebeb,
  0x00ebebeb, 0xffebebeb, 0x00ebebeb, 0xffebebeb, 0xffebebeb, 0xffebebeb, 0xffebebeb, 0xffebebeb, 0xffebebeb, 0x00ebebeb, 0xffebebeb, 0x00ebebeb,
  0x00ebebeb, 0xffebebeb, 0x00ebebeb, 0x00ebebeb, 0xffebebeb, 0x00ebebeb, 0xffebebeb, 0x00ebebeb, 0x00ebebeb, 0x00ebebeb, 0xffebebeb, 0x00ebebeb,
  0x00ebebeb, 0xffebebeb, 0x00ebebeb, 0x00ebebeb, 0xffebebeb, 0x00ebebeb, 0xffebebeb, 0x00ebebeb, 0xffebebeb, 0x00ebebeb, 0xffebebeb, 0x00ebebeb,
  0x00ebebeb, 0xffebebeb, 0xffebebeb, 0xffebebeb, 0x00ebebeb, 0x00ebebeb, 0xffebebeb, 0xffebebeb, 0xffebebeb, 0xffebebeb, 0xffebebeb, 0x00ebebeb,
  0x00ebebeb, 0xffebebeb, 0x00ebebeb, 0x00ebebeb, 0x00ebebeb, 0x00ebebeb, 0x00ebebeb, 0x00ebebeb, 0x00ebebeb, 0xffebebeb, 0xffebebeb, 0x00ebebeb,
  0x00ebebeb, 0x00ebebeb, 0x00ebebeb, 0x00ebebeb, 0x00ebebeb, 0x00ebebeb, 0x00ebebeb, 0x00ebebeb, 0x00ebebeb, 0x00ebebeb, 0x00ebebeb, 0x00ebebeb,
  0x00ebebeb, 0x00ebebeb, 0x00ebebeb, 0x00ebebeb, 0x00ebebeb, 0x00ebebeb, 0x00ebebeb, 0x00ebebeb, 0xffebebeb, 0x00ebebeb, 0x00ebebeb, 0x00ebebeb,
  0x00ebebeb, 0xffebebeb, 0xffebebeb, 0xffebebeb, 0xffebebeb, 0xffebebeb, 0xffebebeb, 0xffebebeb, 0xffebebeb, 0xffebebeb, 0xffebebeb, 0xffebebeb,
  0x00ebebeb, 0xffebebeb, 0x00ebebeb, 0xffebebeb, 0x00ebebeb, 0xffebebeb, 0x00ebebeb, 0xffebebeb, 0xffebebeb, 0x00ebebeb, 0x00ebebeb, 0x00ebebeb,
  0x00ebebeb, 0xffebebeb, 0xffebebeb, 0xffebebeb, 0x00ebebeb, 0x00ebebeb, 0xffebebeb, 0xffebebeb, 0xffebebeb, 0xffebebeb, 0xffebebeb, 0x00ebebeb,
  0x00ebebeb, 0xffebebeb, 0xffebebeb, 0xffebebeb, 0x00ebebeb, 0x00ebebeb, 0xffebebeb, 0xffebebeb, 0x00ebebeb, 0x00ebebeb, 0xffebebeb, 0x00ebebeb,
  0x00ebebeb, 0xffebebeb, 0x00ebebeb, 0xffebebeb, 0xffebebeb, 0xffebebeb, 0x00ebebeb, 0xffebebeb, 0xffebebeb, 0xffebebeb, 0xffebebeb, 0x00ebebeb,
  0x00ebebeb, 0xffebebeb, 0x00ebebeb, 0xffebebeb, 0x00ebebeb, 0xffebebeb, 0x00ebebeb, 0xffebebeb, 0x00ebebeb, 0x00ebebeb, 0xffebebeb, 0x00ebebeb,
  0x00ebebeb, 0xffebebeb, 0x00ebebeb, 0xffebebeb, 0x00ebebeb, 0xffebebeb, 0x00ebebeb, 0xffebebeb, 0xffebebeb, 0xffebebeb, 0xffebebeb, 0x00ebebeb,
  0x00ebebeb, 0xffebebeb, 0x00ebebeb, 0xffebebeb, 0x00ebebeb, 0xffebebeb, 0x00ebebeb, 0xffebebeb, 0x00ebebeb, 0x00ebebeb, 0xffebebeb, 0x00ebebeb,
  0x00ebebeb, 0xffebebeb, 0xffebebeb, 0xffebebeb, 0x00ebebeb, 0xffebebeb, 0x00ebebeb, 0xffebebeb, 0x00ebebeb, 0xffebebeb, 0xffebebeb, 0x00ebebeb,
  0x00ebebeb, 0xffebebeb, 0x00ebebeb, 0x00ebebeb, 0xffebebeb, 0xffebebeb, 0xffebebeb, 0x00ebebeb, 0x00ebebeb, 0x00ebebeb, 0x00ebebeb, 0x00ebebeb,
  0x00ebebeb, 0xffebebeb, 0x00ebebeb, 0x00ebebeb, 0xffebebeb, 0x00ebebeb, 0x00ebebeb, 0xffebebeb, 0xffebebeb, 0xffebebeb, 0xffebebeb, 0xffebebeb,
  0x00ebebeb, 0xffebebeb, 0xffebebeb, 0xffebebeb, 0xffebebeb, 0xffebebeb, 0xffebebeb, 0xffebebeb, 0xffebebeb, 0xffebebeb, 0x00ebebeb, 0x00ebebeb,
  0x00ebebeb, 0xffebebeb, 0x00ebebeb, 0xffebebeb, 0xffebebeb, 0xffebebeb, 0x00ebebeb, 0x00ebebeb, 0xffebebeb, 0xffebebeb, 0x00ebebeb, 0x00ebebeb,
  0x00ebebeb, 0xffebebeb, 0x00ebebeb, 0xffebebeb, 0x00ebebeb, 0xffebebeb, 0xffebebeb, 0xffebebeb, 0xffebebeb, 0xffebebeb, 0xffebebeb, 0x00ebebeb,
  0x00ebebeb, 0xffebebeb, 0xffebebeb, 0xffebebeb, 0x00ebebeb, 0x00ebebeb, 0x00ebebeb, 0x00ebebeb, 0x00ebebeb, 0x00ebebeb, 0xffebebeb, 0x00ebebeb,
  0x00ebebeb, 0xffebebeb, 0x00ebebeb, 0xffebebeb, 0x00ebebeb, 0xffebebeb, 0xffebebeb, 0xffebebeb, 0xffebebeb, 0xffebebeb, 0xffebebeb, 0x00ebebeb,
  0x00ebebeb, 0xffebebeb, 0x00ebebeb, 0xffebebeb, 0x00ebebeb, 0x00ebebeb, 0x00ebebeb, 0x00ebebeb, 0x00ebebeb, 0x00ebebeb, 0xffebebeb, 0x00ebebeb,
  0x00ebebeb, 0xffebebeb, 0x00ebebeb, 0xffebebeb, 0xffebebeb, 0xffebebeb, 0xffebebeb, 0xffebebeb, 0xffebebeb, 0xffebebeb, 0xffebebeb, 0x00ebebeb,
  0x00ebebeb, 0xffebebeb, 0xffebebeb, 0xffebebeb, 0x00ebebeb, 0x00ebebeb, 0x00ebebeb, 0xffebebeb, 0x00ebebeb, 0x00ebebeb, 0x00ebebeb, 0x00ebebeb,
  0x00ebebeb, 0xffebebeb, 0x00ebebeb, 0x00ebebeb, 0xffebebeb, 0xffebebeb, 0xffebebeb, 0x00ebebeb, 0xffebebeb, 0x00ebebeb, 0xffebebeb, 0x00ebebeb,
  0x00ebebeb, 0xffebebeb, 0x00ebebeb, 0x00ebebeb, 0xffebebeb, 0x00ebebeb, 0xffebebeb, 0x00ebebeb, 0x00ebebeb, 0xffebebeb, 0xffebebeb, 0x00ebebeb,
  0x00ebebeb, 0xffebebeb, 0x00ebebeb, 0x00ebebeb, 0xffebebeb, 0x00ebebeb, 0xffebebeb, 0xffebebeb, 0xffebebeb, 0xffebebeb, 0x00ebebeb, 0x00ebebeb,
  0x00ebebeb, 0x00ebebeb, 0x00ebebeb, 0x00ebebeb, 0x00ebebeb, 0x00ebebeb, 0x00ebebeb, 0x00ebebeb, 0x00ebebeb, 0x00ebebeb, 0x00ebebeb, 0x00ebebeb,
  0x00ebebeb, 0x00ebebeb, 0x00ebebeb, 0x00ebebeb, 0x00ebebeb, 0xffebebeb, 0xffebebeb, 0x00ebebeb, 0x00ebebeb, 0x00ebebeb, 0x00ebebeb, 0x00ebebeb,
  0x00ebebeb, 0xffebebeb, 0xffebebeb, 0xffebebeb, 0xffebebeb, 0xffebebeb, 0xffebebeb, 0xffebebeb, 0xffebebeb, 0xffebebeb, 0xffebebeb, 0x00ebebeb,
  0x00ebebeb, 0x00ebebeb, 0x00ebebeb, 0xffebebeb, 0xffebebeb, 0x00ebebeb, 0x00ebebeb, 0xffebebeb, 0xffebebeb, 0x00ebebeb, 0x00ebebeb, 0x00ebebeb,
  0x00ebebeb, 0x00ebebeb, 0x00ebebeb, 0xffebebeb, 0xffebebeb, 0x00ebebeb, 0x00ebebeb, 0xffebebeb, 0xffebebeb, 0x00ebebeb, 0x00ebebeb, 0x00ebebeb,
  0x00ebebeb, 0xffebebeb, 0xffebebeb, 0xffebebeb, 0xffebebeb, 0xffebebeb, 0xffebebeb, 0xffebebeb, 0xffebebeb, 0xffebebeb, 0xffebebeb, 0x00ebebeb,
  0x00ebebeb, 0x00ebebeb, 0x00ebebeb, 0x00ebebeb, 0x00ebebeb, 0x00ebebeb, 0x00ebebeb, 0x00ebebeb, 0x00ebebeb, 0x00ebebeb, 0x00ebebeb, 0x00ebebeb,
  0x00ebebeb, 0x00ebebeb, 0xffebebeb, 0xffebebeb, 0xffebebeb, 0xffebebeb, 0xffebebeb, 0xffebebeb, 0xffebebeb, 0xffebebeb, 0x00ebebeb, 0x00ebebeb,
  0x00ebebeb, 0x00ebebeb, 0xffebebeb, 0xffebebeb, 0x00ebebeb, 0x00ebebeb, 0x00ebebeb, 0x00ebebeb, 0xffebebeb, 0xffebebeb, 0x00ebebeb, 0x00ebebeb,
  0x00ebebeb, 0x00ebebeb, 0xffebebeb, 0xffebebeb, 0xffebebeb, 0xffebebeb, 0xffebebeb, 0xffebebeb, 0xffebebeb, 0xffebebeb, 0x00ebebeb, 0x00ebebeb,
  0x00ebebeb, 0x00ebebeb, 0xffebebeb, 0xffebebeb, 0x00ebebeb, 0x00ebebeb, 0x00ebebeb, 0x00ebebeb, 0xffebebeb, 0xffebebeb, 0x00ebebeb, 0x00ebebeb,
  0x00ebebeb, 0x00ebebeb, 0xffebebeb, 0xffebebeb, 0x00ebebeb, 0x00ebebeb, 0x00ebebeb, 0x00ebebeb, 0xffebebeb, 0xffebebeb, 0x00ebebeb, 0x00ebebeb,
  0x00ebebeb, 0x00ebebeb, 0xffebebeb, 0xffebebeb, 0xffebebeb, 0xffebebeb, 0xffebebeb, 0xffebebeb, 0xffebebeb, 0xffebebeb, 0x00ebebeb, 0x00ebebeb,
  0x00ebebeb, 0x00ebebeb, 0xffebebeb, 0xffebebeb, 0xffebebeb, 0xffebebeb, 0xffebebeb, 0xffebebeb, 0xffebebeb, 0xffebebeb, 0x00ebebeb, 0x00ebebeb,
  0x00ebebeb, 0x00ebebeb, 0xffebebeb, 0x00ebebeb, 0x00ebebeb, 0x00ebebeb, 0x00ebebeb, 0x00ebebeb, 0x00ebebeb, 0xffebebeb, 0x00ebebeb, 0x00ebebeb,
  0x00ebebeb, 0x00ebebeb, 0xffebebeb, 0x00ebebeb, 0xffebebeb, 0x00ebebeb, 0x00ebebeb, 0xffebebeb, 0x00ebebeb, 0xffebebeb, 0x00ebebeb, 0x00ebebeb,
  0x00ebebeb, 0x00ebebeb, 0xffebebeb, 0x00ebebeb, 0xffebebeb, 0x00ebebeb, 0xffebebeb, 0xffebebeb, 0x00ebebeb, 0xffebebeb, 0x00ebebeb, 0x00ebebeb,
  0x00ebebeb, 0x00ebebeb, 0xffebebeb, 0x00ebebeb, 0xffebebeb, 0xffebebeb, 0xffebebeb, 0x00ebebeb, 0x00ebebeb, 0xffebebeb, 0x00ebebeb, 0x00ebebeb,
  0x00ebebeb, 0x00ebebeb, 0xffebebeb, 0x00ebebeb, 0x00ebebeb, 0xffebebeb, 0xffebebeb, 0x00ebebeb, 0x00ebebeb, 0xffebebeb, 0x00ebebeb, 0x00ebebeb,
  0x00ebebeb, 0x00ebebeb, 0xffebebeb, 0x00ebebeb, 0x00ebebeb, 0xffebebeb, 0xffebebeb, 0xffebebeb, 0x00ebebeb, 0xffebebeb, 0x00ebebeb, 0x00ebebeb,
  0x00ebebeb, 0xffebebeb, 0xffebebeb, 0x00ebebeb, 0xffebebeb, 0xffebebeb, 0xffebebeb, 0xffebebeb, 0x00ebebeb, 0xffebebeb, 0x00ebebeb, 0x00ebebeb,
  0x00ebebeb, 0xffebebeb, 0xffebebeb, 0xffebebeb, 0xffebebeb, 0x00ebebeb, 0x00ebebeb, 0xffebebeb, 0xffebebeb, 0xffebebeb, 0x00ebebeb, 0xffebebeb,
  0x00ebebeb, 0xffebebeb, 0x00ebebeb, 0x00ebebeb, 0x00ebebeb, 0x00ebebeb, 0x00ebebeb, 0x00ebebeb, 0x00ebebeb, 0xffebebeb, 0xffebebeb, 0xffebebeb,
  0x00ebebeb, 0xffebebeb, 0x00ebebeb, 0x00ebebeb, 0x00ebebeb, 0x00ebebeb, 0x00ebebeb, 0x00ebebeb, 0x00ebebeb, 0x00ebebeb, 0xffebebeb, 0x00ebebeb,
  0x00ebebeb, 0x00ebebeb, 0x00ebebeb, 0x00ebebeb, 0x00ebebeb, 0x00ebebeb, 0x00ebebeb, 0x00ebebeb, 0x00ebebeb, 0x00ebebeb, 0x00ebebeb, 0x00ebebeb,
  0x00ebebeb, 0x00ebebeb, 0x00ebebeb, 0x00ebebeb, 0x00ebebeb, 0xffebebeb, 0xffebebeb, 0x00ebebeb, 0x00ebebeb, 0x00ebebeb, 0x00ebebeb, 0x00ebebeb,
  0x00ebebeb, 0xffebebeb, 0xffebebeb, 0xffebebeb, 0xffebebeb, 0xffebebeb, 0xffebebeb, 0xffebebeb, 0xffebebeb, 0xffebebeb, 0xffebebeb, 0x00ebebeb,
  0x00ebebeb, 0x00ebebeb, 0x00ebebeb, 0x00ebebeb, 0x00ebebeb, 0x00ebebeb, 0x00ebebeb, 0x00ebebeb, 0x00ebebeb, 0x00ebebeb, 0x00ebebeb, 0x00ebebeb,
  0x00ebebeb, 0x00ebebeb, 0x00ebebeb, 0xffebebeb, 0xffebebeb, 0xffebebeb, 0xffebebeb, 0xffebebeb, 0xffebebeb, 0x00ebebeb, 0x00ebebeb, 0x00ebebeb,
  0x00ebebeb, 0x00ebebeb, 0x00ebebeb, 0xffebebeb, 0x00ebebeb, 0x00ebebeb, 0x00ebebeb, 0x00ebebeb, 0xffebebeb, 0x00ebebeb, 0x00ebebeb, 0x00ebebeb,
  0x00ebebeb, 0x00ebebeb, 0x00ebebeb, 0xffebebeb, 0xffebebeb, 0xffebebeb, 0xffebebeb, 0xffebebeb, 0xffebebeb, 0x00ebebeb, 0x00ebebeb, 0x00ebebeb,
  0x00ebebeb, 0xffebebeb, 0xffebebeb, 0xffebebeb, 0xffebebeb, 0xffebebeb, 0xffebebeb, 0xffebebeb, 0xffebebeb, 0xffebebeb, 0xffebebeb, 0x00ebebeb,
  0x00ebebeb, 0xffebebeb, 0xffebebeb, 0x00ebebeb, 0x00ebebeb, 0x00ebebeb, 0x00ebebeb, 0x00ebebeb, 0x00ebebeb, 0xffebebeb, 0xffebebeb, 0x00ebebeb,
  0x00ebebeb, 0xffebebeb, 0xffebebeb, 0x00ebebeb, 0xffebebeb, 0xffebebeb, 0xffebebeb, 0xffebebeb, 0x00ebebeb, 0xffebebeb, 0xffebebeb, 0x00ebebeb,
  0x00ebebeb, 0xffebebeb, 0xffebebeb, 0x00ebebeb, 0xffebebeb, 0x00ebebeb, 0x00ebebeb, 0xffebebeb, 0x00ebebeb, 0xffebebeb, 0xffebebeb, 0x00ebebeb,
  0x00ebebeb, 0xffebebeb, 0xffebebeb, 0x00ebebeb, 0xffebebeb, 0xffebebeb, 0xffebebeb, 0xffebebeb, 0xffebebeb, 0xffebebeb, 0xffebebeb, 0x00ebebeb,
  0x00ebebeb, 0xffebebeb, 0xffebebeb, 0x00ebebeb, 0xffebebeb, 0x00ebebeb, 0x00ebebeb, 0x00ebebeb, 0xffebebeb, 0xffebebeb, 0xffebebeb, 0x00ebebeb,
  0x00ebebeb, 0x00ebebeb, 0xffebebeb, 0x00ebebeb, 0x00ebebeb, 0xffebebeb, 0xffebebeb, 0x00ebebeb, 0xffebebeb, 0xffebebeb, 0x00ebebeb, 0x00ebebeb,
  0x00ebebeb, 0x00ebebeb, 0xffebebeb, 0xffebebeb, 0xffebebeb, 0xffebebeb, 0xffebebeb, 0xffebebeb, 0xffebebeb, 0xffebebeb, 0x00ebebeb, 0x00ebebeb,
  0x00ebebeb, 0x00ebebeb, 0xffebebeb, 0x00ebebeb, 0xffebebeb, 0xffebebeb, 0xffebebeb, 0xffebebeb, 0x00ebebeb, 0xffebebeb, 0x00ebebeb, 0x00ebebeb,
  0x00ebebeb, 0x00ebebeb, 0xffebebeb, 0xffebebeb, 0xffebebeb, 0xffebebeb, 0xffebebeb, 0xffebebeb, 0xffebebeb, 0xffebebeb, 0x00ebebeb, 0x00ebebeb,
  0x00ebebeb, 0x00ebebeb, 0x00ebebeb, 0x00ebebeb, 0x00ebebeb, 0xffebebeb, 0xffebebeb, 0x00ebebeb, 0x00ebebeb, 0x00ebebeb, 0x00ebebeb, 0x00ebebeb,
  0x00ebebeb, 0x00ebebeb, 0xffebebeb, 0xffebebeb, 0xffebebeb, 0xffebebeb, 0xffebebeb, 0xffebebeb, 0xffebebeb, 0xffebebeb, 0x00ebebeb, 0x00ebebeb,
  0x00ebebeb, 0x00ebebeb, 0x00ebebeb, 0x00ebebeb, 0x00ebebeb, 0xffebebeb, 0xffebebeb, 0x00ebebeb, 0x00ebebeb, 0x00ebebeb, 0x00ebebeb, 0x00ebebeb,
  0x00ebebeb, 0xffebebeb, 0xffebebeb, 0xffebebeb, 0xffebebeb, 0xffebebeb, 0xffebebeb, 0xffebebeb, 0xffebebeb, 0xffebebeb, 0xffebebeb, 0x00ebebeb,
  0x00ebebeb, 0xffebebeb, 0xffebebeb, 0x00ebebeb, 0xffebebeb, 0x00ebebeb, 0x00ebebeb, 0xffebebeb, 0x00ebebeb, 0xffebebeb, 0x00ebebeb, 0x00ebebeb,
  0x00ebebeb, 0xffebebeb, 0xffebebeb, 0x00ebebeb, 0xffebebeb, 0x00ebebeb, 0x00ebebeb, 0xffebebeb, 0x00ebebeb, 0xffebebeb, 0xffebebeb, 0x00ebebeb,
  0x00ebebeb, 0xffebebeb, 0x00ebebeb, 0x00ebebeb, 0xffebebeb, 0x00ebebeb, 0x00ebebeb, 0xffebebeb, 0x00ebebeb, 0x00ebebeb, 0xffebebeb, 0x00ebebeb,
  0x00ebebeb, 0x00ebebeb, 0x00ebebeb, 0x00ebebeb, 0x00ebebeb, 0x00ebebeb, 0x00ebebeb, 0x00ebebeb, 0x00ebebeb, 0x00ebebeb, 0x00ebebeb, 0x00ebebeb,
};
